id,isdeleted,name,currencyisocode,setupownerid,createddate,createdbyid,lastmodifieddate,lastmodifiedbyid,systemmodstamp,lastvieweddate,lastreferenceddate,allowaccess__c,country__c,storefront__c,
a8MG00000008PZRMA2,false,BE,USD,00DG0000000hBllMAE,2016-06-16 00:38:14,005G0000007ZLpxIAG,2016-06-16 00:38:14,005G0000007ZLpxIAG,2016-06-16 00:38:14,,,true,Belgium,DefaultStore,
a8MG00000008PZSMA2,false,BZ,USD,00DG0000000hBllMAE,2016-06-16 00:38:14,005G0000007ZLpxIAG,2016-06-16 00:38:14,005G0000007ZLpxIAG,2016-06-16 00:38:14,,,true,Belize,DefaultStore,
a8MG00000008PZTMA2,false,BJ,USD,00DG0000000hBllMAE,2016-06-16 00:38:14,005G0000007ZLpxIAG,2016-06-16 00:38:14,005G0000007ZLpxIAG,2016-06-16 00:38:14,,,true,Benin,DefaultStore,
a8MG00000008PZUMA2,false,BM,USD,00DG0000000hBllMAE,2016-06-16 00:38:14,005G0000007ZLpxIAG,2016-06-16 00:38:14,005G0000007ZLpxIAG,2016-06-16 00:38:14,,,true,Bermuda,DefaultStore,
a8MG00000008PZVMA2,false,BT,USD,00DG0000000hBllMAE,2016-06-16 00:38:14,005G0000007ZLpxIAG,2016-06-16 00:38:14,005G0000007ZLpxIAG,2016-06-16 00:38:14,,,true,Bhutan,DefaultStore,
a8MG00000008PZWMA2,false,BO,USD,00DG0000000hBllMAE,2016-06-16 00:38:14,005G0000007ZLpxIAG,2016-06-16 00:38:14,005G0000007ZLpxIAG,2016-06-16 00:38:14,,,true,"Bolivia, Plurinational State Of",DefaultStore,
a8MG00000008PZXMA2,false,BQ,USD,00DG0000000hBllMAE,2016-06-16 00:38:14,005G0000007ZLpxIAG,2016-06-16 00:38:14,005G0000007ZLpxIAG,2016-06-16 00:38:14,,,true,"Bonaire, Sint Eustatius And Saba",DefaultStore,
a8MG00000008PZYMA2,false,BA,USD,00DG0000000hBllMAE,2016-06-16 00:38:14,005G0000007ZLpxIAG,2016-06-16 00:38:14,005G0000007ZLpxIAG,2016-06-16 00:38:14,,,true,Bosnia And Herzegovina,DefaultStore,
a8MG00000008PZZMA2,false,BW,USD,00DG0000000hBllMAE,2016-06-16 00:38:14,005G0000007ZLpxIAG,2016-06-16 00:38:14,005G0000007ZLpxIAG,2016-06-16 00:38:14,,,true,Botswana,DefaultStore,
a8MG00000008PZaMAM,false,BV,USD,00DG0000000hBllMAE,2016-06-16 00:38:14,005G0000007ZLpxIAG,2016-06-16 00:38:14,005G0000007ZLpxIAG,2016-06-16 00:38:14,,,true,Bouvet Island,DefaultStore,
a8MG00000008Pa8MAE,false,EC,USD,00DG0000000hBllMAE,2016-06-16 00:38:14,005G0000007ZLpxIAG,2016-06-16 00:38:14,005G0000007ZLpxIAG,2016-06-16 00:38:14,,,true,Ecuador,DefaultStore,
a8MG00000008Pa9MAE,false,EG,USD,00DG0000000hBllMAE,2016-06-16 00:38:14,005G0000007ZLpxIAG,2016-06-16 00:38:14,005G0000007ZLpxIAG,2016-06-16 00:38:14,,,true,Egypt,DefaultStore,
a8MG00000008PaAMAU,false,SV,USD,00DG0000000hBllMAE,2016-06-16 00:38:14,005G0000007ZLpxIAG,2016-06-16 00:38:14,005G0000007ZLpxIAG,2016-06-16 00:38:14,,,true,El Salvador,DefaultStore,
a8MG00000008PaBMAU,false,GQ,USD,00DG0000000hBllMAE,2016-06-16 00:38:14,005G0000007ZLpxIAG,2016-06-16 00:38:14,005G0000007ZLpxIAG,2016-06-16 00:38:14,,,true,Equatorial Guinea,DefaultStore,
a8MG00000008PaCMAU,false,ER,USD,00DG0000000hBllMAE,2016-06-16 00:38:14,005G0000007ZLpxIAG,2016-06-16 00:38:14,005G0000007ZLpxIAG,2016-06-16 00:38:14,,,true,Eritrea,DefaultStore,
a8MG00000008PaDMAU,false,EE,USD,00DG0000000hBllMAE,2016-06-16 00:38:14,005G0000007ZLpxIAG,2016-06-16 00:38:14,005G0000007ZLpxIAG,2016-06-16 00:38:14,,,true,Estonia,DefaultStore,
a8MG00000008PaEMAU,false,ET,USD,00DG0000000hBllMAE,2016-06-16 00:38:14,005G0000007ZLpxIAG,2016-06-16 00:38:14,005G0000007ZLpxIAG,2016-06-16 00:38:14,,,true,Ethiopia,DefaultStore,
a8MG00000008PaFMAU,false,FK,USD,00DG0000000hBllMAE,2016-06-16 00:38:14,005G0000007ZLpxIAG,2016-06-16 00:38:14,005G0000007ZLpxIAG,2016-06-16 00:38:14,,,true,Falkland Islands (Malvinas),DefaultStore,
a8MG00000008PaGMAU,false,FO,USD,00DG0000000hBllMAE,2016-06-16 00:38:14,005G0000007ZLpxIAG,2016-06-16 00:38:14,005G0000007ZLpxIAG,2016-06-16 00:38:14,,,true,Faroe Islands,DefaultStore,
a8MG00000008PbUMAU,false,ME,USD,00DG0000000hBllMAE,2016-06-16 00:38:14,005G0000007ZLpxIAG,2016-06-16 00:38:14,005G0000007ZLpxIAG,2016-06-16 00:38:14,,,true,Montenegro,DefaultStore,
a8MG00000008PbVMAU,false,MS,USD,00DG0000000hBllMAE,2016-06-16 00:38:14,005G0000007ZLpxIAG,2016-06-16 00:38:14,005G0000007ZLpxIAG,2016-06-16 00:38:14,,,true,Montserrat,DefaultStore,
a8MG00000008PbWMAU,false,MA,USD,00DG0000000hBllMAE,2016-06-16 00:38:14,005G0000007ZLpxIAG,2016-06-16 00:38:14,005G0000007ZLpxIAG,2016-06-16 00:38:14,,,true,Morocco,DefaultStore,
a8MG00000008PbXMAU,false,MZ,USD,00DG0000000hBllMAE,2016-06-16 00:38:14,005G0000007ZLpxIAG,2016-06-16 00:38:14,005G0000007ZLpxIAG,2016-06-16 00:38:14,,,true,Mozambique,DefaultStore,
a8MG00000008PbYMAU,false,MM,USD,00DG0000000hBllMAE,2016-06-16 00:38:14,005G0000007ZLpxIAG,2016-06-16 00:38:14,005G0000007ZLpxIAG,2016-06-16 00:38:14,,,true,Myanmar,DefaultStore,
a8MG00000008PcVMAU,false,SR,USD,00DG0000000hBllMAE,2016-06-16 00:38:15,005G0000007ZLpxIAG,2016-06-16 00:38:15,005G0000007ZLpxIAG,2016-06-16 00:38:15,,,true,Suriname,DefaultStore,
a8MG00000008PcWMAU,false,SJ,USD,00DG0000000hBllMAE,2016-06-16 00:38:15,005G0000007ZLpxIAG,2016-06-16 00:38:15,005G0000007ZLpxIAG,2016-06-16 00:38:15,,,true,Svalbard And Jan Mayen,DefaultStore,
a8MG00000008PZbMAM,false,BR,USD,00DG0000000hBllMAE,2016-06-16 00:38:14,005G0000007ZLpxIAG,2016-06-16 00:38:14,005G0000007ZLpxIAG,2016-06-16 00:38:14,,,true,Brazil,DefaultStore,
a8MG00000008PZcMAM,false,IO,USD,00DG0000000hBllMAE,2016-06-16 00:38:14,005G0000007ZLpxIAG,2016-06-16 00:38:14,005G0000007ZLpxIAG,2016-06-16 00:38:14,,,true,British Indian Ocean Territory,DefaultStore,
a8MG00000008PZdMAM,false,BN,USD,00DG0000000hBllMAE,2016-06-16 00:38:14,005G0000007ZLpxIAG,2016-06-16 00:38:14,005G0000007ZLpxIAG,2016-06-16 00:38:14,,,true,Brunei Darussalam,DefaultStore,
a8MG00000008PZeMAM,false,BG,USD,00DG0000000hBllMAE,2016-06-16 00:38:14,005G0000007ZLpxIAG,2016-06-16 00:38:14,005G0000007ZLpxIAG,2016-06-16 00:38:14,,,true,Bulgaria,DefaultStore,
a8MG00000008PZfMAM,false,BF,USD,00DG0000000hBllMAE,2016-06-16 00:38:14,005G0000007ZLpxIAG,2016-06-16 00:38:14,005G0000007ZLpxIAG,2016-06-16 00:38:14,,,true,Burkina Faso,DefaultStore,
a8MG00000008PZgMAM,false,BI,USD,00DG0000000hBllMAE,2016-06-16 00:38:14,005G0000007ZLpxIAG,2016-06-16 00:38:14,005G0000007ZLpxIAG,2016-06-16 00:38:14,,,true,Burundi,DefaultStore,
a8MG00000008PZhMAM,false,KH,USD,00DG0000000hBllMAE,2016-06-16 00:38:14,005G0000007ZLpxIAG,2016-06-16 00:38:14,005G0000007ZLpxIAG,2016-06-16 00:38:14,,,true,Cambodia,DefaultStore,
a8MG00000008PaYMAU,false,GT,USD,00DG0000000hBllMAE,2016-06-16 00:38:14,005G0000007ZLpxIAG,2016-06-16 00:38:14,005G0000007ZLpxIAG,2016-06-16 00:38:14,,,true,Guatemala,DefaultStore,
a8MG00000008PaZMAU,false,GG,USD,00DG0000000hBllMAE,2016-06-16 00:38:14,005G0000007ZLpxIAG,2016-06-16 00:38:14,005G0000007ZLpxIAG,2016-06-16 00:38:14,,,true,Guernsey,DefaultStore,
a8MG00000008PaaMAE,false,GN,USD,00DG0000000hBllMAE,2016-06-16 00:38:14,005G0000007ZLpxIAG,2016-06-16 00:38:14,005G0000007ZLpxIAG,2016-06-16 00:38:14,,,true,Guinea,DefaultStore,
a8MG00000008PabMAE,false,GW,USD,00DG0000000hBllMAE,2016-06-16 00:38:14,005G0000007ZLpxIAG,2016-06-16 00:38:14,005G0000007ZLpxIAG,2016-06-16 00:38:14,,,true,Guinea-Bissau,DefaultStore,
a8MG00000008PacMAE,false,GY,USD,00DG0000000hBllMAE,2016-06-16 00:38:14,005G0000007ZLpxIAG,2016-06-16 00:38:14,005G0000007ZLpxIAG,2016-06-16 00:38:14,,,true,Guyana,DefaultStore,
a8MG00000008PadMAE,false,HT,USD,00DG0000000hBllMAE,2016-06-16 00:38:14,005G0000007ZLpxIAG,2016-06-16 00:38:14,005G0000007ZLpxIAG,2016-06-16 00:38:14,,,true,Haiti,DefaultStore,
a8MG00000008PaeMAE,false,HM,USD,00DG0000000hBllMAE,2016-06-16 00:38:14,005G0000007ZLpxIAG,2016-06-16 00:38:14,005G0000007ZLpxIAG,2016-06-16 00:38:14,,,true,Heard Island And Mcdonald Islands,DefaultStore,
a8MG00000008PafMAE,false,VA,USD,00DG0000000hBllMAE,2016-06-16 00:38:14,005G0000007ZLpxIAG,2016-06-16 00:38:14,005G0000007ZLpxIAG,2016-06-16 00:38:14,,,true,Holy See (Vatican City State),DefaultStore,
a8MG00000008PagMAE,false,HN,USD,00DG0000000hBllMAE,2016-06-16 00:38:14,005G0000007ZLpxIAG,2016-06-16 00:38:14,005G0000007ZLpxIAG,2016-06-16 00:38:14,,,true,Honduras,DefaultStore,
a8MG00000008PZiMAM,false,CM,USD,00DG0000000hBllMAE,2016-06-16 00:38:14,005G0000007ZLpxIAG,2016-06-16 00:38:14,005G0000007ZLpxIAG,2016-06-16 00:38:14,,,true,Cameroon,DefaultStore,
a8MG00000008PZjMAM,false,CA,USD,00DG0000000hBllMAE,2016-06-16 00:38:14,005G0000007ZLpxIAG,2016-06-16 00:38:14,005G0000007ZLpxIAG,2016-06-16 00:38:14,,,true,Canada,DefaultStore,
a8MG00000008PZkMAM,false,CV,USD,00DG0000000hBllMAE,2016-06-16 00:38:14,005G0000007ZLpxIAG,2016-06-16 00:38:14,005G0000007ZLpxIAG,2016-06-16 00:38:14,,,true,Cape Verde,DefaultStore,
a8MG00000008PZlMAM,false,KY,USD,00DG0000000hBllMAE,2016-06-16 00:38:14,005G0000007ZLpxIAG,2016-06-16 00:38:14,005G0000007ZLpxIAG,2016-06-16 00:38:14,,,true,Cayman Islands,DefaultStore,
a8MG00000008PZmMAM,false,CF,USD,00DG0000000hBllMAE,2016-06-16 00:38:14,005G0000007ZLpxIAG,2016-06-16 00:38:14,005G0000007ZLpxIAG,2016-06-16 00:38:14,,,true,Central African Republic,DefaultStore,
a8MG00000008PahMAE,false,HK,USD,00DG0000000hBllMAE,2016-06-16 00:38:14,005G0000007ZLpxIAG,2016-06-16 00:38:14,005G0000007ZLpxIAG,2016-06-16 00:38:14,,,true,Hong Kong,DefaultStore,
a8MG00000008PcXMAU,false,SZ,USD,00DG0000000hBllMAE,2016-06-16 00:38:15,005G0000007ZLpxIAG,2016-06-16 00:38:15,005G0000007ZLpxIAG,2016-06-16 00:38:15,,,true,Swaziland,DefaultStore,
a8MG00000008PcYMAU,false,SE,USD,00DG0000000hBllMAE,2016-06-16 00:38:15,005G0000007ZLpxIAG,2016-06-16 00:38:15,005G0000007ZLpxIAG,2016-06-16 00:38:15,,,true,Sweden,DefaultStore,
a8MG00000008PcZMAU,false,CH,USD,00DG0000000hBllMAE,2016-06-16 00:38:15,005G0000007ZLpxIAG,2016-06-16 00:38:15,005G0000007ZLpxIAG,2016-06-16 00:38:15,,,true,Switzerland,DefaultStore,
a8MG00000008PcaMAE,false,SY,USD,00DG0000000hBllMAE,2016-06-16 00:38:15,005G0000007ZLpxIAG,2016-06-16 00:38:15,005G0000007ZLpxIAG,2016-06-16 00:38:15,,,true,Syrian Arab Republic,DefaultStore,
a8MG00000008PZ6MAM,false,AF,USD,00DG0000000hBllMAE,2016-06-16 00:38:14,005G0000007ZLpxIAG,2016-06-16 00:38:14,005G0000007ZLpxIAG,2016-06-16 00:38:14,,,true,Afghanistan,DefaultStore,
a8MG00000008PZ7MAM,false,AX,USD,00DG0000000hBllMAE,2016-06-16 00:38:14,005G0000007ZLpxIAG,2016-06-16 00:38:14,005G0000007ZLpxIAG,2016-06-16 00:38:14,,,true,Aland Islands,DefaultStore,
a8MG00000008PZ8MAM,false,AL,USD,00DG0000000hBllMAE,2016-06-16 00:38:14,005G0000007ZLpxIAG,2016-06-16 00:38:14,005G0000007ZLpxIAG,2016-06-16 00:38:14,,,true,Albania,DefaultStore,
a8MG00000008PZ9MAM,false,DZ,USD,00DG0000000hBllMAE,2016-06-16 00:38:14,005G0000007ZLpxIAG,2016-06-16 00:38:14,005G0000007ZLpxIAG,2016-06-16 00:38:14,,,true,Algeria,DefaultStore,
a8MG00000008PZAMA2,false,AS,USD,00DG0000000hBllMAE,2016-06-16 00:38:14,005G0000007ZLpxIAG,2016-06-16 00:38:14,005G0000007ZLpxIAG,2016-06-16 00:38:14,,,true,American Samoa,DefaultStore,
a8MG00000008PaiMAE,false,HU,USD,00DG0000000hBllMAE,2016-06-16 00:38:14,005G0000007ZLpxIAG,2016-06-16 00:38:14,005G0000007ZLpxIAG,2016-06-16 00:38:14,,,true,Hungary,DefaultStore,
a8MG00000008PajMAE,false,IS,USD,00DG0000000hBllMAE,2016-06-16 00:38:14,005G0000007ZLpxIAG,2016-06-16 00:38:14,005G0000007ZLpxIAG,2016-06-16 00:38:14,,,true,Iceland,DefaultStore,
a8MG00000008PakMAE,false,IN,USD,00DG0000000hBllMAE,2016-06-16 00:38:14,005G0000007ZLpxIAG,2016-06-16 00:38:14,005G0000007ZLpxIAG,2016-06-16 00:38:14,,,true,India,DefaultStore,
a8MG00000008PalMAE,false,ID,USD,00DG0000000hBllMAE,2016-06-16 00:38:14,005G0000007ZLpxIAG,2016-06-16 00:38:14,005G0000007ZLpxIAG,2016-06-16 00:38:14,,,true,Indonesia,DefaultStore,
a8MG00000008PamMAE,false,IR,USD,00DG0000000hBllMAE,2016-06-16 00:38:14,005G0000007ZLpxIAG,2016-06-16 00:38:14,005G0000007ZLpxIAG,2016-06-16 00:38:14,,,true,"Iran, Islamic Republic Of",DefaultStore,
a8MG00000008PanMAE,false,IQ,USD,00DG0000000hBllMAE,2016-06-16 00:38:14,005G0000007ZLpxIAG,2016-06-16 00:38:14,005G0000007ZLpxIAG,2016-06-16 00:38:14,,,true,Iraq,DefaultStore,
a8MG00000008PaoMAE,false,IE,USD,00DG0000000hBllMAE,2016-06-16 00:38:14,005G0000007ZLpxIAG,2016-06-16 00:38:14,005G0000007ZLpxIAG,2016-06-16 00:38:14,,,true,Ireland,DefaultStore,
a8MG00000008PapMAE,false,IM,USD,00DG0000000hBllMAE,2016-06-16 00:38:14,005G0000007ZLpxIAG,2016-06-16 00:38:14,005G0000007ZLpxIAG,2016-06-16 00:38:14,,,true,Isle Of Man,DefaultStore,
a8MG00000008PcbMAE,false,TW,USD,00DG0000000hBllMAE,2016-06-16 00:38:15,005G0000007ZLpxIAG,2016-06-16 00:38:15,005G0000007ZLpxIAG,2016-06-16 00:38:15,,,true,"Taiwan, Province Of China",DefaultStore,
a8MG00000008PccMAE,false,TJ,USD,00DG0000000hBllMAE,2016-06-16 00:38:15,005G0000007ZLpxIAG,2016-06-16 00:38:15,005G0000007ZLpxIAG,2016-06-16 00:38:15,,,true,Tajikistan,DefaultStore,
a8MG00000008PcdMAE,false,TZ,USD,00DG0000000hBllMAE,2016-06-16 00:38:15,005G0000007ZLpxIAG,2016-06-16 00:38:15,005G0000007ZLpxIAG,2016-06-16 00:38:15,,,true,"Tanzania, United Republic Of",DefaultStore,
a8MG00000008PceMAE,false,TH,USD,00DG0000000hBllMAE,2016-06-16 00:38:15,005G0000007ZLpxIAG,2016-06-16 00:38:15,005G0000007ZLpxIAG,2016-06-16 00:38:15,,,true,Thailand,DefaultStore,
a8MG00000008PcfMAE,false,TL,USD,00DG0000000hBllMAE,2016-06-16 00:38:15,005G0000007ZLpxIAG,2016-06-16 00:38:15,005G0000007ZLpxIAG,2016-06-16 00:38:15,,,true,Timor-Leste,DefaultStore,
a8MG00000008PcgMAE,false,TG,USD,00DG0000000hBllMAE,2016-06-16 00:38:15,005G0000007ZLpxIAG,2016-06-16 00:38:15,005G0000007ZLpxIAG,2016-06-16 00:38:15,,,true,Togo,DefaultStore,
a8MG00000008PchMAE,false,TK,USD,00DG0000000hBllMAE,2016-06-16 00:38:15,005G0000007ZLpxIAG,2016-06-16 00:38:15,005G0000007ZLpxIAG,2016-06-16 00:38:15,,,true,Tokelau,DefaultStore,
a8MG00000008PciMAE,false,TO,USD,00DG0000000hBllMAE,2016-06-16 00:38:15,005G0000007ZLpxIAG,2016-06-16 00:38:15,005G0000007ZLpxIAG,2016-06-16 00:38:15,,,true,Tonga,DefaultStore,
a8MG00000008PcjMAE,false,TT,USD,00DG0000000hBllMAE,2016-06-16 00:38:15,005G0000007ZLpxIAG,2016-06-16 00:38:15,005G0000007ZLpxIAG,2016-06-16 00:38:15,,,true,Trinidad And Tobago,DefaultStore,
a8MG00000008PZBMA2,false,AD,USD,00DG0000000hBllMAE,2016-06-16 00:38:14,005G0000007ZLpxIAG,2016-06-16 00:38:14,005G0000007ZLpxIAG,2016-06-16 00:38:14,,,true,Andorra,DefaultStore,
a8MG00000008PZCMA2,false,AO,USD,00DG0000000hBllMAE,2016-06-16 00:38:14,005G0000007ZLpxIAG,2016-06-16 00:38:14,005G0000007ZLpxIAG,2016-06-16 00:38:14,,,true,Angola,DefaultStore,
a8MG00000008PZDMA2,false,AI,USD,00DG0000000hBllMAE,2016-06-16 00:38:14,005G0000007ZLpxIAG,2016-06-16 00:38:14,005G0000007ZLpxIAG,2016-06-16 00:38:14,,,true,Anguilla,DefaultStore,
a8MG00000008PZEMA2,false,AQ,USD,00DG0000000hBllMAE,2016-06-16 00:38:14,005G0000007ZLpxIAG,2016-06-16 00:38:14,005G0000007ZLpxIAG,2016-06-16 00:38:14,,,true,Antarctica,DefaultStore,
a8MG00000008PaqMAE,false,IL,USD,00DG0000000hBllMAE,2016-06-16 00:38:14,005G0000007ZLpxIAG,2016-06-16 00:38:14,005G0000007ZLpxIAG,2016-06-16 00:38:14,,,true,Israel,DefaultStore,
a8MG00000008ParMAE,false,IT,USD,00DG0000000hBllMAE,2016-06-16 00:38:14,005G0000007ZLpxIAG,2016-06-16 00:38:14,005G0000007ZLpxIAG,2016-06-16 00:38:14,,,true,Italy,DefaultStore,
a8MG00000008PasMAE,false,JM,USD,00DG0000000hBllMAE,2016-06-16 00:38:14,005G0000007ZLpxIAG,2016-06-16 00:38:14,005G0000007ZLpxIAG,2016-06-16 00:38:14,,,true,Jamaica,DefaultStore,
a8MG00000008PatMAE,false,JP,USD,00DG0000000hBllMAE,2016-06-16 00:38:14,005G0000007ZLpxIAG,2016-06-16 00:38:14,005G0000007ZLpxIAG,2016-06-16 00:38:14,,,true,Japan,DefaultStore,
a8MG00000008PauMAE,false,JE,USD,00DG0000000hBllMAE,2016-06-16 00:38:14,005G0000007ZLpxIAG,2016-06-16 00:38:14,005G0000007ZLpxIAG,2016-06-16 00:38:14,,,true,Jersey,DefaultStore,
a8MG00000008PavMAE,false,JO,USD,00DG0000000hBllMAE,2016-06-16 00:38:14,005G0000007ZLpxIAG,2016-06-16 00:38:14,005G0000007ZLpxIAG,2016-06-16 00:38:14,,,true,Jordan,DefaultStore,
a8MG00000008PawMAE,false,KZ,USD,00DG0000000hBllMAE,2016-06-16 00:38:14,005G0000007ZLpxIAG,2016-06-16 00:38:14,005G0000007ZLpxIAG,2016-06-16 00:38:14,,,true,Kazakhstan,DefaultStore,
a8MG00000008PaxMAE,false,KE,USD,00DG0000000hBllMAE,2016-06-16 00:38:14,005G0000007ZLpxIAG,2016-06-16 00:38:14,005G0000007ZLpxIAG,2016-06-16 00:38:14,,,true,Kenya,DefaultStore,
a8MG00000008PayMAE,false,KI,USD,00DG0000000hBllMAE,2016-06-16 00:38:14,005G0000007ZLpxIAG,2016-06-16 00:38:14,005G0000007ZLpxIAG,2016-06-16 00:38:14,,,true,Kiribati,DefaultStore,
a8MG00000008PazMAE,false,KP,USD,00DG0000000hBllMAE,2016-06-16 00:38:14,005G0000007ZLpxIAG,2016-06-16 00:38:14,005G0000007ZLpxIAG,2016-06-16 00:38:14,,,true,"Korea, Democratic People's Republic Of",DefaultStore,
a8MG00000008PckMAE,false,TN,USD,00DG0000000hBllMAE,2016-06-16 00:38:15,005G0000007ZLpxIAG,2016-06-16 00:38:15,005G0000007ZLpxIAG,2016-06-16 00:38:15,,,true,Tunisia,DefaultStore,
a8MG00000008PclMAE,false,TR,USD,00DG0000000hBllMAE,2016-06-16 00:38:15,005G0000007ZLpxIAG,2016-06-16 00:38:15,005G0000007ZLpxIAG,2016-06-16 00:38:15,,,true,Turkey,DefaultStore,
a8MG00000008PcmMAE,false,TM,USD,00DG0000000hBllMAE,2016-06-16 00:38:15,005G0000007ZLpxIAG,2016-06-16 00:38:15,005G0000007ZLpxIAG,2016-06-16 00:38:15,,,true,Turkmenistan,DefaultStore,
a8MG00000008PcnMAE,false,TC,USD,00DG0000000hBllMAE,2016-06-16 00:38:15,005G0000007ZLpxIAG,2016-06-16 00:38:15,005G0000007ZLpxIAG,2016-06-16 00:38:15,,,true,Turks And Caicos Islands,DefaultStore,
a8MG00000008PcoMAE,false,TV,USD,00DG0000000hBllMAE,2016-06-16 00:38:15,005G0000007ZLpxIAG,2016-06-16 00:38:15,005G0000007ZLpxIAG,2016-06-16 00:38:15,,,true,Tuvalu,DefaultStore,
a8MG00000008PcpMAE,false,UG,USD,00DG0000000hBllMAE,2016-06-16 00:38:15,005G0000007ZLpxIAG,2016-06-16 00:38:15,005G0000007ZLpxIAG,2016-06-16 00:38:15,,,true,Uganda,DefaultStore,
a8MG00000008PaHMAU,false,FJ,USD,00DG0000000hBllMAE,2016-06-16 00:38:14,005G0000007ZLpxIAG,2016-06-16 00:38:14,005G0000007ZLpxIAG,2016-06-16 00:38:14,,,true,Fiji,DefaultStore,
a8MG00000008PaIMAU,false,FI,USD,00DG0000000hBllMAE,2016-06-16 00:38:14,005G0000007ZLpxIAG,2016-06-16 00:38:14,005G0000007ZLpxIAG,2016-06-16 00:38:14,,,true,Finland,DefaultStore,
a8MG00000008PaJMAU,false,FR,USD,00DG0000000hBllMAE,2016-06-16 00:38:14,005G0000007ZLpxIAG,2016-06-16 00:38:14,005G0000007ZLpxIAG,2016-06-16 00:38:14,,,true,France,DefaultStore,
a8MG00000008PaKMAU,false,GF,USD,00DG0000000hBllMAE,2016-06-16 00:38:14,005G0000007ZLpxIAG,2016-06-16 00:38:14,005G0000007ZLpxIAG,2016-06-16 00:38:14,,,true,French Guiana,DefaultStore,
a8MG00000008PaLMAU,false,PF,USD,00DG0000000hBllMAE,2016-06-16 00:38:14,005G0000007ZLpxIAG,2016-06-16 00:38:14,005G0000007ZLpxIAG,2016-06-16 00:38:14,,,true,French Polynesia,DefaultStore,
a8MG00000008PaMMAU,false,TF,USD,00DG0000000hBllMAE,2016-06-16 00:38:14,005G0000007ZLpxIAG,2016-06-16 00:38:14,005G0000007ZLpxIAG,2016-06-16 00:38:14,,,true,French Southern Territories,DefaultStore,
a8MG00000008Pb1MAE,false,KW,USD,00DG0000000hBllMAE,2016-06-16 00:38:14,005G0000007ZLpxIAG,2016-06-16 00:38:14,005G0000007ZLpxIAG,2016-06-16 00:38:14,,,true,Kuwait,DefaultStore,
a8MG00000008Pb2MAE,false,KG,USD,00DG0000000hBllMAE,2016-06-16 00:38:14,005G0000007ZLpxIAG,2016-06-16 00:38:14,005G0000007ZLpxIAG,2016-06-16 00:38:14,,,true,Kyrgyzstan,DefaultStore,
a8MG00000008Pb0MAE,false,KR,USD,00DG0000000hBllMAE,2016-06-16 00:38:14,005G0000007ZLpxIAG,2016-06-16 00:38:14,005G0000007ZLpxIAG,2016-06-16 00:38:14,,,true,"Korea, Republic Of",DefaultStore,
a8MG00000008Pb3MAE,false,LA,USD,00DG0000000hBllMAE,2016-06-16 00:38:14,005G0000007ZLpxIAG,2016-06-16 00:38:14,005G0000007ZLpxIAG,2016-06-16 00:38:14,,,true,Lao People's Democratic Republic,DefaultStore,
a8MG00000008Pb4MAE,false,LV,USD,00DG0000000hBllMAE,2016-06-16 00:38:14,005G0000007ZLpxIAG,2016-06-16 00:38:14,005G0000007ZLpxIAG,2016-06-16 00:38:14,,,true,Latvia,DefaultStore,
a8MG00000008Pb5MAE,false,LB,USD,00DG0000000hBllMAE,2016-06-16 00:38:14,005G0000007ZLpxIAG,2016-06-16 00:38:14,005G0000007ZLpxIAG,2016-06-16 00:38:14,,,true,Lebanon,DefaultStore,
a8MG00000008Pb6MAE,false,LS,USD,00DG0000000hBllMAE,2016-06-16 00:38:14,005G0000007ZLpxIAG,2016-06-16 00:38:14,005G0000007ZLpxIAG,2016-06-16 00:38:14,,,true,Lesotho,DefaultStore,
a8MG00000008Pb7MAE,false,LR,USD,00DG0000000hBllMAE,2016-06-16 00:38:14,005G0000007ZLpxIAG,2016-06-16 00:38:14,005G0000007ZLpxIAG,2016-06-16 00:38:14,,,true,Liberia,DefaultStore,
a8MG00000008Pb8MAE,false,LY,USD,00DG0000000hBllMAE,2016-06-16 00:38:14,005G0000007ZLpxIAG,2016-06-16 00:38:14,005G0000007ZLpxIAG,2016-06-16 00:38:14,,,true,Libya,DefaultStore,
a8MG00000008PbZMAU,false,NA,USD,00DG0000000hBllMAE,2016-06-16 00:38:14,005G0000007ZLpxIAG,2016-06-16 00:38:14,005G0000007ZLpxIAG,2016-06-16 00:38:14,,,true,Namibia,DefaultStore,
a8MG00000008PbaMAE,false,NR,USD,00DG0000000hBllMAE,2016-06-16 00:38:14,005G0000007ZLpxIAG,2016-06-16 00:38:14,005G0000007ZLpxIAG,2016-06-16 00:38:14,,,true,Nauru,DefaultStore,
a8MG00000008PbbMAE,false,NP,USD,00DG0000000hBllMAE,2016-06-16 00:38:14,005G0000007ZLpxIAG,2016-06-16 00:38:14,005G0000007ZLpxIAG,2016-06-16 00:38:14,,,true,Nepal,DefaultStore,
a8MG00000008PbcMAE,false,NL,USD,00DG0000000hBllMAE,2016-06-16 00:38:14,005G0000007ZLpxIAG,2016-06-16 00:38:14,005G0000007ZLpxIAG,2016-06-16 00:38:14,,,true,Netherlands,DefaultStore,
a8MG00000008PbdMAE,false,NC,USD,00DG0000000hBllMAE,2016-06-16 00:38:14,005G0000007ZLpxIAG,2016-06-16 00:38:14,005G0000007ZLpxIAG,2016-06-16 00:38:14,,,true,New Caledonia,DefaultStore,
a8MG00000008PbeMAE,false,NZ,USD,00DG0000000hBllMAE,2016-06-16 00:38:14,005G0000007ZLpxIAG,2016-06-16 00:38:14,005G0000007ZLpxIAG,2016-06-16 00:38:14,,,true,New Zealand,DefaultStore,
a8MG00000008PbfMAE,false,NI,USD,00DG0000000hBllMAE,2016-06-16 00:38:14,005G0000007ZLpxIAG,2016-06-16 00:38:14,005G0000007ZLpxIAG,2016-06-16 00:38:14,,,true,Nicaragua,DefaultStore,
a8MG00000008PcqMAE,false,UA,USD,00DG0000000hBllMAE,2016-06-16 00:38:15,005G0000007ZLpxIAG,2016-06-16 00:38:15,005G0000007ZLpxIAG,2016-06-16 00:38:15,,,true,Ukraine,DefaultStore,
a8MG00000008PcrMAE,false,AE,USD,00DG0000000hBllMAE,2016-06-16 00:38:15,005G0000007ZLpxIAG,2016-06-16 00:38:15,005G0000007ZLpxIAG,2016-06-16 00:38:15,,,true,United Arab Emirates,DefaultStore,
a8MG00000008PcsMAE,false,GB,USD,00DG0000000hBllMAE,2016-06-16 00:38:15,005G0000007ZLpxIAG,2016-06-16 00:38:15,005G0000007ZLpxIAG,2016-06-16 00:38:15,,,true,United Kingdom,DefaultStore,
a8MG00000008PctMAE,false,US,USD,00DG0000000hBllMAE,2016-06-16 00:38:15,005G0000007ZLpxIAG,2016-06-16 00:38:15,005G0000007ZLpxIAG,2016-06-16 00:38:15,,,true,United States,DefaultStore,
a8MG00000008PcuMAE,false,UM,USD,00DG0000000hBllMAE,2016-06-16 00:38:15,005G0000007ZLpxIAG,2016-06-16 00:38:15,005G0000007ZLpxIAG,2016-06-16 00:38:15,,,true,United States Minor Outlying Islands,DefaultStore,
a8MG00000008PcvMAE,false,UY,USD,00DG0000000hBllMAE,2016-06-16 00:38:15,005G0000007ZLpxIAG,2016-06-16 00:38:15,005G0000007ZLpxIAG,2016-06-16 00:38:15,,,true,Uruguay,DefaultStore,
a8MG00000008PcwMAE,false,UZ,USD,00DG0000000hBllMAE,2016-06-16 00:38:15,005G0000007ZLpxIAG,2016-06-16 00:38:15,005G0000007ZLpxIAG,2016-06-16 00:38:15,,,true,Uzbekistan,DefaultStore,
a8MG00000008PcxMAE,false,VU,USD,00DG0000000hBllMAE,2016-06-16 00:38:15,005G0000007ZLpxIAG,2016-06-16 00:38:15,005G0000007ZLpxIAG,2016-06-16 00:38:15,,,true,Vanuatu,DefaultStore,
a8MG00000008PaNMAU,false,GA,USD,00DG0000000hBllMAE,2016-06-16 00:38:14,005G0000007ZLpxIAG,2016-06-16 00:38:14,005G0000007ZLpxIAG,2016-06-16 00:38:14,,,true,Gabon,DefaultStore,
a8MG00000008PaOMAU,false,GM,USD,00DG0000000hBllMAE,2016-06-16 00:38:14,005G0000007ZLpxIAG,2016-06-16 00:38:14,005G0000007ZLpxIAG,2016-06-16 00:38:14,,,true,Gambia,DefaultStore,
a8MG00000008PaPMAU,false,GE,USD,00DG0000000hBllMAE,2016-06-16 00:38:14,005G0000007ZLpxIAG,2016-06-16 00:38:14,005G0000007ZLpxIAG,2016-06-16 00:38:14,,,true,Georgia,DefaultStore,
a8MG00000008Pb9MAE,false,LI,USD,00DG0000000hBllMAE,2016-06-16 00:38:14,005G0000007ZLpxIAG,2016-06-16 00:38:14,005G0000007ZLpxIAG,2016-06-16 00:38:14,,,true,Liechtenstein,DefaultStore,
a8MG00000008PbAMAU,false,LT,USD,00DG0000000hBllMAE,2016-06-16 00:38:14,005G0000007ZLpxIAG,2016-06-16 00:38:14,005G0000007ZLpxIAG,2016-06-16 00:38:14,,,true,Lithuania,DefaultStore,
a8MG00000008PbBMAU,false,LU,USD,00DG0000000hBllMAE,2016-06-16 00:38:14,005G0000007ZLpxIAG,2016-06-16 00:38:14,005G0000007ZLpxIAG,2016-06-16 00:38:14,,,true,Luxembourg,DefaultStore,
a8MG00000008PbCMAU,false,MO,USD,00DG0000000hBllMAE,2016-06-16 00:38:14,005G0000007ZLpxIAG,2016-06-16 00:38:14,005G0000007ZLpxIAG,2016-06-16 00:38:14,,,true,Macao,DefaultStore,
a8MG00000008PbDMAU,false,MK,USD,00DG0000000hBllMAE,2016-06-16 00:38:14,005G0000007ZLpxIAG,2016-06-16 00:38:14,005G0000007ZLpxIAG,2016-06-16 00:38:14,,,true,"Macedonia, The Former Yugoslav Republic Of",DefaultStore,
a8MG00000008PbEMAU,false,MG,USD,00DG0000000hBllMAE,2016-06-16 00:38:14,005G0000007ZLpxIAG,2016-06-16 00:38:14,005G0000007ZLpxIAG,2016-06-16 00:38:14,,,true,Madagascar,DefaultStore,
a8MG00000008PbgMAE,false,NE,USD,00DG0000000hBllMAE,2016-06-16 00:38:14,005G0000007ZLpxIAG,2016-06-16 00:38:14,005G0000007ZLpxIAG,2016-06-16 00:38:14,,,true,Niger,DefaultStore,
a8MG00000008PbhMAE,false,NG,USD,00DG0000000hBllMAE,2016-06-16 00:38:14,005G0000007ZLpxIAG,2016-06-16 00:38:14,005G0000007ZLpxIAG,2016-06-16 00:38:14,,,true,Nigeria,DefaultStore,
a8MG00000008PbiMAE,false,NU,USD,00DG0000000hBllMAE,2016-06-16 00:38:14,005G0000007ZLpxIAG,2016-06-16 00:38:14,005G0000007ZLpxIAG,2016-06-16 00:38:14,,,true,Niue,DefaultStore,
a8MG00000008PbjMAE,false,NF,USD,00DG0000000hBllMAE,2016-06-16 00:38:14,005G0000007ZLpxIAG,2016-06-16 00:38:14,005G0000007ZLpxIAG,2016-06-16 00:38:14,,,true,Norfolk Island,DefaultStore,
a8MG00000008PbkMAE,false,MP,USD,00DG0000000hBllMAE,2016-06-16 00:38:14,005G0000007ZLpxIAG,2016-06-16 00:38:14,005G0000007ZLpxIAG,2016-06-16 00:38:14,,,true,Northern Mariana Islands,DefaultStore,
a8MG00000008PblMAE,false,NO,USD,00DG0000000hBllMAE,2016-06-16 00:38:14,005G0000007ZLpxIAG,2016-06-16 00:38:14,005G0000007ZLpxIAG,2016-06-16 00:38:14,,,true,Norway,DefaultStore,
a8MG00000008PbmMAE,false,OM,USD,00DG0000000hBllMAE,2016-06-16 00:38:14,005G0000007ZLpxIAG,2016-06-16 00:38:14,005G0000007ZLpxIAG,2016-06-16 00:38:14,,,true,Oman,DefaultStore,
a8MG00000008PbnMAE,false,PK,USD,00DG0000000hBllMAE,2016-06-16 00:38:14,005G0000007ZLpxIAG,2016-06-16 00:38:14,005G0000007ZLpxIAG,2016-06-16 00:38:14,,,true,Pakistan,DefaultStore,
a8MG00000008PcyMAE,false,VE,USD,00DG0000000hBllMAE,2016-06-16 00:38:15,005G0000007ZLpxIAG,2016-06-16 00:38:15,005G0000007ZLpxIAG,2016-06-16 00:38:15,,,true,"Venezuela, Bolivarian Republic Of",DefaultStore,
a8MG00000008PczMAE,false,VN,USD,00DG0000000hBllMAE,2016-06-16 00:38:15,005G0000007ZLpxIAG,2016-06-16 00:38:15,005G0000007ZLpxIAG,2016-06-16 00:38:15,,,true,Viet Nam,DefaultStore,
a8MG00000008Pd0MAE,false,VG,USD,00DG0000000hBllMAE,2016-06-16 00:38:15,005G0000007ZLpxIAG,2016-06-16 00:38:15,005G0000007ZLpxIAG,2016-06-16 00:38:15,,,true,"Virgin Islands, British",DefaultStore,
a8MG00000008Pd1MAE,false,VI,USD,00DG0000000hBllMAE,2016-06-16 00:38:15,005G0000007ZLpxIAG,2016-06-16 00:38:15,005G0000007ZLpxIAG,2016-06-16 00:38:15,,,true,"Virgin Islands, U.s.",DefaultStore,
a8MG00000008Pd2MAE,false,WF,USD,00DG0000000hBllMAE,2016-06-16 00:38:15,005G0000007ZLpxIAG,2016-06-16 00:38:15,005G0000007ZLpxIAG,2016-06-16 00:38:15,,,true,Wallis And Futuna,DefaultStore,
a8MG00000008Pd3MAE,false,EH,USD,00DG0000000hBllMAE,2016-06-16 00:38:15,005G0000007ZLpxIAG,2016-06-16 00:38:15,005G0000007ZLpxIAG,2016-06-16 00:38:15,,,true,Western Sahara,DefaultStore,
a8MG00000008Pd4MAE,false,YE,USD,00DG0000000hBllMAE,2016-06-16 00:38:15,005G0000007ZLpxIAG,2016-06-16 00:38:15,005G0000007ZLpxIAG,2016-06-16 00:38:15,,,true,Yemen,DefaultStore,
a8MG00000008PaQMAU,false,DE,USD,00DG0000000hBllMAE,2016-06-16 00:38:14,005G0000007ZLpxIAG,2016-06-16 00:38:14,005G0000007ZLpxIAG,2016-06-16 00:38:14,,,true,Germany,DefaultStore,
a8MG00000008PaRMAU,false,GH,USD,00DG0000000hBllMAE,2016-06-16 00:38:14,005G0000007ZLpxIAG,2016-06-16 00:38:14,005G0000007ZLpxIAG,2016-06-16 00:38:14,,,true,Ghana,DefaultStore,
a8MG00000008PaSMAU,false,GI,USD,00DG0000000hBllMAE,2016-06-16 00:38:14,005G0000007ZLpxIAG,2016-06-16 00:38:14,005G0000007ZLpxIAG,2016-06-16 00:38:14,,,true,Gibraltar,DefaultStore,
a8MG00000008PaTMAU,false,GR,USD,00DG0000000hBllMAE,2016-06-16 00:38:14,005G0000007ZLpxIAG,2016-06-16 00:38:14,005G0000007ZLpxIAG,2016-06-16 00:38:14,,,true,Greece,DefaultStore,
a8MG00000008PaUMAU,false,GL,USD,00DG0000000hBllMAE,2016-06-16 00:38:14,005G0000007ZLpxIAG,2016-06-16 00:38:14,005G0000007ZLpxIAG,2016-06-16 00:38:14,,,true,Greenland,DefaultStore,
a8MG00000008PaVMAU,false,GD,USD,00DG0000000hBllMAE,2016-06-16 00:38:14,005G0000007ZLpxIAG,2016-06-16 00:38:14,005G0000007ZLpxIAG,2016-06-16 00:38:14,,,true,Grenada,DefaultStore,
a8MG00000008PaWMAU,false,GP,USD,00DG0000000hBllMAE,2016-06-16 00:38:14,005G0000007ZLpxIAG,2016-06-16 00:38:14,005G0000007ZLpxIAG,2016-06-16 00:38:14,,,true,Guadeloupe,DefaultStore,
a8MG00000008PaXMAU,false,GU,USD,00DG0000000hBllMAE,2016-06-16 00:38:14,005G0000007ZLpxIAG,2016-06-16 00:38:14,005G0000007ZLpxIAG,2016-06-16 00:38:14,,,true,Guam,DefaultStore,
a8MG00000008PbFMAU,false,MW,USD,00DG0000000hBllMAE,2016-06-16 00:38:14,005G0000007ZLpxIAG,2016-06-16 00:38:14,005G0000007ZLpxIAG,2016-06-16 00:38:14,,,true,Malawi,DefaultStore,
a8MG00000008PbGMAU,false,MY,USD,00DG0000000hBllMAE,2016-06-16 00:38:14,005G0000007ZLpxIAG,2016-06-16 00:38:14,005G0000007ZLpxIAG,2016-06-16 00:38:14,,,true,Malaysia,DefaultStore,
a8MG00000008PbHMAU,false,MV,USD,00DG0000000hBllMAE,2016-06-16 00:38:14,005G0000007ZLpxIAG,2016-06-16 00:38:14,005G0000007ZLpxIAG,2016-06-16 00:38:14,,,true,Maldives,DefaultStore,
a8MG00000008PbIMAU,false,ML,USD,00DG0000000hBllMAE,2016-06-16 00:38:14,005G0000007ZLpxIAG,2016-06-16 00:38:14,005G0000007ZLpxIAG,2016-06-16 00:38:14,,,true,Mali,DefaultStore,
a8MG00000008PbJMAU,false,MT,USD,00DG0000000hBllMAE,2016-06-16 00:38:14,005G0000007ZLpxIAG,2016-06-16 00:38:14,005G0000007ZLpxIAG,2016-06-16 00:38:14,,,true,Malta,DefaultStore,
a8MG00000008PbKMAU,false,MH,USD,00DG0000000hBllMAE,2016-06-16 00:38:14,005G0000007ZLpxIAG,2016-06-16 00:38:14,005G0000007ZLpxIAG,2016-06-16 00:38:14,,,true,Marshall Islands,DefaultStore,
a8MG00000008PboMAE,false,PW,USD,00DG0000000hBllMAE,2016-06-16 00:38:14,005G0000007ZLpxIAG,2016-06-16 00:38:14,005G0000007ZLpxIAG,2016-06-16 00:38:14,,,true,Palau,DefaultStore,
a8MG00000008PbpMAE,false,PS,USD,00DG0000000hBllMAE,2016-06-16 00:38:14,005G0000007ZLpxIAG,2016-06-16 00:38:14,005G0000007ZLpxIAG,2016-06-16 00:38:14,,,true,"Palestinian Territory, Occupied",DefaultStore,
a8MG00000008PbqMAE,false,PA,USD,00DG0000000hBllMAE,2016-06-16 00:38:14,005G0000007ZLpxIAG,2016-06-16 00:38:14,005G0000007ZLpxIAG,2016-06-16 00:38:14,,,true,Panama,DefaultStore,
a8MG00000008PbrMAE,false,PG,USD,00DG0000000hBllMAE,2016-06-16 00:38:14,005G0000007ZLpxIAG,2016-06-16 00:38:14,005G0000007ZLpxIAG,2016-06-16 00:38:14,,,true,Papua New Guinea,DefaultStore,
a8MG00000008PbsMAE,false,PY,USD,00DG0000000hBllMAE,2016-06-16 00:38:14,005G0000007ZLpxIAG,2016-06-16 00:38:14,005G0000007ZLpxIAG,2016-06-16 00:38:14,,,true,Paraguay,DefaultStore,
a8MG00000008Pd5MAE,false,ZM,USD,00DG0000000hBllMAE,2016-06-16 00:38:15,005G0000007ZLpxIAG,2016-06-16 00:38:15,005G0000007ZLpxIAG,2016-06-16 00:38:15,,,true,Zambia,DefaultStore,
a8MG00000008Pd6MAE,false,ZW,USD,00DG0000000hBllMAE,2016-06-16 00:38:15,005G0000007ZLpxIAG,2016-06-16 00:38:15,005G0000007ZLpxIAG,2016-06-16 00:38:15,,,true,Zimbabwe,DefaultStore,
a8MG00000008PbLMAU,false,MQ,USD,00DG0000000hBllMAE,2016-06-16 00:38:14,005G0000007ZLpxIAG,2016-06-16 00:38:14,005G0000007ZLpxIAG,2016-06-16 00:38:14,,,true,Martinique,DefaultStore,
a8MG00000008PbMMAU,false,MR,USD,00DG0000000hBllMAE,2016-06-16 00:38:14,005G0000007ZLpxIAG,2016-06-16 00:38:14,005G0000007ZLpxIAG,2016-06-16 00:38:14,,,true,Mauritania,DefaultStore,
a8MG00000008PbNMAU,false,MU,USD,00DG0000000hBllMAE,2016-06-16 00:38:14,005G0000007ZLpxIAG,2016-06-16 00:38:14,005G0000007ZLpxIAG,2016-06-16 00:38:14,,,true,Mauritius,DefaultStore,
a8MG00000008PbOMAU,false,YT,USD,00DG0000000hBllMAE,2016-06-16 00:38:14,005G0000007ZLpxIAG,2016-06-16 00:38:14,005G0000007ZLpxIAG,2016-06-16 00:38:14,,,true,Mayotte,DefaultStore,
a8MG00000008PbPMAU,false,MX,USD,00DG0000000hBllMAE,2016-06-16 00:38:14,005G0000007ZLpxIAG,2016-06-16 00:38:14,005G0000007ZLpxIAG,2016-06-16 00:38:14,,,true,Mexico,DefaultStore,
a8MG00000008PbQMAU,false,FM,USD,00DG0000000hBllMAE,2016-06-16 00:38:14,005G0000007ZLpxIAG,2016-06-16 00:38:14,005G0000007ZLpxIAG,2016-06-16 00:38:14,,,true,"Micronesia, Federated States Of",DefaultStore,
a8MG00000008PbRMAU,false,MD,USD,00DG0000000hBllMAE,2016-06-16 00:38:14,005G0000007ZLpxIAG,2016-06-16 00:38:14,005G0000007ZLpxIAG,2016-06-16 00:38:14,,,true,"Moldova, Republic Of",DefaultStore,
a8MG00000008PbtMAE,false,PE,USD,00DG0000000hBllMAE,2016-06-16 00:38:14,005G0000007ZLpxIAG,2016-06-16 00:38:14,005G0000007ZLpxIAG,2016-06-16 00:38:14,,,true,Peru,DefaultStore,
a8MG00000008PbuMAE,false,PH,USD,00DG0000000hBllMAE,2016-06-16 00:38:14,005G0000007ZLpxIAG,2016-06-16 00:38:14,005G0000007ZLpxIAG,2016-06-16 00:38:14,,,true,Philippines,DefaultStore,
a8MG00000008PbvMAE,false,PN,USD,00DG0000000hBllMAE,2016-06-16 00:38:14,005G0000007ZLpxIAG,2016-06-16 00:38:14,005G0000007ZLpxIAG,2016-06-16 00:38:14,,,true,Pitcairn,DefaultStore,
a8MG00000008PbwMAE,false,PL,USD,00DG0000000hBllMAE,2016-06-16 00:38:14,005G0000007ZLpxIAG,2016-06-16 00:38:14,005G0000007ZLpxIAG,2016-06-16 00:38:14,,,true,Poland,DefaultStore,
a8MG00000008PbxMAE,false,PT,USD,00DG0000000hBllMAE,2016-06-16 00:38:14,005G0000007ZLpxIAG,2016-06-16 00:38:14,005G0000007ZLpxIAG,2016-06-16 00:38:14,,,true,Portugal,DefaultStore,
a8MG00000008PbyMAE,false,PR,USD,00DG0000000hBllMAE,2016-06-16 00:38:14,005G0000007ZLpxIAG,2016-06-16 00:38:14,005G0000007ZLpxIAG,2016-06-16 00:38:14,,,true,Puerto Rico,DefaultStore,
a8MG00000008PbzMAE,false,QA,USD,00DG0000000hBllMAE,2016-06-16 00:38:14,005G0000007ZLpxIAG,2016-06-16 00:38:14,005G0000007ZLpxIAG,2016-06-16 00:38:14,,,true,Qatar,DefaultStore,
a8MG00000008Pc0MAE,false,RE,USD,00DG0000000hBllMAE,2016-06-16 00:38:14,005G0000007ZLpxIAG,2016-06-16 00:38:14,005G0000007ZLpxIAG,2016-06-16 00:38:14,,,true,Runion,DefaultStore,
a8MG00000008Pc1MAE,false,RO,USD,00DG0000000hBllMAE,2016-06-16 00:38:14,005G0000007ZLpxIAG,2016-06-16 00:38:14,005G0000007ZLpxIAG,2016-06-16 00:38:14,,,true,Romania,DefaultStore,
a8MG00000008PbSMAU,false,MC,USD,00DG0000000hBllMAE,2016-06-16 00:38:14,005G0000007ZLpxIAG,2016-06-16 00:38:14,005G0000007ZLpxIAG,2016-06-16 00:38:14,,,true,Monaco,DefaultStore,
a8MG00000008PbTMAU,false,MN,USD,00DG0000000hBllMAE,2016-06-16 00:38:14,005G0000007ZLpxIAG,2016-06-16 00:38:14,005G0000007ZLpxIAG,2016-06-16 00:38:14,,,true,Mongolia,DefaultStore,
a8MG00000008Pc2MAE,false,RU,USD,00DG0000000hBllMAE,2016-06-16 00:38:14,005G0000007ZLpxIAG,2016-06-16 00:38:14,005G0000007ZLpxIAG,2016-06-16 00:38:14,,,true,Russian Federation,DefaultStore,
a8MG00000008Pc3MAE,false,RW,USD,00DG0000000hBllMAE,2016-06-16 00:38:14,005G0000007ZLpxIAG,2016-06-16 00:38:14,005G0000007ZLpxIAG,2016-06-16 00:38:14,,,true,Rwanda,DefaultStore,
a8MG00000008Pc4MAE,false,BL,USD,00DG0000000hBllMAE,2016-06-16 00:38:14,005G0000007ZLpxIAG,2016-06-16 00:38:14,005G0000007ZLpxIAG,2016-06-16 00:38:14,,,true,Saint Barthlemy,DefaultStore,
a8MG00000008Pc5MAE,false,SH,USD,00DG0000000hBllMAE,2016-06-16 00:38:14,005G0000007ZLpxIAG,2016-06-16 00:38:14,005G0000007ZLpxIAG,2016-06-16 00:38:14,,,true,"Saint Helena, Ascension And Tristan Da Cunha",DefaultStore,
a8MG00000008Pc6MAE,false,KN,USD,00DG0000000hBllMAE,2016-06-16 00:38:14,005G0000007ZLpxIAG,2016-06-16 00:38:14,005G0000007ZLpxIAG,2016-06-16 00:38:14,,,true,Saint Kitts And Nevis,DefaultStore,
a8MG00000008PZnMAM,false,TD,USD,00DG0000000hBllMAE,2016-06-16 00:38:14,005G0000007ZLpxIAG,2016-06-16 00:38:14,005G0000007ZLpxIAG,2016-06-16 00:38:14,,,true,Chad,DefaultStore,
a8MG00000008PZoMAM,false,CL,USD,00DG0000000hBllMAE,2016-06-16 00:38:14,005G0000007ZLpxIAG,2016-06-16 00:38:14,005G0000007ZLpxIAG,2016-06-16 00:38:14,,,true,Chile,DefaultStore,
a8MG00000008PZpMAM,false,CN,USD,00DG0000000hBllMAE,2016-06-16 00:38:14,005G0000007ZLpxIAG,2016-06-16 00:38:14,005G0000007ZLpxIAG,2016-06-16 00:38:14,,,true,China,DefaultStore,
a8MG00000008PZqMAM,false,CX,USD,00DG0000000hBllMAE,2016-06-16 00:38:14,005G0000007ZLpxIAG,2016-06-16 00:38:14,005G0000007ZLpxIAG,2016-06-16 00:38:14,,,true,Christmas Island,DefaultStore,
a8MG00000008Pc7MAE,false,LC,USD,00DG0000000hBllMAE,2016-06-16 00:38:14,005G0000007ZLpxIAG,2016-06-16 00:38:14,005G0000007ZLpxIAG,2016-06-16 00:38:14,,,true,Saint Lucia,DefaultStore,
a8MG00000008Pc8MAE,false,MF,USD,00DG0000000hBllMAE,2016-06-16 00:38:14,005G0000007ZLpxIAG,2016-06-16 00:38:14,005G0000007ZLpxIAG,2016-06-16 00:38:14,,,true,Saint Martin (French Part),DefaultStore,
a8MG00000008Pc9MAE,false,PM,USD,00DG0000000hBllMAE,2016-06-16 00:38:14,005G0000007ZLpxIAG,2016-06-16 00:38:14,005G0000007ZLpxIAG,2016-06-16 00:38:14,,,true,Saint Pierre And Miquelon,DefaultStore,
a8MG00000008PcAMAU,false,VC,USD,00DG0000000hBllMAE,2016-06-16 00:38:14,005G0000007ZLpxIAG,2016-06-16 00:38:14,005G0000007ZLpxIAG,2016-06-16 00:38:14,,,true,Saint Vincent And The Grenadines,DefaultStore,
a8MG00000008PcBMAU,false,WS,USD,00DG0000000hBllMAE,2016-06-16 00:38:14,005G0000007ZLpxIAG,2016-06-16 00:38:14,005G0000007ZLpxIAG,2016-06-16 00:38:14,,,true,Samoa,DefaultStore,
a8MG00000008PcCMAU,false,SM,USD,00DG0000000hBllMAE,2016-06-16 00:38:14,005G0000007ZLpxIAG,2016-06-16 00:38:14,005G0000007ZLpxIAG,2016-06-16 00:38:14,,,true,San Marino,DefaultStore,
a8MG00000008PcDMAU,false,ST,USD,00DG0000000hBllMAE,2016-06-16 00:38:14,005G0000007ZLpxIAG,2016-06-16 00:38:14,005G0000007ZLpxIAG,2016-06-16 00:38:14,,,true,Sao Tome And Principe,DefaultStore,
a8MG00000008PcEMAU,false,SA,USD,00DG0000000hBllMAE,2016-06-16 00:38:14,005G0000007ZLpxIAG,2016-06-16 00:38:14,005G0000007ZLpxIAG,2016-06-16 00:38:14,,,true,Saudi Arabia,DefaultStore,
a8MG00000008PcFMAU,false,SN,USD,00DG0000000hBllMAE,2016-06-16 00:38:14,005G0000007ZLpxIAG,2016-06-16 00:38:14,005G0000007ZLpxIAG,2016-06-16 00:38:14,,,true,Senegal,DefaultStore,
a8MG00000008PcGMAU,false,RS,USD,00DG0000000hBllMAE,2016-06-16 00:38:14,005G0000007ZLpxIAG,2016-06-16 00:38:14,005G0000007ZLpxIAG,2016-06-16 00:38:14,,,true,Serbia,DefaultStore,
a8MG00000008PZrMAM,false,CC,USD,00DG0000000hBllMAE,2016-06-16 00:38:14,005G0000007ZLpxIAG,2016-06-16 00:38:14,005G0000007ZLpxIAG,2016-06-16 00:38:14,,,true,Cocos (Keeling) Islands,DefaultStore,
a8MG00000008PZsMAM,false,CO,USD,00DG0000000hBllMAE,2016-06-16 00:38:14,005G0000007ZLpxIAG,2016-06-16 00:38:14,005G0000007ZLpxIAG,2016-06-16 00:38:14,,,true,Colombia,DefaultStore,
a8MG00000008PZtMAM,false,KM,USD,00DG0000000hBllMAE,2016-06-16 00:38:14,005G0000007ZLpxIAG,2016-06-16 00:38:14,005G0000007ZLpxIAG,2016-06-16 00:38:14,,,true,Comoros,DefaultStore,
a8MG00000008PZuMAM,false,CG,USD,00DG0000000hBllMAE,2016-06-16 00:38:14,005G0000007ZLpxIAG,2016-06-16 00:38:14,005G0000007ZLpxIAG,2016-06-16 00:38:14,,,true,Congo,DefaultStore,
a8MG00000008PZvMAM,false,CD,USD,00DG0000000hBllMAE,2016-06-16 00:38:14,005G0000007ZLpxIAG,2016-06-16 00:38:14,005G0000007ZLpxIAG,2016-06-16 00:38:14,,,true,"Congo, The Democratic Republic Of The",DefaultStore,
a8MG00000008PZwMAM,false,CK,USD,00DG0000000hBllMAE,2016-06-16 00:38:14,005G0000007ZLpxIAG,2016-06-16 00:38:14,005G0000007ZLpxIAG,2016-06-16 00:38:14,,,true,Cook Islands,DefaultStore,
a8MG00000008PZxMAM,false,CR,USD,00DG0000000hBllMAE,2016-06-16 00:38:14,005G0000007ZLpxIAG,2016-06-16 00:38:14,005G0000007ZLpxIAG,2016-06-16 00:38:14,,,true,Costa Rica,DefaultStore,
a8MG00000008PZyMAM,false,CI,USD,00DG0000000hBllMAE,2016-06-16 00:38:14,005G0000007ZLpxIAG,2016-06-16 00:38:14,005G0000007ZLpxIAG,2016-06-16 00:38:14,,,true,Cïte D'ivoire,DefaultStore,
a8MG00000008PZzMAM,false,HR,USD,00DG0000000hBllMAE,2016-06-16 00:38:14,005G0000007ZLpxIAG,2016-06-16 00:38:14,005G0000007ZLpxIAG,2016-06-16 00:38:14,,,true,Croatia,DefaultStore,
a8MG00000008PZFMA2,false,AG,USD,00DG0000000hBllMAE,2016-06-16 00:38:14,005G0000007ZLpxIAG,2016-06-16 00:38:14,005G0000007ZLpxIAG,2016-06-16 00:38:14,,,true,Antigua And Barbuda,DefaultStore,
a8MG00000008PZGMA2,false,AR,USD,00DG0000000hBllMAE,2016-06-16 00:38:14,005G0000007ZLpxIAG,2016-06-16 00:38:14,005G0000007ZLpxIAG,2016-06-16 00:38:14,,,true,Argentina,DefaultStore,
a8MG00000008PcHMAU,false,SC,USD,00DG0000000hBllMAE,2016-06-16 00:38:14,005G0000007ZLpxIAG,2016-06-16 00:38:14,005G0000007ZLpxIAG,2016-06-16 00:38:14,,,true,Seychelles,DefaultStore,
a8MG00000008PcIMAU,false,SL,USD,00DG0000000hBllMAE,2016-06-16 00:38:14,005G0000007ZLpxIAG,2016-06-16 00:38:14,005G0000007ZLpxIAG,2016-06-16 00:38:14,,,true,Sierra Leone,DefaultStore,
a8MG00000008PcJMAU,false,SG,USD,00DG0000000hBllMAE,2016-06-16 00:38:14,005G0000007ZLpxIAG,2016-06-16 00:38:14,005G0000007ZLpxIAG,2016-06-16 00:38:14,,,true,Singapore,DefaultStore,
a8MG00000008PcKMAU,false,SX,USD,00DG0000000hBllMAE,2016-06-16 00:38:15,005G0000007ZLpxIAG,2016-06-16 00:38:15,005G0000007ZLpxIAG,2016-06-16 00:38:15,,,true,Sint Maarten (Dutch Part),DefaultStore,
a8MG00000008PcLMAU,false,SK,USD,00DG0000000hBllMAE,2016-06-16 00:38:15,005G0000007ZLpxIAG,2016-06-16 00:38:15,005G0000007ZLpxIAG,2016-06-16 00:38:15,,,true,Slovakia,DefaultStore,
a8MG00000008PcMMAU,false,SI,USD,00DG0000000hBllMAE,2016-06-16 00:38:15,005G0000007ZLpxIAG,2016-06-16 00:38:15,005G0000007ZLpxIAG,2016-06-16 00:38:15,,,true,Slovenia,DefaultStore,
a8MG00000008PcNMAU,false,SB,USD,00DG0000000hBllMAE,2016-06-16 00:38:15,005G0000007ZLpxIAG,2016-06-16 00:38:15,005G0000007ZLpxIAG,2016-06-16 00:38:15,,,true,Solomon Islands,DefaultStore,
a8MG00000008PcOMAU,false,SO,USD,00DG0000000hBllMAE,2016-06-16 00:38:15,005G0000007ZLpxIAG,2016-06-16 00:38:15,005G0000007ZLpxIAG,2016-06-16 00:38:15,,,true,Somalia,DefaultStore,
a8MG00000008PcPMAU,false,ZA,USD,00DG0000000hBllMAE,2016-06-16 00:38:15,005G0000007ZLpxIAG,2016-06-16 00:38:15,005G0000007ZLpxIAG,2016-06-16 00:38:15,,,true,South Africa,DefaultStore,
a8MG00000008PcQMAU,false,GS,USD,00DG0000000hBllMAE,2016-06-16 00:38:15,005G0000007ZLpxIAG,2016-06-16 00:38:15,005G0000007ZLpxIAG,2016-06-16 00:38:15,,,true,South Georgia And The South Sandwich Islands,DefaultStore,
a8MG00000008PcRMAU,false,SS,USD,00DG0000000hBllMAE,2016-06-16 00:38:15,005G0000007ZLpxIAG,2016-06-16 00:38:15,005G0000007ZLpxIAG,2016-06-16 00:38:15,,,true,South Sudan,DefaultStore,
a8MG00000008PcSMAU,false,ES,USD,00DG0000000hBllMAE,2016-06-16 00:38:15,005G0000007ZLpxIAG,2016-06-16 00:38:15,005G0000007ZLpxIAG,2016-06-16 00:38:15,,,true,Spain,DefaultStore,
a8MG00000008PcTMAU,false,LK,USD,00DG0000000hBllMAE,2016-06-16 00:38:15,005G0000007ZLpxIAG,2016-06-16 00:38:15,005G0000007ZLpxIAG,2016-06-16 00:38:15,,,true,Sri Lanka,DefaultStore,
a8MG00000008PcUMAU,false,SD,USD,00DG0000000hBllMAE,2016-06-16 00:38:15,005G0000007ZLpxIAG,2016-06-16 00:38:15,005G0000007ZLpxIAG,2016-06-16 00:38:15,,,true,Sudan,DefaultStore,
a8MG00000008PZHMA2,false,AM,USD,00DG0000000hBllMAE,2016-06-16 00:38:14,005G0000007ZLpxIAG,2016-06-16 00:38:14,005G0000007ZLpxIAG,2016-06-16 00:38:14,,,true,Armenia,DefaultStore,
a8MG00000008PZIMA2,false,AW,USD,00DG0000000hBllMAE,2016-06-16 00:38:14,005G0000007ZLpxIAG,2016-06-16 00:38:14,005G0000007ZLpxIAG,2016-06-16 00:38:14,,,true,Aruba,DefaultStore,
a8MG00000008PZJMA2,false,AU,USD,00DG0000000hBllMAE,2016-06-16 00:38:14,005G0000007ZLpxIAG,2016-06-16 00:38:14,005G0000007ZLpxIAG,2016-06-16 00:38:14,,,true,Australia,DefaultStore,
a8MG00000008PZKMA2,false,AT,USD,00DG0000000hBllMAE,2016-06-16 00:38:14,005G0000007ZLpxIAG,2016-06-16 00:38:14,005G0000007ZLpxIAG,2016-06-16 00:38:14,,,true,Austria,DefaultStore,
a8MG00000008PZLMA2,false,AZ,USD,00DG0000000hBllMAE,2016-06-16 00:38:14,005G0000007ZLpxIAG,2016-06-16 00:38:14,005G0000007ZLpxIAG,2016-06-16 00:38:14,,,true,Azerbaijan,DefaultStore,
a8MG00000008PZMMA2,false,BS,USD,00DG0000000hBllMAE,2016-06-16 00:38:14,005G0000007ZLpxIAG,2016-06-16 00:38:14,005G0000007ZLpxIAG,2016-06-16 00:38:14,,,true,Bahamas,DefaultStore,
a8MG00000008PZNMA2,false,BH,USD,00DG0000000hBllMAE,2016-06-16 00:38:14,005G0000007ZLpxIAG,2016-06-16 00:38:14,005G0000007ZLpxIAG,2016-06-16 00:38:14,,,true,Bahrain,DefaultStore,
a8MG00000008PZOMA2,false,BD,USD,00DG0000000hBllMAE,2016-06-16 00:38:14,005G0000007ZLpxIAG,2016-06-16 00:38:14,005G0000007ZLpxIAG,2016-06-16 00:38:14,,,true,Bangladesh,DefaultStore,
a8MG00000008PZPMA2,false,BB,USD,00DG0000000hBllMAE,2016-06-16 00:38:14,005G0000007ZLpxIAG,2016-06-16 00:38:14,005G0000007ZLpxIAG,2016-06-16 00:38:14,,,true,Barbados,DefaultStore,
a8MG00000008PZQMA2,false,BY,USD,00DG0000000hBllMAE,2016-06-16 00:38:14,005G0000007ZLpxIAG,2016-06-16 00:38:14,005G0000007ZLpxIAG,2016-06-16 00:38:14,,,true,Belarus,DefaultStore,
a8MG00000008Pa0MAE,false,CU,USD,00DG0000000hBllMAE,2016-06-16 00:38:14,005G0000007ZLpxIAG,2016-06-16 00:38:14,005G0000007ZLpxIAG,2016-06-16 00:38:14,,,true,Cuba,DefaultStore,
a8MG00000008Pa1MAE,false,CW,USD,00DG0000000hBllMAE,2016-06-16 00:38:14,005G0000007ZLpxIAG,2016-06-16 00:38:14,005G0000007ZLpxIAG,2016-06-16 00:38:14,,,true,Curaao,DefaultStore,
a8MG00000008Pa2MAE,false,CY,USD,00DG0000000hBllMAE,2016-06-16 00:38:14,005G0000007ZLpxIAG,2016-06-16 00:38:14,005G0000007ZLpxIAG,2016-06-16 00:38:14,,,true,Cyprus,DefaultStore,
a8MG00000008Pa3MAE,false,CZ,USD,00DG0000000hBllMAE,2016-06-16 00:38:14,005G0000007ZLpxIAG,2016-06-16 00:38:14,005G0000007ZLpxIAG,2016-06-16 00:38:14,,,true,Czech Republic,DefaultStore,
a8MG00000008Pa4MAE,false,DK,USD,00DG0000000hBllMAE,2016-06-16 00:38:14,005G0000007ZLpxIAG,2016-06-16 00:38:14,005G0000007ZLpxIAG,2016-06-16 00:38:14,,,true,Denmark,DefaultStore,
a8MG00000008Pa5MAE,false,DJ,USD,00DG0000000hBllMAE,2016-06-16 00:38:14,005G0000007ZLpxIAG,2016-06-16 00:38:14,005G0000007ZLpxIAG,2016-06-16 00:38:14,,,true,Djibouti,DefaultStore,
a8MG00000008Pa6MAE,false,DM,USD,00DG0000000hBllMAE,2016-06-16 00:38:14,005G0000007ZLpxIAG,2016-06-16 00:38:14,005G0000007ZLpxIAG,2016-06-16 00:38:14,,,true,Dominica,DefaultStore,
a8MG00000008Pa7MAE,false,DO,USD,00DG0000000hBllMAE,2016-06-16 00:38:14,005G0000007ZLpxIAG,2016-06-16 00:38:14,005G0000007ZLpxIAG,2016-06-16 00:38:14,,,true,Dominican Republic,DefaultStore,
