id,isdeleted,name,currencyisocode,setupownerid,createddate,createdbyid,lastmodifieddate,lastmodifiedbyid,systemmodstamp,lastvieweddate,lastreferenceddate,currencysymbol__c,currency_name__c,displayformat__c,decimalpointchar__c,decimalpoints__c,storefront__c,thousandspointchar__c,default__c,
a8NG00000008PtEMAU,false,FKP,USD,00DG0000000hBllMAE,2016-06-16 00:38:17,005G0000007ZLpxIAG,2016-06-16 00:38:17,005G0000007ZLpxIAG,2016-06-16 00:38:17,,,163,Falkland Islands Pound,{0}{1},comma,2.0,DefaultStore,ws,false,
a8NG00000008PtFMAU,false,FRF,USD,00DG0000000hBllMAE,2016-06-16 00:38:17,005G0000007ZLpxIAG,2016-06-16 00:38:17,005G0000007ZLpxIAG,2016-06-16 00:38:17,,,8364,French franc,{1}{0},comma,2.0,DefaultStore,ws,false,
a8NG00000008PtGMAU,false,GBP,USD,00DG0000000hBllMAE,2016-06-16 00:38:17,005G0000007ZLpxIAG,2016-06-16 00:38:17,005G0000007ZLpxIAG,2016-06-16 00:38:17,,,163,British Pound,{0}{1},dot,2.0,DefaultStore,comma,false,
a8NG00000008PtHMAU,false,GEL,USD,00DG0000000hBllMAE,2016-06-16 00:38:17,005G0000007ZLpxIAG,2016-06-16 00:38:17,005G0000007ZLpxIAG,2016-06-16 00:38:17,,,163,Georgia Lari,{0}{1},comma,2.0,DefaultStore,ws,false,
a8NG00000008PtIMAU,false,GHS,USD,00DG0000000hBllMAE,2016-06-16 00:38:17,005G0000007ZLpxIAG,2016-06-16 00:38:17,005G0000007ZLpxIAG,2016-06-16 00:38:17,,,162,Ghanian Cedi,{0}{1},comma,2.0,DefaultStore,ws,false,
a8NG00000008PtJMAU,false,GIP,USD,00DG0000000hBllMAE,2016-06-16 00:38:17,005G0000007ZLpxIAG,2016-06-16 00:38:17,005G0000007ZLpxIAG,2016-06-16 00:38:17,,,163,Gibraltar Pound,{0}{1},dot,2.0,DefaultStore,comma,false,
a8NG00000008PtKMAU,false,GMD,USD,00DG0000000hBllMAE,2016-06-16 00:38:17,005G0000007ZLpxIAG,2016-06-16 00:38:17,005G0000007ZLpxIAG,2016-06-16 00:38:17,,,163,Gambian Dalasi,{0}{1},comma,2.0,DefaultStore,ws,false,
a8NG00000008PtLMAU,false,GNF,USD,00DG0000000hBllMAE,2016-06-16 00:38:17,005G0000007ZLpxIAG,2016-06-16 00:38:17,005G0000007ZLpxIAG,2016-06-16 00:38:17,,,163,Guinea Franc,{0}{1},comma,2.0,DefaultStore,ws,false,
a8NG00000008PtMMAU,false,GRD,USD,00DG0000000hBllMAE,2016-06-16 00:38:17,005G0000007ZLpxIAG,2016-06-16 00:38:17,005G0000007ZLpxIAG,2016-06-16 00:38:17,,,8364,Greek Drachma,{0}{1},comma,2.0,DefaultStore,dot,false,
a8NG00000008PuCMAU,false,NAD,USD,00DG0000000hBllMAE,2016-06-16 00:38:17,005G0000007ZLpxIAG,2016-06-16 00:38:17,005G0000007ZLpxIAG,2016-06-16 00:38:17,,,36,Namibian Dollar,{0}{1},dot,2.0,DefaultStore,comma,false,
a8NG00000008PuDMAU,false,NGN,USD,00DG0000000hBllMAE,2016-06-16 00:38:17,005G0000007ZLpxIAG,2016-06-16 00:38:17,005G0000007ZLpxIAG,2016-06-16 00:38:17,,,8358,Nigerian Naira,{0}{1},dot,2.0,DefaultStore,comma,false,
a8NG00000008PuEMAU,false,NIO,USD,00DG0000000hBllMAE,2016-06-16 00:38:17,005G0000007ZLpxIAG,2016-06-16 00:38:17,005G0000007ZLpxIAG,2016-06-16 00:38:17,,,"67, 36",Nicaragua Cordoba,{0}{1},dot,2.0,DefaultStore,comma,false,
a8NG00000008PuFMAU,false,NLG,USD,00DG0000000hBllMAE,2016-06-16 00:38:17,005G0000007ZLpxIAG,2016-06-16 00:38:17,005G0000007ZLpxIAG,2016-06-16 00:38:17,,,8364,Dutch guilder,{0}{1},dot,2.0,DefaultStore,comma,false,
a8NG00000008PuGMAU,false,NOK,USD,00DG0000000hBllMAE,2016-06-16 00:38:17,005G0000007ZLpxIAG,2016-06-16 00:38:17,005G0000007ZLpxIAG,2016-06-16 00:38:17,,,"107, 114",Norwegian Krone,{0}{1},comma,2.0,DefaultStore,dot,false,
a8NG00000008PuHMAU,false,NPR,USD,00DG0000000hBllMAE,2016-06-16 00:38:17,005G0000007ZLpxIAG,2016-06-16 00:38:17,005G0000007ZLpxIAG,2016-06-16 00:38:17,,,8360,Nepalese Rupee,{0}{1},dot,2.0,DefaultStore,comma,false,
a8NG00000008PuIMAU,false,NZD,USD,00DG0000000hBllMAE,2016-06-16 00:38:17,005G0000007ZLpxIAG,2016-06-16 00:38:17,005G0000007ZLpxIAG,2016-06-16 00:38:17,,,36,New Zealand Dollar,{0}{1},dot,2.0,DefaultStore,comma,false,
a8NG00000008PuJMAU,false,OMR,USD,00DG0000000hBllMAE,2016-06-16 00:38:17,005G0000007ZLpxIAG,2016-06-16 00:38:17,005G0000007ZLpxIAG,2016-06-16 00:38:17,,,65020,Omani Rial,{0}{1},dot,3.0,DefaultStore,comma,false,
a8NG00000008PuKMAU,false,PAB,USD,00DG0000000hBllMAE,2016-06-16 00:38:17,005G0000007ZLpxIAG,2016-06-16 00:38:17,005G0000007ZLpxIAG,2016-06-16 00:38:17,,,"66, 47, 46",Panama Balboa,{0}{1},comma,2.0,DefaultStore,ws,false,
a8NG00000008PuLMAU,false,PEN,USD,00DG0000000hBllMAE,2016-06-16 00:38:17,005G0000007ZLpxIAG,2016-06-16 00:38:17,005G0000007ZLpxIAG,2016-06-16 00:38:17,,,"83, 47, 46",Peruvian Nuevo Sol,{0}{1},dot,2.0,DefaultStore,comma,false,
a8NG00000008PtNMAU,false,GTQ,USD,00DG0000000hBllMAE,2016-06-16 00:38:17,005G0000007ZLpxIAG,2016-06-16 00:38:17,005G0000007ZLpxIAG,2016-06-16 00:38:17,,,81,Guatemala Quetzal,{0}{1},dot,2.0,DefaultStore,comma,false,
a8NG00000008PtOMAU,false,GYD,USD,00DG0000000hBllMAE,2016-06-16 00:38:17,005G0000007ZLpxIAG,2016-06-16 00:38:17,005G0000007ZLpxIAG,2016-06-16 00:38:17,,,36,Guyana Dollar,{0}{1},comma,2.0,DefaultStore,ws,false,
a8NG00000008PtPMAU,false,HKD,USD,00DG0000000hBllMAE,2016-06-16 00:38:17,005G0000007ZLpxIAG,2016-06-16 00:38:17,005G0000007ZLpxIAG,2016-06-16 00:38:17,,,36,Hong Kong Dollar,{0}{1},dot,2.0,DefaultStore,comma,false,
a8NG00000008PtQMAU,false,HNL,USD,00DG0000000hBllMAE,2016-06-16 00:38:17,005G0000007ZLpxIAG,2016-06-16 00:38:17,005G0000007ZLpxIAG,2016-06-16 00:38:17,,,76,Honduras Lempira,{0}{1},dot,2.0,DefaultStore,comma,false,
a8NG00000008PtRMAU,false,HRK,USD,00DG0000000hBllMAE,2016-06-16 00:38:17,005G0000007ZLpxIAG,2016-06-16 00:38:17,005G0000007ZLpxIAG,2016-06-16 00:38:17,,,"107, 110",Croatian Kuna,{0}{1},comma,2.0,DefaultStore,dot,false,
a8NG00000008PtSMAU,false,HTG,USD,00DG0000000hBllMAE,2016-06-16 00:38:17,005G0000007ZLpxIAG,2016-06-16 00:38:17,005G0000007ZLpxIAG,2016-06-16 00:38:17,,,"107, 110",Haiti Gourde,{0}{1},comma,2.0,DefaultStore,ws,false,
a8NG00000008PuMMAU,false,PGK,USD,00DG0000000hBllMAE,2016-06-16 00:38:17,005G0000007ZLpxIAG,2016-06-16 00:38:17,005G0000007ZLpxIAG,2016-06-16 00:38:17,,,"83, 47, 46",Papua New Guinea Kina,{0}{1},comma,2.0,DefaultStore,ws,false,
a8NG00000008PuNMAU,false,PHP,USD,00DG0000000hBllMAE,2016-06-16 00:38:17,005G0000007ZLpxIAG,2016-06-16 00:38:17,005G0000007ZLpxIAG,2016-06-16 00:38:17,,,8369,Philippine Peso,{0}{1},dot,2.0,DefaultStore,comma,false,
a8NG00000008PuOMAU,false,PKR,USD,00DG0000000hBllMAE,2016-06-16 00:38:17,005G0000007ZLpxIAG,2016-06-16 00:38:17,005G0000007ZLpxIAG,2016-06-16 00:38:17,,,8360,Pakistani Rupee,{0}{1},dot,2.0,DefaultStore,comma,false,
a8NG00000008PuPMAU,false,PLN,USD,00DG0000000hBllMAE,2016-06-16 00:38:17,005G0000007ZLpxIAG,2016-06-16 00:38:17,005G0000007ZLpxIAG,2016-06-16 00:38:17,,,"122, 322",Polish Zloty,{0}{1},comma,2.0,DefaultStore,ws,false,
a8NG00000008PuQMAU,false,PTE,USD,00DG0000000hBllMAE,2016-06-16 00:38:17,005G0000007ZLpxIAG,2016-06-16 00:38:17,005G0000007ZLpxIAG,2016-06-16 00:38:17,,,8364,Portuguese escudo,{1}{0},comma,2.0,DefaultStore,ws,false,
a8NG00000008PuRMAU,false,PYG,USD,00DG0000000hBllMAE,2016-06-16 00:38:17,005G0000007ZLpxIAG,2016-06-16 00:38:17,005G0000007ZLpxIAG,2016-06-16 00:38:17,,,"71, 115",Paraguayan Guarani,{0}{1},,0.0,DefaultStore,comma,false,
a8NG00000008PuSMAU,false,QAR,USD,00DG0000000hBllMAE,2016-06-16 00:38:17,005G0000007ZLpxIAG,2016-06-16 00:38:17,005G0000007ZLpxIAG,2016-06-16 00:38:17,,,65020,Qatar Rial,{0}{1},comma,2.0,DefaultStore,ws,false,
a8NG00000008PuTMAU,false,RON,USD,00DG0000000hBllMAE,2016-06-16 00:38:17,005G0000007ZLpxIAG,2016-06-16 00:38:17,005G0000007ZLpxIAG,2016-06-16 00:38:17,,,"108, 101, 105",Romanian Leu,{0}{1},comma,2.0,DefaultStore,dot,false,
a8NG00000008PuUMAU,false,RSD,USD,00DG0000000hBllMAE,2016-06-16 00:38:17,005G0000007ZLpxIAG,2016-06-16 00:38:17,005G0000007ZLpxIAG,2016-06-16 00:38:17,,,"1044, 1080, 1085, 46",Serbian Dinar,{0}{1},comma,2.0,DefaultStore,ws,false,
a8NG00000008PuVMAU,false,RUB,USD,00DG0000000hBllMAE,2016-06-16 00:38:17,005G0000007ZLpxIAG,2016-06-16 00:38:17,005G0000007ZLpxIAG,2016-06-16 00:38:17,,,"1088, 1091, 1073",Russian Rouble,{0}{1},comma,2.0,DefaultStore,dot,false,
a8NG00000008PuWMAU,false,RWF,USD,00DG0000000hBllMAE,2016-06-16 00:38:17,005G0000007ZLpxIAG,2016-06-16 00:38:17,005G0000007ZLpxIAG,2016-06-16 00:38:17,,,"1088, 1091, 1073",Rwanda Franc,{0}{1},,0.0,DefaultStore,comma,false,
a8NG00000008PuXMAU,false,SAR,USD,00DG0000000hBllMAE,2016-06-16 00:38:17,005G0000007ZLpxIAG,2016-06-16 00:38:17,005G0000007ZLpxIAG,2016-06-16 00:38:17,,,65020,Saudi Arabian Riyal,{0}{1},dot,2.0,DefaultStore,comma,false,
a8NG00000008PuYMAU,false,SBD,USD,00DG0000000hBllMAE,2016-06-16 00:38:17,005G0000007ZLpxIAG,2016-06-16 00:38:17,005G0000007ZLpxIAG,2016-06-16 00:38:17,,,36,Solomon Islands Dollar,{0}{1},comma,2.0,DefaultStore,ws,false,
a8NG00000008PuZMAU,false,SCR,USD,00DG0000000hBllMAE,2016-06-16 00:38:17,005G0000007ZLpxIAG,2016-06-16 00:38:17,005G0000007ZLpxIAG,2016-06-16 00:38:17,,,8360,Seychelles Rupee,{0}{1},comma,2.0,DefaultStore,ws,false,
a8NG00000008PuaMAE,false,SDG,USD,00DG0000000hBllMAE,2016-06-16 00:38:17,005G0000007ZLpxIAG,2016-06-16 00:38:17,005G0000007ZLpxIAG,2016-06-16 00:38:17,,,8360,Sudanese Pound,{0}{1},comma,2.0,DefaultStore,ws,false,
a8NG00000008PubMAE,false,SEK,USD,00DG0000000hBllMAE,2016-06-16 00:38:17,005G0000007ZLpxIAG,2016-06-16 00:38:17,005G0000007ZLpxIAG,2016-06-16 00:38:17,,,"107, 114",Swedish Krona,{0}{1},comma,2.0,DefaultStore,dot,false,
a8NG00000008PucMAE,false,SGD,USD,00DG0000000hBllMAE,2016-06-16 00:38:17,005G0000007ZLpxIAG,2016-06-16 00:38:17,005G0000007ZLpxIAG,2016-06-16 00:38:17,,,36,Singapore Dollar,{0}{1},dot,2.0,DefaultStore,comma,false,
a8NG00000008PudMAE,false,SHP,USD,00DG0000000hBllMAE,2016-06-16 00:38:17,005G0000007ZLpxIAG,2016-06-16 00:38:17,005G0000007ZLpxIAG,2016-06-16 00:38:17,,,163,St Helena Pound,{0}{1},comma,2.0,DefaultStore,ws,false,
a8NG00000008PueMAE,false,SLL,USD,00DG0000000hBllMAE,2016-06-16 00:38:17,005G0000007ZLpxIAG,2016-06-16 00:38:17,005G0000007ZLpxIAG,2016-06-16 00:38:17,,,163,Sierra Leone Leone,{0}{1},comma,2.0,DefaultStore,ws,false,
a8NG00000008PtTMAU,false,HUF,USD,00DG0000000hBllMAE,2016-06-16 00:38:17,005G0000007ZLpxIAG,2016-06-16 00:38:17,005G0000007ZLpxIAG,2016-06-16 00:38:17,,,"70, 116",Hungarian Forint,{0}{1},,0.0,DefaultStore,dot,false,
a8NG00000008PtUMAU,false,IDR,USD,00DG0000000hBllMAE,2016-06-16 00:38:17,005G0000007ZLpxIAG,2016-06-16 00:38:17,005G0000007ZLpxIAG,2016-06-16 00:38:17,,,"82, 112",Indonesian Rupiah,{0}{1},comma,2.0,DefaultStore,dot,false,
a8NG00000008PufMAE,false,SOS,USD,00DG0000000hBllMAE,2016-06-16 00:38:17,005G0000007ZLpxIAG,2016-06-16 00:38:17,005G0000007ZLpxIAG,2016-06-16 00:38:17,,,83,Somali Shilling,{0}{1},comma,2.0,DefaultStore,ws,false,
a8NG00000008PugMAE,false,SRD,USD,00DG0000000hBllMAE,2016-06-16 00:38:17,005G0000007ZLpxIAG,2016-06-16 00:38:17,005G0000007ZLpxIAG,2016-06-16 00:38:17,,,36,Surinam Dollar,{0}{1},comma,2.0,DefaultStore,ws,false,
a8NG00000008PuhMAE,false,STD,USD,00DG0000000hBllMAE,2016-06-16 00:38:17,005G0000007ZLpxIAG,2016-06-16 00:38:17,005G0000007ZLpxIAG,2016-06-16 00:38:17,,,36,Sao Tome Dobra,{0}{1},comma,2.0,DefaultStore,ws,false,
a8NG00000008PuiMAE,false,SYP,USD,00DG0000000hBllMAE,2016-06-16 00:38:17,005G0000007ZLpxIAG,2016-06-16 00:38:17,005G0000007ZLpxIAG,2016-06-16 00:38:17,,,163,Syrian Pound,{0}{1},comma,2.0,DefaultStore,ws,false,
a8NG00000008PujMAE,false,SZL,USD,00DG0000000hBllMAE,2016-06-16 00:38:17,005G0000007ZLpxIAG,2016-06-16 00:38:17,005G0000007ZLpxIAG,2016-06-16 00:38:17,,,163,Swaziland Lilageni,{0}{1},dot,2.0,DefaultStore,comma,false,
a8NG00000008PukMAE,false,THB,USD,00DG0000000hBllMAE,2016-06-16 00:38:17,005G0000007ZLpxIAG,2016-06-16 00:38:17,005G0000007ZLpxIAG,2016-06-16 00:38:17,,,3647,Thai Baht,{0}{1},dot,2.0,DefaultStore,comma,false,
a8NG00000008PulMAE,false,TJS,USD,00DG0000000hBllMAE,2016-06-16 00:38:17,005G0000007ZLpxIAG,2016-06-16 00:38:17,005G0000007ZLpxIAG,2016-06-16 00:38:17,,,3647,Tajik Ruble,{0}{1},,0.0,DefaultStore,comma,false,
a8NG00000008PumMAE,false,TMT,USD,00DG0000000hBllMAE,2016-06-16 00:38:17,005G0000007ZLpxIAG,2016-06-16 00:38:17,005G0000007ZLpxIAG,2016-06-16 00:38:17,,,3647,Turkmenistan Manat,{0}{1},comma,2.0,DefaultStore,ws,false,
a8NG00000008PunMAE,false,TND,USD,00DG0000000hBllMAE,2016-06-16 00:38:17,005G0000007ZLpxIAG,2016-06-16 00:38:17,005G0000007ZLpxIAG,2016-06-16 00:38:17,,,3647,Tunisian Dinar,{0}{1},dot,3.0,DefaultStore,comma,false,
a8NG00000008PuoMAE,false,TOP,USD,00DG0000000hBllMAE,2016-06-16 00:38:17,005G0000007ZLpxIAG,2016-06-16 00:38:17,005G0000007ZLpxIAG,2016-06-16 00:38:17,,,3647,Tonga Pa'anga,{0}{1},dot,2.0,DefaultStore,comma,false,
a8NG00000008PtVMAU,false,IEP,USD,00DG0000000hBllMAE,2016-06-16 00:38:17,005G0000007ZLpxIAG,2016-06-16 00:38:17,005G0000007ZLpxIAG,2016-06-16 00:38:17,,,8364,Irish Pound,{0}{1},dot,2.0,DefaultStore,comma,false,
a8NG00000008PtWMAU,false,ILS,USD,00DG0000000hBllMAE,2016-06-16 00:38:17,005G0000007ZLpxIAG,2016-06-16 00:38:17,005G0000007ZLpxIAG,2016-06-16 00:38:17,,,8362,Israeli Shekel,{0}{1},dot,2.0,DefaultStore,comma,false,
a8NG00000008PtXMAU,false,INR,USD,00DG0000000hBllMAE,2016-06-16 00:38:17,005G0000007ZLpxIAG,2016-06-16 00:38:17,005G0000007ZLpxIAG,2016-06-16 00:38:17,,,36,Indian Rupee,{0}{1},dot,2.0,DefaultStore,comma,false,
a8NG00000008PtYMAU,false,IQD,USD,00DG0000000hBllMAE,2016-06-16 00:38:17,005G0000007ZLpxIAG,2016-06-16 00:38:17,005G0000007ZLpxIAG,2016-06-16 00:38:17,,,36,Iraqi Dinar,{0}{1},dot,3.0,DefaultStore,comma,false,
a8NG00000008PtZMAU,false,IRR,USD,00DG0000000hBllMAE,2016-06-16 00:38:17,005G0000007ZLpxIAG,2016-06-16 00:38:17,005G0000007ZLpxIAG,2016-06-16 00:38:17,,,65020,Iranian Rial,{0}{1},dot,2.0,DefaultStore,comma,false,
a8NG00000008PupMAE,false,TRY,USD,00DG0000000hBllMAE,2016-06-16 00:38:17,005G0000007ZLpxIAG,2016-06-16 00:38:17,005G0000007ZLpxIAG,2016-06-16 00:38:17,,,36,Turkish Lira,{0}{1},dot,2.0,DefaultStore,comma,false,
a8NG00000008PuqMAE,false,TTD,USD,00DG0000000hBllMAE,2016-06-16 00:38:17,005G0000007ZLpxIAG,2016-06-16 00:38:17,005G0000007ZLpxIAG,2016-06-16 00:38:17,,,"84, 84, 36",Trinidad and Tobago Dollar,{0}{1},comma,2.0,DefaultStore,ws,false,
a8NG00000008PurMAE,false,TWD,USD,00DG0000000hBllMAE,2016-06-16 00:38:17,005G0000007ZLpxIAG,2016-06-16 00:38:17,005G0000007ZLpxIAG,2016-06-16 00:38:17,,,"78, 84, 36",Taiwan Dollar,{0}{1},comma,2.0,DefaultStore,ws,false,
a8NG00000008PusMAE,false,TZS,USD,00DG0000000hBllMAE,2016-06-16 00:38:17,005G0000007ZLpxIAG,2016-06-16 00:38:17,005G0000007ZLpxIAG,2016-06-16 00:38:17,,,"78, 84, 36",Tanzanian Shilling,{0}{1},dot,2.0,DefaultStore,comma,false,
a8NG00000008PutMAE,false,UAH,USD,00DG0000000hBllMAE,2016-06-16 00:38:17,005G0000007ZLpxIAG,2016-06-16 00:38:17,005G0000007ZLpxIAG,2016-06-16 00:38:17,,,8372,Ukraine Hryvnia,{0}{1},comma,2.0,DefaultStore,ws,false,
a8NG00000008PuuMAE,false,UGX,USD,00DG0000000hBllMAE,2016-06-16 00:38:17,005G0000007ZLpxIAG,2016-06-16 00:38:17,005G0000007ZLpxIAG,2016-06-16 00:38:17,,,8372,Ugandan Shilling,{0}{1},comma,2.0,DefaultStore,ws,false,
a8NG00000008PuvMAE,false,USD,USD,00DG0000000hBllMAE,2016-06-16 00:38:17,005G0000007ZLpxIAG,2016-06-16 00:38:17,005G0000007ZLpxIAG,2016-06-16 00:38:17,,,36,US Dollars,{0}{1},dot,2.0,DefaultStore,comma,true,
a8NG00000008PuwMAE,false,UYU,USD,00DG0000000hBllMAE,2016-06-16 00:38:17,005G0000007ZLpxIAG,2016-06-16 00:38:17,005G0000007ZLpxIAG,2016-06-16 00:38:17,,,"36, 85",Uruguayan New Peso,{0}{1},comma,2.0,DefaultStore,dot,false,
a8NG00000008PuxMAE,false,UZS,USD,00DG0000000hBllMAE,2016-06-16 00:38:17,005G0000007ZLpxIAG,2016-06-16 00:38:17,005G0000007ZLpxIAG,2016-06-16 00:38:17,,,"1083, 1074",Uzbekistan Sum,{0}{1},comma,2.0,DefaultStore,ws,false,
a8NG00000008PuyMAE,false,VEF,USD,00DG0000000hBllMAE,2016-06-16 00:38:17,005G0000007ZLpxIAG,2016-06-16 00:38:17,005G0000007ZLpxIAG,2016-06-16 00:38:17,,,"66, 115",Venezuelan Bolivar Fuerte,{0}{1},comma,2.0,DefaultStore,dot,false,
a8NG00000008PuzMAE,false,VND,USD,00DG0000000hBllMAE,2016-06-16 00:38:17,005G0000007ZLpxIAG,2016-06-16 00:38:17,005G0000007ZLpxIAG,2016-06-16 00:38:17,,,8363,Vietnam Dong,{0}{1},,0.0,DefaultStore,dot,false,
a8NG00000008Pv0MAE,false,VUV,USD,00DG0000000hBllMAE,2016-06-16 00:38:17,005G0000007ZLpxIAG,2016-06-16 00:38:17,005G0000007ZLpxIAG,2016-06-16 00:38:17,,,8363,Vanuatu Vatu,{0}{1},,0.0,DefaultStore,comma,false,
a8NG00000008Pv1MAE,false,WST,USD,00DG0000000hBllMAE,2016-06-16 00:38:17,005G0000007ZLpxIAG,2016-06-16 00:38:17,005G0000007ZLpxIAG,2016-06-16 00:38:17,,,8363,Samoa Tala,{0}{1},comma,2.0,DefaultStore,ws,false,
a8NG00000008Pv2MAE,false,XAF,USD,00DG0000000hBllMAE,2016-06-16 00:38:17,005G0000007ZLpxIAG,2016-06-16 00:38:17,005G0000007ZLpxIAG,2016-06-16 00:38:17,,,8363,CFA Franc (BEAC),{0}{1},,0.0,DefaultStore,comma,false,
a8NG00000008Pv3MAE,false,XCD,USD,00DG0000000hBllMAE,2016-06-16 00:38:17,005G0000007ZLpxIAG,2016-06-16 00:38:17,005G0000007ZLpxIAG,2016-06-16 00:38:17,,,36,East Caribbean Dollar,{0}{1},dot,2.0,DefaultStore,comma,false,
a8NG00000008PsTMAU,false,AED,USD,00DG0000000hBllMAE,2016-06-16 00:38:17,005G0000007ZLpxIAG,2016-06-16 00:38:17,005G0000007ZLpxIAG,2016-06-16 00:38:17,,,36,UAE Dirham,{0}{1},dot,2.0,DefaultStore,comma,false,
a8NG00000008PsUMAU,false,AFN,USD,00DG0000000hBllMAE,2016-06-16 00:38:17,005G0000007ZLpxIAG,2016-06-16 00:38:17,005G0000007ZLpxIAG,2016-06-16 00:38:17,,,1547,Afghani,{0}{1},dot,2.0,DefaultStore,comma,false,
a8NG00000008PsVMAU,false,ANG,USD,00DG0000000hBllMAE,2016-06-16 00:38:17,005G0000007ZLpxIAG,2016-06-16 00:38:17,005G0000007ZLpxIAG,2016-06-16 00:38:17,,,402,Neth Antilles Guilder,{0}{1},comma,2.0,DefaultStore,dot,false,
a8NG00000008PsWMAU,false,ATS,USD,00DG0000000hBllMAE,2016-06-16 00:38:17,005G0000007ZLpxIAG,2016-06-16 00:38:17,005G0000007ZLpxIAG,2016-06-16 00:38:17,,,8364,Austrian Shilling,{1}{0},comma,2.0,DefaultStore,dot,false,
a8NG00000008PsXMAU,false,AUD,USD,00DG0000000hBllMAE,2016-06-16 00:38:17,005G0000007ZLpxIAG,2016-06-16 00:38:17,005G0000007ZLpxIAG,2016-06-16 00:38:17,,,36,Australian Dollar,{0}{1},comma,2.0,DefaultStore,dot,false,
a8NG00000008Pv4MAE,false,XOF,USD,00DG0000000hBllMAE,2016-06-16 00:38:17,005G0000007ZLpxIAG,2016-06-16 00:38:17,005G0000007ZLpxIAG,2016-06-16 00:38:17,,,36,CFA Franc (BCEAO),{0}{1},dot,2.0,DefaultStore,comma,false,
a8NG00000008Pv5MAE,false,XPF,USD,00DG0000000hBllMAE,2016-06-16 00:38:17,005G0000007ZLpxIAG,2016-06-16 00:38:17,005G0000007ZLpxIAG,2016-06-16 00:38:17,,,36,Pacific Franc,{0}{1},,0.0,DefaultStore,comma,false,
a8NG00000008PsYMAU,false,AZN,USD,00DG0000000hBllMAE,2016-06-16 00:38:17,005G0000007ZLpxIAG,2016-06-16 00:38:17,005G0000007ZLpxIAG,2016-06-16 00:38:17,,,"1084, 1072, 1085",Azerbaijanian Manat,{0}{1},dot,2.0,DefaultStore,comma,false,
a8NG00000008PsZMAU,false,BAM,USD,00DG0000000hBllMAE,2016-06-16 00:38:17,005G0000007ZLpxIAG,2016-06-16 00:38:17,005G0000007ZLpxIAG,2016-06-16 00:38:17,,,"75, 77",Convertible Marks,{0}{1},dot,2.0,DefaultStore,comma,false,
a8NG00000008PsaMAE,false,BBD,USD,00DG0000000hBllMAE,2016-06-16 00:38:17,005G0000007ZLpxIAG,2016-06-16 00:38:17,005G0000007ZLpxIAG,2016-06-16 00:38:17,,,36,Barbados Dollar,{0}{1},dot,2.0,DefaultStore,comma,false,
a8NG00000008PsbMAE,false,BDT,USD,00DG0000000hBllMAE,2016-06-16 00:38:17,005G0000007ZLpxIAG,2016-06-16 00:38:17,005G0000007ZLpxIAG,2016-06-16 00:38:17,,,36,Bangladesh Taka,{0}{1},dot,2.0,DefaultStore,comma,false,
a8NG00000008PscMAE,false,BEF,USD,00DG0000000hBllMAE,2016-06-16 00:38:17,005G0000007ZLpxIAG,2016-06-16 00:38:17,005G0000007ZLpxIAG,2016-06-16 00:38:17,,,8364,Belgian Francs,{0}{1},comma,2.0,DefaultStore,dot,false,
a8NG00000008PsdMAE,false,BGN,USD,00DG0000000hBllMAE,2016-06-16 00:38:17,005G0000007ZLpxIAG,2016-06-16 00:38:17,005G0000007ZLpxIAG,2016-06-16 00:38:17,,,"1083, 1074",Bulgaria Lev,{0}{1},dot,2.0,DefaultStore,comma,false,
a8NG00000008PseMAE,false,BHD,USD,00DG0000000hBllMAE,2016-06-16 00:38:17,005G0000007ZLpxIAG,2016-06-16 00:38:17,005G0000007ZLpxIAG,2016-06-16 00:38:17,,,"1083, 1074",Bahraini Dinar,{0}{1},dot,3.0,DefaultStore,comma,false,
a8NG00000008PsfMAE,false,BIF,USD,00DG0000000hBllMAE,2016-06-16 00:38:17,005G0000007ZLpxIAG,2016-06-16 00:38:17,005G0000007ZLpxIAG,2016-06-16 00:38:17,,,"1083, 1074",Burundi Franc,{0}{1},,0.0,DefaultStore,comma,false,
a8NG00000008Pv6MAE,false,YER,USD,00DG0000000hBllMAE,2016-06-16 00:38:17,005G0000007ZLpxIAG,2016-06-16 00:38:17,005G0000007ZLpxIAG,2016-06-16 00:38:17,,,65020,Yemen Riyal,{0}{1},comma,2.0,DefaultStore,ws,false,
a8NG00000008Pv7MAE,false,ZAR,USD,00DG0000000hBllMAE,2016-06-16 00:38:17,005G0000007ZLpxIAG,2016-06-16 00:38:17,005G0000007ZLpxIAG,2016-06-16 00:38:17,,,82,South African Rand,{0}{1},comma,2.0,DefaultStore,dot,false,
a8NG00000008Pv8MAE,false,ZMK,USD,00DG0000000hBllMAE,2016-06-16 00:38:17,005G0000007ZLpxIAG,2016-06-16 00:38:17,005G0000007ZLpxIAG,2016-06-16 00:38:17,,,82,Zambian Kwacha,{0}{1},comma,2.0,DefaultStore,ws,false,
a8NG00000008Pv9MAE,false,ZWD,USD,00DG0000000hBllMAE,2016-06-16 00:38:17,005G0000007ZLpxIAG,2016-06-16 00:38:17,005G0000007ZLpxIAG,2016-06-16 00:38:17,,,"90, 36",Zimbabwe Dollar,{0}{1},comma,2.0,DefaultStore,dot,false,
a8NG00000008PsgMAE,false,BMD,USD,00DG0000000hBllMAE,2016-06-16 00:38:17,005G0000007ZLpxIAG,2016-06-16 00:38:17,005G0000007ZLpxIAG,2016-06-16 00:38:17,,,36,Bermuda Dollar,{0}{1},dot,2.0,DefaultStore,comma,false,
a8NG00000008PshMAE,false,BND,USD,00DG0000000hBllMAE,2016-06-16 00:38:17,005G0000007ZLpxIAG,2016-06-16 00:38:17,005G0000007ZLpxIAG,2016-06-16 00:38:17,,,36,Brunei Dollar,{0}{1},dot,2.0,DefaultStore,comma,false,
a8NG00000008PsiMAE,false,BOB,USD,00DG0000000hBllMAE,2016-06-16 00:38:17,005G0000007ZLpxIAG,2016-06-16 00:38:17,005G0000007ZLpxIAG,2016-06-16 00:38:17,,,"36, 98",Bolivian Boliviano,{0}{1},dot,2.0,DefaultStore,comma,false,
a8NG00000008PsjMAE,false,BOV,USD,00DG0000000hBllMAE,2016-06-16 00:38:17,005G0000007ZLpxIAG,2016-06-16 00:38:17,005G0000007ZLpxIAG,2016-06-16 00:38:17,,,"36, 98",Bolivia Mvdol,{0}{1},dot,2.0,DefaultStore,comma,false,
a8NG00000008PskMAE,false,BRL,USD,00DG0000000hBllMAE,2016-06-16 00:38:17,005G0000007ZLpxIAG,2016-06-16 00:38:17,005G0000007ZLpxIAG,2016-06-16 00:38:17,,,"82, 36",Brazilian Real,{0}{1},comma,2.0,DefaultStore,dot,false,
a8NG00000008PslMAE,false,BSD,USD,00DG0000000hBllMAE,2016-06-16 00:38:17,005G0000007ZLpxIAG,2016-06-16 00:38:17,005G0000007ZLpxIAG,2016-06-16 00:38:17,,,36,Bahamian Dollar,{0}{1},dot,2.0,DefaultStore,comma,false,
a8NG00000008PsmMAE,false,BTN,USD,00DG0000000hBllMAE,2016-06-16 00:38:17,005G0000007ZLpxIAG,2016-06-16 00:38:17,005G0000007ZLpxIAG,2016-06-16 00:38:17,,,36,Bhutan Ngultrum,{0}{1},dot,2.0,DefaultStore,comma,false,
a8NG00000008PtaMAE,false,ISK,USD,00DG0000000hBllMAE,2016-06-16 00:38:17,005G0000007ZLpxIAG,2016-06-16 00:38:17,005G0000007ZLpxIAG,2016-06-16 00:38:17,,,"107, 114",Iceland Krona,{0}{1},,0.0,DefaultStore,dot,false,
a8NG00000008PtbMAE,false,ITL,USD,00DG0000000hBllMAE,2016-06-16 00:38:17,005G0000007ZLpxIAG,2016-06-16 00:38:17,005G0000007ZLpxIAG,2016-06-16 00:38:17,,,8364,Italian Lira,{0}{1},comma,2.0,DefaultStore,dot,false,
a8NG00000008PtcMAE,false,JMD,USD,00DG0000000hBllMAE,2016-06-16 00:38:17,005G0000007ZLpxIAG,2016-06-16 00:38:17,005G0000007ZLpxIAG,2016-06-16 00:38:17,,,"74, 36",Jamaican Dollar,{0}{1},dot,2.0,DefaultStore,comma,false,
a8NG00000008PtdMAE,false,JOD,USD,00DG0000000hBllMAE,2016-06-16 00:38:17,005G0000007ZLpxIAG,2016-06-16 00:38:17,005G0000007ZLpxIAG,2016-06-16 00:38:17,,,"74, 36",Jordanian Dinar,{0}{1},dot,3.0,DefaultStore,comma,false,
a8NG00000008PteMAE,false,JPY,USD,00DG0000000hBllMAE,2016-06-16 00:38:17,005G0000007ZLpxIAG,2016-06-16 00:38:17,005G0000007ZLpxIAG,2016-06-16 00:38:17,,,165,Japanese Yen,{0}{1},,0.0,DefaultStore,comma,false,
a8NG00000008PtfMAE,false,KES,USD,00DG0000000hBllMAE,2016-06-16 00:38:17,005G0000007ZLpxIAG,2016-06-16 00:38:17,005G0000007ZLpxIAG,2016-06-16 00:38:17,,,165,Kenyan Shilling,{0}{1},dot,2.0,DefaultStore,comma,false,
a8NG00000008PtgMAE,false,KGS,USD,00DG0000000hBllMAE,2016-06-16 00:38:17,005G0000007ZLpxIAG,2016-06-16 00:38:17,005G0000007ZLpxIAG,2016-06-16 00:38:17,,,"1083, 1074",Kyrgyzstan Som,{0}{1},dot,2.0,DefaultStore,comma,false,
a8NG00000008PthMAE,false,KHR,USD,00DG0000000hBllMAE,2016-06-16 00:38:17,005G0000007ZLpxIAG,2016-06-16 00:38:17,005G0000007ZLpxIAG,2016-06-16 00:38:17,,,6107,Cambodia Riel,{0}{1},comma,2.0,DefaultStore,ws,false,
a8NG00000008PtiMAE,false,KMF,USD,00DG0000000hBllMAE,2016-06-16 00:38:17,005G0000007ZLpxIAG,2016-06-16 00:38:17,005G0000007ZLpxIAG,2016-06-16 00:38:17,,,6107,Comoros Franc,{0}{1},,0.0,DefaultStore,comma,false,
a8NG00000008PtjMAE,false,KPW,USD,00DG0000000hBllMAE,2016-06-16 00:38:17,005G0000007ZLpxIAG,2016-06-16 00:38:17,005G0000007ZLpxIAG,2016-06-16 00:38:17,,,8361,North Korean Won,{0}{1},dot,2.0,DefaultStore,comma,false,
a8NG00000008PtkMAE,false,KRW,USD,00DG0000000hBllMAE,2016-06-16 00:38:17,005G0000007ZLpxIAG,2016-06-16 00:38:17,005G0000007ZLpxIAG,2016-06-16 00:38:17,,,8361,Korean Won,{0}{1},,0.0,DefaultStore,comma,false,
a8NG00000008PtlMAE,false,KWD,USD,00DG0000000hBllMAE,2016-06-16 00:38:17,005G0000007ZLpxIAG,2016-06-16 00:38:17,005G0000007ZLpxIAG,2016-06-16 00:38:17,,,8361,Kuwaiti Dinar,{0}{1},dot,3.0,DefaultStore,comma,false,
a8NG00000008PtmMAE,false,KYD,USD,00DG0000000hBllMAE,2016-06-16 00:38:17,005G0000007ZLpxIAG,2016-06-16 00:38:17,005G0000007ZLpxIAG,2016-06-16 00:38:17,,,36,Cayman Islands Dollar,{0}{1},dot,2.0,DefaultStore,comma,false,
a8NG00000008PtnMAE,false,KZT,USD,00DG0000000hBllMAE,2016-06-16 00:38:17,005G0000007ZLpxIAG,2016-06-16 00:38:17,005G0000007ZLpxIAG,2016-06-16 00:38:17,,,"1083, 1074",Kazakhstan Tenge,{0}{1},dot,2.0,DefaultStore,comma,false,
a8NG00000008PtoMAE,false,LAK,USD,00DG0000000hBllMAE,2016-06-16 00:38:17,005G0000007ZLpxIAG,2016-06-16 00:38:17,005G0000007ZLpxIAG,2016-06-16 00:38:17,,,8365,Lao Kip,{0}{1},dot,2.0,DefaultStore,comma,false,
a8NG00000008PtpMAE,false,LBP,USD,00DG0000000hBllMAE,2016-06-16 00:38:17,005G0000007ZLpxIAG,2016-06-16 00:38:17,005G0000007ZLpxIAG,2016-06-16 00:38:17,,,163,Lebanese Pound,{0}{1},,0.0,DefaultStore,ws,false,
a8NG00000008PtqMAE,false,LKR,USD,00DG0000000hBllMAE,2016-06-16 00:38:17,005G0000007ZLpxIAG,2016-06-16 00:38:17,005G0000007ZLpxIAG,2016-06-16 00:38:17,,,8360,Sri Lanka Rupee,{0}{1},comma,2.0,DefaultStore,ws,false,
a8NG00000008PtrMAE,false,LRD,USD,00DG0000000hBllMAE,2016-06-16 00:38:17,005G0000007ZLpxIAG,2016-06-16 00:38:17,005G0000007ZLpxIAG,2016-06-16 00:38:17,,,36,Liberian Dollar,{0}{1},dot,2.0,DefaultStore,comma,false,
a8NG00000008PtsMAE,false,LSL,USD,00DG0000000hBllMAE,2016-06-16 00:38:17,005G0000007ZLpxIAG,2016-06-16 00:38:17,005G0000007ZLpxIAG,2016-06-16 00:38:17,,,36,Lesotho Loti,{0}{1},dot,2.0,DefaultStore,comma,false,
a8NG00000008PttMAE,false,LTL,USD,00DG0000000hBllMAE,2016-06-16 00:38:17,005G0000007ZLpxIAG,2016-06-16 00:38:17,005G0000007ZLpxIAG,2016-06-16 00:38:17,,,"76, 116",Lithuanian Lita,{0}{1},comma,2.0,DefaultStore,ws,false,
a8NG00000008PtuMAE,false,LUF,USD,00DG0000000hBllMAE,2016-06-16 00:38:17,005G0000007ZLpxIAG,2016-06-16 00:38:17,005G0000007ZLpxIAG,2016-06-16 00:38:17,,,8364,Luxembourg Franc,{0}{1},comma,2.0,DefaultStore,dot,false,
a8NG00000008PtvMAE,false,LVL,USD,00DG0000000hBllMAE,2016-06-16 00:38:17,005G0000007ZLpxIAG,2016-06-16 00:38:17,005G0000007ZLpxIAG,2016-06-16 00:38:17,,,"76, 115",Latvian Lat,{0}{1},dot,2.0,DefaultStore,comma,false,
a8NG00000008PtwMAE,false,LYD,USD,00DG0000000hBllMAE,2016-06-16 00:38:17,005G0000007ZLpxIAG,2016-06-16 00:38:17,005G0000007ZLpxIAG,2016-06-16 00:38:17,,,"76, 115",Libyan Dinar,{0}{1},dot,3.0,DefaultStore,comma,false,
a8NG00000008PsnMAE,false,BWP,USD,00DG0000000hBllMAE,2016-06-16 00:38:17,005G0000007ZLpxIAG,2016-06-16 00:38:17,005G0000007ZLpxIAG,2016-06-16 00:38:17,,,80,Botswana Pula,{0}{1},dot,2.0,DefaultStore,comma,false,
a8NG00000008PsoMAE,false,BYR,USD,00DG0000000hBllMAE,2016-06-16 00:38:17,005G0000007ZLpxIAG,2016-06-16 00:38:17,005G0000007ZLpxIAG,2016-06-16 00:38:17,,,"112, 46",Belarussian Ruble,{0}{1},,0.0,DefaultStore,comma,false,
a8NG00000008PspMAE,false,BZD,USD,00DG0000000hBllMAE,2016-06-16 00:38:17,005G0000007ZLpxIAG,2016-06-16 00:38:17,005G0000007ZLpxIAG,2016-06-16 00:38:17,,,"66, 90, 36",Belize Dollar,{0}{1},dot,2.0,DefaultStore,comma,false,
a8NG00000008PsqMAE,false,CAD,USD,00DG0000000hBllMAE,2016-06-16 00:38:17,005G0000007ZLpxIAG,2016-06-16 00:38:17,005G0000007ZLpxIAG,2016-06-16 00:38:17,,,36,Canadian Dollars,{0}{1},dot,2.0,DefaultStore,comma,false,
a8NG00000008PsrMAE,false,CDF,USD,00DG0000000hBllMAE,2016-06-16 00:38:17,005G0000007ZLpxIAG,2016-06-16 00:38:17,005G0000007ZLpxIAG,2016-06-16 00:38:17,,,36,Franc Congolais,{0}{1},dot,2.0,DefaultStore,comma,false,
a8NG00000008PssMAE,false,CHF,USD,00DG0000000hBllMAE,2016-06-16 00:38:17,005G0000007ZLpxIAG,2016-06-16 00:38:17,005G0000007ZLpxIAG,2016-06-16 00:38:17,,,"67, 72, 70",Swiss Franc,{0}{1},dot,2.0,DefaultStore,sq,false,
a8NG00000008PstMAE,false,CLF,USD,00DG0000000hBllMAE,2016-06-16 00:38:17,005G0000007ZLpxIAG,2016-06-16 00:38:17,005G0000007ZLpxIAG,2016-06-16 00:38:17,,,"67, 72, 70",Unidades de fomento,{0}{1},dot,2.0,DefaultStore,comma,false,
a8NG00000008PsuMAE,false,CLP,USD,00DG0000000hBllMAE,2016-06-16 00:38:17,005G0000007ZLpxIAG,2016-06-16 00:38:17,005G0000007ZLpxIAG,2016-06-16 00:38:17,,,36,Chilean Peso,{0}{1},,0.0,DefaultStore,dot,false,
a8NG00000008PsvMAE,false,CN,USD,00DG0000000hBllMAE,2016-06-16 00:38:17,005G0000007ZLpxIAG,2016-06-16 00:38:17,005G0000007ZLpxIAG,2016-06-16 00:38:17,,,36,Chinese Renminbi,{0}{1},,0.0,DefaultStore,dot,false,
a8NG00000008PswMAE,false,CNY,USD,00DG0000000hBllMAE,2016-06-16 00:38:17,005G0000007ZLpxIAG,2016-06-16 00:38:17,005G0000007ZLpxIAG,2016-06-16 00:38:17,,,165,Chinese Yuan,{0}{1},dot,2.0,DefaultStore,comma,false,
a8NG00000008PtxMAE,false,MAD,USD,00DG0000000hBllMAE,2016-06-16 00:38:17,005G0000007ZLpxIAG,2016-06-16 00:38:17,005G0000007ZLpxIAG,2016-06-16 00:38:17,,,"76, 115",Moroccan Dirham,{0}{1},dot,2.0,DefaultStore,comma,false,
a8NG00000008PtyMAE,false,MDL,USD,00DG0000000hBllMAE,2016-06-16 00:38:17,005G0000007ZLpxIAG,2016-06-16 00:38:17,005G0000007ZLpxIAG,2016-06-16 00:38:17,,,"76, 115",Moldovan Leu,{0}{1},dot,2.0,DefaultStore,comma,false,
a8NG00000008PsxMAE,false,COP,USD,00DG0000000hBllMAE,2016-06-16 00:38:17,005G0000007ZLpxIAG,2016-06-16 00:38:17,005G0000007ZLpxIAG,2016-06-16 00:38:17,,,36,Colombian Peso,{0}{1},comma,2.0,DefaultStore,dot,false,
a8NG00000008PsyMAE,false,CRC,USD,00DG0000000hBllMAE,2016-06-16 00:38:17,005G0000007ZLpxIAG,2016-06-16 00:38:17,005G0000007ZLpxIAG,2016-06-16 00:38:17,,,8353,Costa Rica Colon,{0}{1},comma,2.0,DefaultStore,dot,false,
a8NG00000008PszMAE,false,CUP,USD,00DG0000000hBllMAE,2016-06-16 00:38:17,005G0000007ZLpxIAG,2016-06-16 00:38:17,005G0000007ZLpxIAG,2016-06-16 00:38:17,,,8369,Cuban Peso,{0}{1},dot,2.0,DefaultStore,comma,false,
a8NG00000008Pt0MAE,false,CVE,USD,00DG0000000hBllMAE,2016-06-16 00:38:17,005G0000007ZLpxIAG,2016-06-16 00:38:17,005G0000007ZLpxIAG,2016-06-16 00:38:17,,,8369,Cape Verde Escudo,{0}{1},,0.0,DefaultStore,comma,false,
a8NG00000008Pt1MAE,false,CZK,USD,00DG0000000hBllMAE,2016-06-16 00:38:17,005G0000007ZLpxIAG,2016-06-16 00:38:17,005G0000007ZLpxIAG,2016-06-16 00:38:17,,,"75, 269",Czech Koruna,{0}{1},comma,2.0,DefaultStore,dot,false,
a8NG00000008Pt2MAE,false,DEM,USD,00DG0000000hBllMAE,2016-06-16 00:38:17,005G0000007ZLpxIAG,2016-06-16 00:38:17,005G0000007ZLpxIAG,2016-06-16 00:38:17,,,8364,Deutsche Mark,{1}{0},comma,2.0,DefaultStore,dot,false,
a8NG00000008Pt3MAE,false,DJF,USD,00DG0000000hBllMAE,2016-06-16 00:38:17,005G0000007ZLpxIAG,2016-06-16 00:38:17,005G0000007ZLpxIAG,2016-06-16 00:38:17,,,"75, 269",Dijibouti Franc,{0}{1},,0.0,DefaultStore,comma,false,
a8NG00000008Pt4MAE,false,DKK,USD,00DG0000000hBllMAE,2016-06-16 00:38:17,005G0000007ZLpxIAG,2016-06-16 00:38:17,005G0000007ZLpxIAG,2016-06-16 00:38:17,,,"107, 114",Danish Krone,{0}{1},comma,2.0,DefaultStore,dot,false,
a8NG00000008Pt5MAE,false,DOP,USD,00DG0000000hBllMAE,2016-06-16 00:38:17,005G0000007ZLpxIAG,2016-06-16 00:38:17,005G0000007ZLpxIAG,2016-06-16 00:38:17,,,"82, 68, 36",Dominican Peso,{0}{1},dot,2.0,DefaultStore,comma,false,
a8NG00000008Pt6MAE,false,EEK,USD,00DG0000000hBllMAE,2016-06-16 00:38:17,005G0000007ZLpxIAG,2016-06-16 00:38:17,005G0000007ZLpxIAG,2016-06-16 00:38:17,,,"107, 114",Estonian Kroon,{0}{1},dot,2.0,DefaultStore,comma,false,
a8NG00000008PtzMAE,false,MGA,USD,00DG0000000hBllMAE,2016-06-16 00:38:17,005G0000007ZLpxIAG,2016-06-16 00:38:17,005G0000007ZLpxIAG,2016-06-16 00:38:17,,,"76, 115",Malagasy Ariary,{0}{1},,0.0,DefaultStore,comma,false,
a8NG00000008Pu0MAE,false,MKD,USD,00DG0000000hBllMAE,2016-06-16 00:38:17,005G0000007ZLpxIAG,2016-06-16 00:38:17,005G0000007ZLpxIAG,2016-06-16 00:38:17,,,"1076, 1077, 1085",Macedonian Denar,{0}{1},dot,2.0,DefaultStore,comma,false,
a8NG00000008Pu1MAE,false,MMK,USD,00DG0000000hBllMAE,2016-06-16 00:38:17,005G0000007ZLpxIAG,2016-06-16 00:38:17,005G0000007ZLpxIAG,2016-06-16 00:38:17,,,"1076, 1077, 1085",Myanmar Kyat,{0}{1},dot,2.0,DefaultStore,comma,false,
a8NG00000008Pu2MAE,false,MNT,USD,00DG0000000hBllMAE,2016-06-16 00:38:17,005G0000007ZLpxIAG,2016-06-16 00:38:17,005G0000007ZLpxIAG,2016-06-16 00:38:17,,,8366,Mongolian Tugrik,{0}{1},dot,2.0,DefaultStore,comma,false,
a8NG00000008Pu3MAE,false,MOP,USD,00DG0000000hBllMAE,2016-06-16 00:38:17,005G0000007ZLpxIAG,2016-06-16 00:38:17,005G0000007ZLpxIAG,2016-06-16 00:38:17,,,8366,Macau Pataca,{0}{1},dot,2.0,DefaultStore,comma,false,
a8NG00000008Pu4MAE,false,MRO,USD,00DG0000000hBllMAE,2016-06-16 00:38:17,005G0000007ZLpxIAG,2016-06-16 00:38:17,005G0000007ZLpxIAG,2016-06-16 00:38:17,,,8366,Mauritania Ougulya,{0}{1},dot,2.0,DefaultStore,comma,false,
a8NG00000008Pu5MAE,false,MUR,USD,00DG0000000hBllMAE,2016-06-16 00:38:17,005G0000007ZLpxIAG,2016-06-16 00:38:17,005G0000007ZLpxIAG,2016-06-16 00:38:17,,,8360,Mauritius Rupee,{0}{1},,0.0,DefaultStore,comma,false,
a8NG00000008Pu6MAE,false,MVR,USD,00DG0000000hBllMAE,2016-06-16 00:38:17,005G0000007ZLpxIAG,2016-06-16 00:38:17,005G0000007ZLpxIAG,2016-06-16 00:38:17,,,8360,Maldives Rufiyaa,{0}{1},dot,2.0,DefaultStore,comma,false,
a8NG00000008Pu7MAE,false,MWK,USD,00DG0000000hBllMAE,2016-06-16 00:38:17,005G0000007ZLpxIAG,2016-06-16 00:38:17,005G0000007ZLpxIAG,2016-06-16 00:38:17,,,8360,Malawi Kwacha,{0}{1},dot,2.0,DefaultStore,comma,false,
a8NG00000008Pu8MAE,false,MXN,USD,00DG0000000hBllMAE,2016-06-16 00:38:17,005G0000007ZLpxIAG,2016-06-16 00:38:17,005G0000007ZLpxIAG,2016-06-16 00:38:17,,,36,Mexican Peso,{0}{1},dot,2.0,DefaultStore,comma,false,
a8NG00000008Pt7MAE,false,EGP,USD,00DG0000000hBllMAE,2016-06-16 00:38:17,005G0000007ZLpxIAG,2016-06-16 00:38:17,005G0000007ZLpxIAG,2016-06-16 00:38:17,,,163,Egyptian Pound,{0}{1},dot,2.0,DefaultStore,comma,false,
a8NG00000008Pt8MAE,false,ERN,USD,00DG0000000hBllMAE,2016-06-16 00:38:17,005G0000007ZLpxIAG,2016-06-16 00:38:17,005G0000007ZLpxIAG,2016-06-16 00:38:17,,,163,Eritrea Nakfa,{0}{1},comma,2.0,DefaultStore,ws,false,
a8NG00000008Pt9MAE,false,ESP,USD,00DG0000000hBllMAE,2016-06-16 00:38:17,005G0000007ZLpxIAG,2016-06-16 00:38:17,005G0000007ZLpxIAG,2016-06-16 00:38:17,,,8364,Spanish Peseta,{1}{0},comma,2.0,DefaultStore,dot,false,
a8NG00000008PtAMAU,false,ETB,USD,00DG0000000hBllMAE,2016-06-16 00:38:17,005G0000007ZLpxIAG,2016-06-16 00:38:17,005G0000007ZLpxIAG,2016-06-16 00:38:17,,,163,Ethiopian Kroon,{0}{1},comma,2.0,DefaultStore,ws,false,
a8NG00000008PtBMAU,false,EUR,USD,00DG0000000hBllMAE,2016-06-16 00:38:17,005G0000007ZLpxIAG,2016-06-16 00:38:17,005G0000007ZLpxIAG,2016-06-16 00:38:17,,,8364,Euro,{0}{1},comma,2.0,DefaultStore,dot,false,
a8NG00000008PtCMAU,false,FIM,USD,00DG0000000hBllMAE,2016-06-16 00:38:17,005G0000007ZLpxIAG,2016-06-16 00:38:17,005G0000007ZLpxIAG,2016-06-16 00:38:17,,,8364,Finnish Mark,{0}{1},comma,2.0,DefaultStore,dot,false,
a8NG00000008PtDMAU,false,FJD,USD,00DG0000000hBllMAE,2016-06-16 00:38:17,005G0000007ZLpxIAG,2016-06-16 00:38:17,005G0000007ZLpxIAG,2016-06-16 00:38:17,,,36,Fiji Dollar,{0}{1},comma,2.0,DefaultStore,ws,false,
a8NG00000008Pu9MAE,false,MXV,USD,00DG0000000hBllMAE,2016-06-16 00:38:17,005G0000007ZLpxIAG,2016-06-16 00:38:17,005G0000007ZLpxIAG,2016-06-16 00:38:17,,,36,Mexican Unidad de Inversion (UDI),{0}{1},dot,2.0,DefaultStore,comma,false,
a8NG00000008PuAMAU,false,MYR,USD,00DG0000000hBllMAE,2016-06-16 00:38:17,005G0000007ZLpxIAG,2016-06-16 00:38:17,005G0000007ZLpxIAG,2016-06-16 00:38:17,,,"82, 77",Malaysian Ringgit,{0}{1},dot,2.0,DefaultStore,comma,false,
a8NG00000008PuBMAU,false,MZN,USD,00DG0000000hBllMAE,2016-06-16 00:38:17,005G0000007ZLpxIAG,2016-06-16 00:38:17,005G0000007ZLpxIAG,2016-06-16 00:38:17,,,"77, 84",Mozambique Metical,{0}{1},,0.0,DefaultStore,comma,false,
