id,isdeleted,name,currencyisocode,setupownerid,createddate,createdbyid,lastmodifieddate,lastmodifiedbyid,systemmodstamp,lastvieweddate,lastreferenceddate,browserlocale__c,countrycode__c,currency__c,
a8sG000000000PJIAY,false,es_PE,USD,00DG0000000hBllMAE,2016-06-16 00:38:23,005G0000007ZLpxIAG,2016-06-16 00:38:23,005G0000007ZLpxIAG,2016-06-16 00:38:23,,,es,PE,PEN,
a8sG000000000PKIAY,false,es_HN,USD,00DG0000000hBllMAE,2016-06-16 00:38:23,005G0000007ZLpxIAG,2016-06-16 00:38:23,005G0000007ZLpxIAG,2016-06-16 00:38:23,,,es,HN,HNL,
a8sG000000000PLIAY,false,es_PA,USD,00DG0000000hBllMAE,2016-06-16 00:38:23,005G0000007ZLpxIAG,2016-06-16 00:38:23,005G0000007ZLpxIAG,2016-06-16 00:38:23,,,es,PA,PAB,
a8sG000000000PMIAY,false,ro_RO,USD,00DG0000000hBllMAE,2016-06-16 00:38:23,005G0000007ZLpxIAG,2016-06-16 00:38:23,005G0000007ZLpxIAG,2016-06-16 00:38:23,,,en_US,RO,ROL,
a8sG000000000PNIAY,false,pt_PT,USD,00DG0000000hBllMAE,2016-06-16 00:38:23,005G0000007ZLpxIAG,2016-06-16 00:38:23,005G0000007ZLpxIAG,2016-06-16 00:38:23,,,pt_PT,PT,EUR,
a8sG000000000POIAY,false,en_GB,USD,00DG0000000hBllMAE,2016-06-16 00:38:23,005G0000007ZLpxIAG,2016-06-16 00:38:23,005G0000007ZLpxIAG,2016-06-16 00:38:23,,,en_US,GB,GBP,
a8sG000000000PPIAY,false,Ky_KG,USD,00DG0000000hBllMAE,2016-06-16 00:38:23,005G0000007ZLpxIAG,2016-06-16 00:38:23,005G0000007ZLpxIAG,2016-06-16 00:38:23,,,en_US,KG,KGS,
a8sG000000000PQIAY,false,en_NZ,USD,00DG0000000hBllMAE,2016-06-16 00:38:23,005G0000007ZLpxIAG,2016-06-16 00:38:23,005G0000007ZLpxIAG,2016-06-16 00:38:23,,,en_US,NZ,NZD,
a8sG000000000PRIAY,false,fr_MC,USD,00DG0000000hBllMAE,2016-06-16 00:38:23,005G0000007ZLpxIAG,2016-06-16 00:38:23,005G0000007ZLpxIAG,2016-06-16 00:38:23,,,fr,MC,EUR,
a8sG000000000PSIAY,false,es_PY,USD,00DG0000000hBllMAE,2016-06-16 00:38:23,005G0000007ZLpxIAG,2016-06-16 00:38:23,005G0000007ZLpxIAG,2016-06-16 00:38:23,,,es,PY,PYG,
a8sG000000000PTIAY,false,ar_MA,USD,00DG0000000hBllMAE,2016-06-16 00:38:23,005G0000007ZLpxIAG,2016-06-16 00:38:23,005G0000007ZLpxIAG,2016-06-16 00:38:23,,,en_US,MA,MAD,
a8sG000000000PUIAY,false,fr,USD,00DG0000000hBllMAE,2016-06-16 00:38:23,005G0000007ZLpxIAG,2016-06-16 00:38:23,005G0000007ZLpxIAG,2016-06-16 00:38:23,,,fr,FR,EUR,
a8sG000000000PVIAY,false,nb_NO,USD,00DG0000000hBllMAE,2016-06-16 00:38:23,005G0000007ZLpxIAG,2016-06-16 00:38:23,005G0000007ZLpxIAG,2016-06-16 00:38:23,,,en_US,NO,NOK,
a8sG000000000PWIAY,false,be_BY,USD,00DG0000000hBllMAE,2016-06-16 00:38:23,005G0000007ZLpxIAG,2016-06-16 00:38:23,005G0000007ZLpxIAG,2016-06-16 00:38:23,,,en_US,BY,BYR,
a8sG000000000PXIAY,false,es_PR,USD,00DG0000000hBllMAE,2016-06-16 00:38:23,005G0000007ZLpxIAG,2016-06-16 00:38:23,005G0000007ZLpxIAG,2016-06-16 00:38:23,,,es,PR,USD,
a8sG000000000PYIAY,false,es_GT,USD,00DG0000000hBllMAE,2016-06-16 00:38:23,005G0000007ZLpxIAG,2016-06-16 00:38:23,005G0000007ZLpxIAG,2016-06-16 00:38:23,,,es,GT,GTQ,
a8sG000000000PZIAY,false,fr_LU,USD,00DG0000000hBllMAE,2016-06-16 00:38:23,005G0000007ZLpxIAG,2016-06-16 00:38:23,005G0000007ZLpxIAG,2016-06-16 00:38:23,,,fr,LU,EUR,
a8sG000000000PaIAI,false,sq_AL,USD,00DG0000000hBllMAE,2016-06-16 00:38:23,005G0000007ZLpxIAG,2016-06-16 00:38:23,005G0000007ZLpxIAG,2016-06-16 00:38:23,,,en_US,AL,ALL,
a8sG000000000PbIAI,false,fi_FI,USD,00DG0000000hBllMAE,2016-06-16 00:38:23,005G0000007ZLpxIAG,2016-06-16 00:38:23,005G0000007ZLpxIAG,2016-06-16 00:38:23,,,en_US,FI,EUR,
a8sG000000000PcIAI,false,zh_MO,USD,00DG0000000hBllMAE,2016-06-16 00:38:23,005G0000007ZLpxIAG,2016-06-16 00:38:23,005G0000007ZLpxIAG,2016-06-16 00:38:23,,,en_US,MO,MOP,
a8sG000000000PdIAI,false,ms_MY,USD,00DG0000000hBllMAE,2016-06-16 00:38:23,005G0000007ZLpxIAG,2016-06-16 00:38:23,005G0000007ZLpxIAG,2016-06-16 00:38:23,,,en_US,MY,MYR,
a8sG000000000PeIAI,false,ar_LY,USD,00DG0000000hBllMAE,2016-06-16 00:38:23,005G0000007ZLpxIAG,2016-06-16 00:38:23,005G0000007ZLpxIAG,2016-06-16 00:38:23,,,en_US,LY,LYD,
a8sG000000000PfIAI,false,ar_TN,USD,00DG0000000hBllMAE,2016-06-16 00:38:23,005G0000007ZLpxIAG,2016-06-16 00:38:23,005G0000007ZLpxIAG,2016-06-16 00:38:23,,,en_US,TN,TND,
a8sG000000000PgIAI,false,zh_HK,USD,00DG0000000hBllMAE,2016-06-16 00:38:23,005G0000007ZLpxIAG,2016-06-16 00:38:23,005G0000007ZLpxIAG,2016-06-16 00:38:23,,,en_US,HK,HKD,
a8sG000000000PhIAI,false,vi_VN,USD,00DG0000000hBllMAE,2016-06-16 00:38:23,005G0000007ZLpxIAG,2016-06-16 00:38:23,005G0000007ZLpxIAG,2016-06-16 00:38:23,,,en_US,VN,VND,
a8sG000000000PiIAI,false,ar_LB,USD,00DG0000000hBllMAE,2016-06-16 00:38:23,005G0000007ZLpxIAG,2016-06-16 00:38:23,005G0000007ZLpxIAG,2016-06-16 00:38:23,,,en_US,LB,LBP,
a8sG000000000PjIAI,false,gu_IN,USD,00DG0000000hBllMAE,2016-06-16 00:38:23,005G0000007ZLpxIAG,2016-06-16 00:38:23,005G0000007ZLpxIAG,2016-06-16 00:38:23,,,en_US,IN,INR,
a8sG000000000PkIAI,false,tr_TR,USD,00DG0000000hBllMAE,2016-06-16 00:38:23,005G0000007ZLpxIAG,2016-06-16 00:38:23,005G0000007ZLpxIAG,2016-06-16 00:38:23,,,tr_TR,TR,TRY,
a8sG000000000PlIAI,false,hy_AM,USD,00DG0000000hBllMAE,2016-06-16 00:38:23,005G0000007ZLpxIAG,2016-06-16 00:38:23,005G0000007ZLpxIAG,2016-06-16 00:38:23,,,en_US,AM,AMD,
a8sG000000000PmIAI,false,pt_BR,USD,00DG0000000hBllMAE,2016-06-16 00:38:23,005G0000007ZLpxIAG,2016-06-16 00:38:23,005G0000007ZLpxIAG,2016-06-16 00:38:23,,,en_US,BR,BRL,
a8sG000000000PnIAI,false,pl_PL,USD,00DG0000000hBllMAE,2016-06-16 00:38:23,005G0000007ZLpxIAG,2016-06-16 00:38:23,005G0000007ZLpxIAG,2016-06-16 00:38:23,,,en_US,PL,PLN,
a8sG000000000PoIAI,false,ja_JP,USD,00DG0000000hBllMAE,2016-06-16 00:38:23,005G0000007ZLpxIAG,2016-06-16 00:38:23,005G0000007ZLpxIAG,2016-06-16 00:38:23,,,ja,JP,JPY,
a8sG000000000PpIAI,false,ar_KW,USD,00DG0000000hBllMAE,2016-06-16 00:38:23,005G0000007ZLpxIAG,2016-06-16 00:38:23,005G0000007ZLpxIAG,2016-06-16 00:38:23,,,en_US,KW,KWD,
a8sG000000000PqIAI,false,uk_UA,USD,00DG0000000hBllMAE,2016-06-16 00:38:23,005G0000007ZLpxIAG,2016-06-16 00:38:23,005G0000007ZLpxIAG,2016-06-16 00:38:23,,,en_US,UA,UAH,
a8sG000000000PrIAI,false,de,USD,00DG0000000hBllMAE,2016-06-16 00:38:23,005G0000007ZLpxIAG,2016-06-16 00:38:23,005G0000007ZLpxIAG,2016-06-16 00:38:23,,,de,DE,EUR,
a8sG000000000PsIAI,false,fr_CH,USD,00DG0000000hBllMAE,2016-06-16 00:38:23,005G0000007ZLpxIAG,2016-06-16 00:38:23,005G0000007ZLpxIAG,2016-06-16 00:38:23,,,fr,CH,CHF,
a8sG000000000PtIAI,false,en_IE,USD,00DG0000000hBllMAE,2016-06-16 00:38:23,005G0000007ZLpxIAG,2016-06-16 00:38:23,005G0000007ZLpxIAG,2016-06-16 00:38:23,,,en_US,IE,EUR,
a8sG000000000PuIAI,false,cs_CZ,USD,00DG0000000hBllMAE,2016-06-16 00:38:23,005G0000007ZLpxIAG,2016-06-16 00:38:23,005G0000007ZLpxIAG,2016-06-16 00:38:23,,,en_US,CZ,CZK,
a8sG000000000PvIAI,false,zh_TW,USD,00DG0000000hBllMAE,2016-06-16 00:38:23,005G0000007ZLpxIAG,2016-06-16 00:38:23,005G0000007ZLpxIAG,2016-06-16 00:38:23,,,en_US,TW,TWD,
a8sG000000000PwIAI,false,nl_BE,USD,00DG0000000hBllMAE,2016-06-16 00:38:23,005G0000007ZLpxIAG,2016-06-16 00:38:23,005G0000007ZLpxIAG,2016-06-16 00:38:23,,,en_US,BE,EUR,
a8sG000000000PxIAI,false,ar_JO,USD,00DG0000000hBllMAE,2016-06-16 00:38:23,005G0000007ZLpxIAG,2016-06-16 00:38:23,005G0000007ZLpxIAG,2016-06-16 00:38:23,,,en_US,JO,JOD,
a8sG000000000PyIAI,false,lv_LV,USD,00DG0000000hBllMAE,2016-06-16 00:38:23,005G0000007ZLpxIAG,2016-06-16 00:38:23,005G0000007ZLpxIAG,2016-06-16 00:38:23,,,en_US,LV,EUR,
a8sG000000000PzIAI,false,ar_IQ,USD,00DG0000000hBllMAE,2016-06-16 00:38:23,005G0000007ZLpxIAG,2016-06-16 00:38:23,005G0000007ZLpxIAG,2016-06-16 00:38:23,,,en_US,IQ,NID,
a8sG000000000Q0IAI,false,zh_SG,USD,00DG0000000hBllMAE,2016-06-16 00:38:23,005G0000007ZLpxIAG,2016-06-16 00:38:23,005G0000007ZLpxIAG,2016-06-16 00:38:23,,,en_US,SG,SGD,
a8sG000000000Q1IAI,false,es_AR,USD,00DG0000000hBllMAE,2016-06-16 00:38:23,005G0000007ZLpxIAG,2016-06-16 00:38:23,005G0000007ZLpxIAG,2016-06-16 00:38:23,,,es,AR,ARS,
a8sG000000000Q2IAI,false,es_BO,USD,00DG0000000hBllMAE,2016-06-16 00:38:23,005G0000007ZLpxIAG,2016-06-16 00:38:23,005G0000007ZLpxIAG,2016-06-16 00:38:23,,,es,BO,BOB,
a8sG000000000Q3IAI,false,ar_AE,USD,00DG0000000hBllMAE,2016-06-16 00:38:23,005G0000007ZLpxIAG,2016-06-16 00:38:23,005G0000007ZLpxIAG,2016-06-16 00:38:23,,,en_US,AE,AED,
a8sG000000000Q4IAI,false,ne,USD,00DG0000000hBllMAE,2016-06-16 00:38:23,005G0000007ZLpxIAG,2016-06-16 00:38:23,005G0000007ZLpxIAG,2016-06-16 00:38:23,,,en_US,NP,NPR,
a8sG000000000Q5IAI,false,en_PH,USD,00DG0000000hBllMAE,2016-06-16 00:38:23,005G0000007ZLpxIAG,2016-06-16 00:38:23,005G0000007ZLpxIAG,2016-06-16 00:38:23,,,en_US,PH,PHP,
a8sG000000000Q6IAI,false,da_DK,USD,00DG0000000hBllMAE,2016-06-16 00:38:23,005G0000007ZLpxIAG,2016-06-16 00:38:23,005G0000007ZLpxIAG,2016-06-16 00:38:23,,,en_US,DK,DKK,
a8sG000000000Q7IAI,false,sv_SE,USD,00DG0000000hBllMAE,2016-06-16 00:38:23,005G0000007ZLpxIAG,2016-06-16 00:38:23,005G0000007ZLpxIAG,2016-06-16 00:38:23,,,en_US,SE,SEK,
a8sG000000000Q8IAI,false,ms_BN,USD,00DG0000000hBllMAE,2016-06-16 00:38:23,005G0000007ZLpxIAG,2016-06-16 00:38:23,005G0000007ZLpxIAG,2016-06-16 00:38:23,,,en_US,BN,BND,
a8sG000000000Q9IAI,false,es,USD,00DG0000000hBllMAE,2016-06-16 00:38:23,005G0000007ZLpxIAG,2016-06-16 00:38:23,005G0000007ZLpxIAG,2016-06-16 00:38:23,,,es,ES,EUR,
a8sG000000000QAIAY,false,ar_SA,USD,00DG0000000hBllMAE,2016-06-16 00:38:23,005G0000007ZLpxIAG,2016-06-16 00:38:23,005G0000007ZLpxIAG,2016-06-16 00:38:23,,,en_US,SA,SAR,
a8sG000000000QBIAY,false,th_TH,USD,00DG0000000hBllMAE,2016-06-16 00:38:23,005G0000007ZLpxIAG,2016-06-16 00:38:23,005G0000007ZLpxIAG,2016-06-16 00:38:23,,,en_US,TH,THB,
a8sG000000000QCIAY,false,en_ZA,USD,00DG0000000hBllMAE,2016-06-16 00:38:23,005G0000007ZLpxIAG,2016-06-16 00:38:23,005G0000007ZLpxIAG,2016-06-16 00:38:23,,,en_US,ZA,ZAR,
a8sG000000000QDIAY,false,zh_CHT,USD,00DG0000000hBllMAE,2016-06-16 00:38:23,005G0000007ZLpxIAG,2016-06-16 00:38:23,005G0000007ZLpxIAG,2016-06-16 00:38:23,,,en_US,HT,HTG,
a8sG000000000QEIAY,false,ar_BH,USD,00DG0000000hBllMAE,2016-06-16 00:38:23,005G0000007ZLpxIAG,2016-06-16 00:38:23,005G0000007ZLpxIAG,2016-06-16 00:38:23,,,en_US,BH,BHD,
a8sG000000000QFIAY,false,lt_LT,USD,00DG0000000hBllMAE,2016-06-16 00:38:23,005G0000007ZLpxIAG,2016-06-16 00:38:23,005G0000007ZLpxIAG,2016-06-16 00:38:23,,,en_US,LT,LTL,
a8sG000000000QGIAY,false,zh_CN,USD,00DG0000000hBllMAE,2016-06-16 00:38:23,005G0000007ZLpxIAG,2016-06-16 00:38:23,005G0000007ZLpxIAG,2016-06-16 00:38:23,,,en_US,CN,RMB,
a8sG000000000QHIAY,false,el_GR,USD,00DG0000000hBllMAE,2016-06-16 00:38:23,005G0000007ZLpxIAG,2016-06-16 00:38:23,005G0000007ZLpxIAG,2016-06-16 00:38:23,,,en_US,GR,EUR,
a8sG000000000QIIAY,false,sk_SK,USD,00DG0000000hBllMAE,2016-06-16 00:38:23,005G0000007ZLpxIAG,2016-06-16 00:38:23,005G0000007ZLpxIAG,2016-06-16 00:38:23,,,en_US,SK,SKK,
a8sG000000000QJIAY,false,ca_ES,USD,00DG0000000hBllMAE,2016-06-16 00:38:23,005G0000007ZLpxIAG,2016-06-16 00:38:23,005G0000007ZLpxIAG,2016-06-16 00:38:23,,,en_US,ES,EUR,
a8sG000000000QKIAY,false,sv,USD,00DG0000000hBllMAE,2016-06-16 00:38:23,005G0000007ZLpxIAG,2016-06-16 00:38:23,005G0000007ZLpxIAG,2016-06-16 00:38:23,,,en_US,SZ,SZL,
a8sG000000000QLIAY,false,es_CL,USD,00DG0000000hBllMAE,2016-06-16 00:38:23,005G0000007ZLpxIAG,2016-06-16 00:38:23,005G0000007ZLpxIAG,2016-06-16 00:38:23,,,es,CL,CLP,
a8sG000000000QMIAY,false,fr_PY,USD,00DG0000000hBllMAE,2016-06-16 00:38:23,005G0000007ZLpxIAG,2016-06-16 00:38:23,005G0000007ZLpxIAG,2016-06-16 00:38:23,,,fr,PF,XPF,
a8sG000000000QNIAY,false,sw_KE,USD,00DG0000000hBllMAE,2016-06-16 00:38:23,005G0000007ZLpxIAG,2016-06-16 00:38:23,005G0000007ZLpxIAG,2016-06-16 00:38:23,,,en_US,KE,KES,
a8sG000000000QOIAY,false,es_CO,USD,00DG0000000hBllMAE,2016-06-16 00:38:23,005G0000007ZLpxIAG,2016-06-16 00:38:23,005G0000007ZLpxIAG,2016-06-16 00:38:23,,,es,CO,COP,
a8sG000000000QPIAY,false,en_ZW,USD,00DG0000000hBllMAE,2016-06-16 00:38:23,005G0000007ZLpxIAG,2016-06-16 00:38:23,005G0000007ZLpxIAG,2016-06-16 00:38:23,,,en_US,ZW,ZWD,
a8sG000000000QQIAY,false,ar_QA,USD,00DG0000000hBllMAE,2016-06-16 00:38:23,005G0000007ZLpxIAG,2016-06-16 00:38:23,005G0000007ZLpxIAG,2016-06-16 00:38:23,,,en_US,QA,QAR,
a8sG000000000QRIAY,false,de_AT,USD,00DG0000000hBllMAE,2016-06-16 00:38:23,005G0000007ZLpxIAG,2016-06-16 00:38:23,005G0000007ZLpxIAG,2016-06-16 00:38:23,,,de,AT,EUR,
a8sG000000000QSIAY,false,es_CR,USD,00DG0000000hBllMAE,2016-06-16 00:38:23,005G0000007ZLpxIAG,2016-06-16 00:38:23,005G0000007ZLpxIAG,2016-06-16 00:38:23,,,es,CR,CRC,
a8sG000000000QTIAY,false,id_ID,USD,00DG0000000hBllMAE,2016-06-16 00:38:23,005G0000007ZLpxIAG,2016-06-16 00:38:23,005G0000007ZLpxIAG,2016-06-16 00:38:23,,,en_US,ID,IDR,
a8sG000000000QUIAY,false,is_IS,USD,00DG0000000hBllMAE,2016-06-16 00:38:23,005G0000007ZLpxIAG,2016-06-16 00:38:23,005G0000007ZLpxIAG,2016-06-16 00:38:23,,,en_US,IS,ISK,
a8sG000000000QVIAY,false,ko,USD,00DG0000000hBllMAE,2016-06-16 00:38:23,005G0000007ZLpxIAG,2016-06-16 00:38:23,005G0000007ZLpxIAG,2016-06-16 00:38:23,,,en_US,KO,XCD,
a8sG000000000QWIAY,false,hu_HU,USD,00DG0000000hBllMAE,2016-06-16 00:38:23,005G0000007ZLpxIAG,2016-06-16 00:38:23,005G0000007ZLpxIAG,2016-06-16 00:38:23,,,en_US,HU,HUF,
a8sG000000000QXIAY,false,kl,USD,00DG0000000hBllMAE,2016-06-16 00:38:23,005G0000007ZLpxIAG,2016-06-16 00:38:23,005G0000007ZLpxIAG,2016-06-16 00:38:23,,,en_US,GL,DKK,
a8sG000000000QYIAY,false,es_SV,USD,00DG0000000hBllMAE,2016-06-16 00:38:23,005G0000007ZLpxIAG,2016-06-16 00:38:23,005G0000007ZLpxIAG,2016-06-16 00:38:23,,,es,SV,USD,
a8sG000000000QZIAY,false,cr,USD,00DG0000000hBllMAE,2016-06-16 00:38:23,005G0000007ZLpxIAG,2016-06-16 00:38:23,005G0000007ZLpxIAG,2016-06-16 00:38:23,,,en_US,CG,XAF,
a8sG000000000QaIAI,false,en_JM,USD,00DG0000000hBllMAE,2016-06-16 00:38:23,005G0000007ZLpxIAG,2016-06-16 00:38:23,005G0000007ZLpxIAG,2016-06-16 00:38:23,,,en_US,JM,JMD,
a8sG000000000QbIAI,false,ar_YE,USD,00DG0000000hBllMAE,2016-06-16 00:38:23,005G0000007ZLpxIAG,2016-06-16 00:38:23,005G0000007ZLpxIAG,2016-06-16 00:38:23,,,en_US,YE,YER,
a8sG000000000QcIAI,false,lg,USD,00DG0000000hBllMAE,2016-06-16 00:38:23,005G0000007ZLpxIAG,2016-06-16 00:38:23,005G0000007ZLpxIAG,2016-06-16 00:38:23,,,en_US,GH,GHC,
a8sG000000000QdIAI,false,mn_MN,USD,00DG0000000hBllMAE,2016-06-16 00:38:23,005G0000007ZLpxIAG,2016-06-16 00:38:23,005G0000007ZLpxIAG,2016-06-16 00:38:23,,,en_US,MN,MNT,
a8sG000000000QeIAI,false,ch,USD,00DG0000000hBllMAE,2016-06-16 00:38:23,005G0000007ZLpxIAG,2016-06-16 00:38:23,005G0000007ZLpxIAG,2016-06-16 00:38:23,,,ch,KM,KMF,
a8sG000000000QfIAI,false,es_DO,USD,00DG0000000hBllMAE,2016-06-16 00:38:23,005G0000007ZLpxIAG,2016-06-16 00:38:23,005G0000007ZLpxIAG,2016-06-16 00:38:23,,,es,DO,DOP,
a8sG000000000QgIAI,false,sl_SI,USD,00DG0000000hBllMAE,2016-06-16 00:38:23,005G0000007ZLpxIAG,2016-06-16 00:38:23,005G0000007ZLpxIAG,2016-06-16 00:38:23,,,en_US,SI,SIT,
a8sG000000000QhIAI,false,zh,USD,00DG0000000hBllMAE,2016-06-16 00:38:23,005G0000007ZLpxIAG,2016-06-16 00:38:23,005G0000007ZLpxIAG,2016-06-16 00:38:23,,,en_US,CN,RMB,
a8sG000000000QiIAI,false,es_VE,USD,00DG0000000hBllMAE,2016-06-16 00:38:23,005G0000007ZLpxIAG,2016-06-16 00:38:23,005G0000007ZLpxIAG,2016-06-16 00:38:23,,,es,VE,VEB,
a8sG000000000QjIAI,false,kk_KZ,USD,00DG0000000hBllMAE,2016-06-16 00:38:23,005G0000007ZLpxIAG,2016-06-16 00:38:23,005G0000007ZLpxIAG,2016-06-16 00:38:23,,,en_US,KZ,KZT,
a8sG000000000QkIAI,false,en_US,USD,00DG0000000hBllMAE,2016-06-16 00:38:23,005G0000007ZLpxIAG,2016-06-16 00:38:23,005G0000007ZLpxIAG,2016-06-16 00:38:23,,,en_US,US,USD,
a8sG000000000QlIAI,false,es_EC,USD,00DG0000000hBllMAE,2016-06-16 00:38:23,005G0000007ZLpxIAG,2016-06-16 00:38:23,005G0000007ZLpxIAG,2016-06-16 00:38:23,,,es,EC,USD,
a8sG000000000QmIAI,false,bg_BG,USD,00DG0000000hBllMAE,2016-06-16 00:38:23,005G0000007ZLpxIAG,2016-06-16 00:38:23,005G0000007ZLpxIAG,2016-06-16 00:38:23,,,en_US,BG,BGN,
a8sG000000000QnIAI,false,ru_RU,USD,00DG0000000hBllMAE,2016-06-16 00:38:23,005G0000007ZLpxIAG,2016-06-16 00:38:23,005G0000007ZLpxIAG,2016-06-16 00:38:23,,,en_US,RU,RUB,
a8sG000000000QoIAI,false,div_MV,USD,00DG0000000hBllMAE,2016-06-16 00:38:23,005G0000007ZLpxIAG,2016-06-16 00:38:23,005G0000007ZLpxIAG,2016-06-16 00:38:23,,,en_US,MV,MVR,
a8sG000000000QpIAI,false,ar_OM,USD,00DG0000000hBllMAE,2016-06-16 00:38:23,005G0000007ZLpxIAG,2016-06-16 00:38:23,005G0000007ZLpxIAG,2016-06-16 00:38:23,,,en_US,OM,OMR,
a8sG000000000QqIAI,false,he_IL,USD,00DG0000000hBllMAE,2016-06-16 00:38:23,005G0000007ZLpxIAG,2016-06-16 00:38:23,005G0000007ZLpxIAG,2016-06-16 00:38:23,,,en_US,IL,ILS,
a8sG000000000QrIAI,false,en_AU,USD,00DG0000000hBllMAE,2016-06-16 00:38:23,005G0000007ZLpxIAG,2016-06-16 00:38:23,005G0000007ZLpxIAG,2016-06-16 00:38:23,,,en_US,AU,AUD,
a8sG000000000QsIAI,false,es_NI,USD,00DG0000000hBllMAE,2016-06-16 00:38:23,005G0000007ZLpxIAG,2016-06-16 00:38:23,005G0000007ZLpxIAG,2016-06-16 00:38:23,,,es,NI,NIO,
a8sG000000000QtIAI,false,en_CA,USD,00DG0000000hBllMAE,2016-06-16 00:38:23,005G0000007ZLpxIAG,2016-06-16 00:38:23,005G0000007ZLpxIAG,2016-06-16 00:38:23,,,en_US,CA,CAD,
a8sG000000000QuIAI,false,it,USD,00DG0000000hBllMAE,2016-06-16 00:38:23,005G0000007ZLpxIAG,2016-06-16 00:38:23,005G0000007ZLpxIAG,2016-06-16 00:38:23,,,it,IT,EUR,
a8sG000000000QvIAI,false,ko_KR,USD,00DG0000000hBllMAE,2016-06-16 00:38:23,005G0000007ZLpxIAG,2016-06-16 00:38:23,005G0000007ZLpxIAG,2016-06-16 00:38:23,,,en_US,KR,KRW,
a8sG000000000QwIAI,false,hr_HR,USD,00DG0000000hBllMAE,2016-06-16 00:38:23,005G0000007ZLpxIAG,2016-06-16 00:38:23,005G0000007ZLpxIAG,2016-06-16 00:38:23,,,en_US,HR,HRK,
a8sG000000000QxIAI,false,de_DE,USD,00DG0000000hBllMAE,2016-06-16 00:38:23,005G0000007ZLpxIAG,2016-06-16 00:38:23,005G0000007ZLpxIAG,2016-06-16 00:38:23,,,de,DE,EUR,
a8sG000000000QyIAI,false,ar_EG,USD,00DG0000000hBllMAE,2016-06-16 00:38:23,005G0000007ZLpxIAG,2016-06-16 00:38:23,005G0000007ZLpxIAG,2016-06-16 00:38:23,,,en_US,EG,EGP,
a8sG000000000QzIAI,false,fr_FR,USD,00DG0000000hBllMAE,2016-06-16 00:38:23,005G0000007ZLpxIAG,2016-06-16 00:38:23,005G0000007ZLpxIAG,2016-06-16 00:38:23,,,fr,FR,EUR,
a8sG000000000R0IAI,false,es_MX,USD,00DG0000000hBllMAE,2016-06-16 00:38:23,005G0000007ZLpxIAG,2016-06-16 00:38:23,005G0000007ZLpxIAG,2016-06-16 00:38:23,,,es,MX,MXN,
a8sG000000000R1IAI,false,ka_GE,USD,00DG0000000hBllMAE,2016-06-16 00:38:23,005G0000007ZLpxIAG,2016-06-16 00:38:23,005G0000007ZLpxIAG,2016-06-16 00:38:23,,,en_US,GE,GEL,
a8sG000000000R2IAI,false,es_UY,USD,00DG0000000hBllMAE,2016-06-16 00:38:23,005G0000007ZLpxIAG,2016-06-16 00:38:23,005G0000007ZLpxIAG,2016-06-16 00:38:23,,,es,UY,UYU,
a8sG000000000R3IAI,false,en_BZ,USD,00DG0000000hBllMAE,2016-06-16 00:38:23,005G0000007ZLpxIAG,2016-06-16 00:38:23,005G0000007ZLpxIAG,2016-06-16 00:38:23,,,en_US,BZ,BZD,
a8sG000000000R4IAI,false,nl_NL,USD,00DG0000000hBllMAE,2016-06-16 00:38:23,005G0000007ZLpxIAG,2016-06-16 00:38:23,005G0000007ZLpxIAG,2016-06-16 00:38:23,,,en_US,NL,EUR,
a8sG000000000R5IAI,false,ar_DZ,USD,00DG0000000hBllMAE,2016-06-16 00:38:23,005G0000007ZLpxIAG,2016-06-16 00:38:23,005G0000007ZLpxIAG,2016-06-16 00:38:23,,,en_US,DZ,DZD,
a8sG000000000R6IAI,false,ja,USD,00DG0000000hBllMAE,2016-06-16 00:38:23,005G0000007ZLpxIAG,2016-06-16 00:38:23,005G0000007ZLpxIAG,2016-06-16 00:38:23,,,ja,JP,JPY,
a8sG000000000R7IAI,false,af,USD,00DG0000000hBllMAE,2016-06-16 00:38:23,005G0000007ZLpxIAG,2016-06-16 00:38:23,005G0000007ZLpxIAG,2016-06-16 00:38:23,,,af,AF,AFN,
a8sG000000000R8IAI,false,de_LI,USD,00DG0000000hBllMAE,2016-06-16 00:38:23,005G0000007ZLpxIAG,2016-06-16 00:38:23,005G0000007ZLpxIAG,2016-06-16 00:38:23,,,de,LI,CHF,
