id,isdeleted,name,currencyisocode,setupownerid,createddate,createdbyid,lastmodifieddate,lastmodifiedbyid,systemmodstamp,lastvieweddate,lastreferenceddate,label__c,
a95G0000000L01pIAC,false,TM,USD,00DG0000000hBllMAE,2016-06-23 00:41:56,005G0000008TGkfIAG,2016-06-23 00:41:56,005G0000008TGkfIAG,2016-06-23 00:41:56,,,Top Menu,
a95G0000000L01qIAC,false,f,USD,00DG0000000hBllMAE,2016-06-23 00:41:56,005G0000008TGkfIAG,2016-06-23 00:41:56,005G0000008TGkfIAG,2016-06-23 00:41:56,,,Footer,
a95G0000000L01rIAC,false,EFF,USD,00DG0000000hBllMAE,2016-06-23 00:41:56,005G0000008TGkfIAG,2016-06-23 00:41:56,005G0000008TGkfIAG,2016-06-23 00:41:56,,,Effective Account,
a95G0000000L01sIAC,false,ui,USD,00DG0000000hBllMAE,2016-06-23 00:41:56,005G0000008TGkfIAG,2016-06-23 00:41:56,005G0000008TGkfIAG,2016-06-23 00:41:56,,,User Interface,
a95G0000000L01tIAC,false,subs,USD,00DG0000000hBllMAE,2016-06-23 00:41:56,005G0000008TGkfIAG,2016-06-23 00:41:56,005G0000008TGkfIAG,2016-06-23 00:41:56,,,My Subscriptions,
a95G0000000L01uIAC,false,addr,USD,00DG0000000hBllMAE,2016-06-23 00:41:56,005G0000008TGkfIAG,2016-06-23 00:41:56,005G0000008TGkfIAG,2016-06-23 00:41:56,,,Address Book,
a95G0000000L01vIAC,false,WLT,USD,00DG0000000hBllMAE,2016-06-23 00:41:56,005G0000008TGkfIAG,2016-06-23 00:41:56,005G0000008TGkfIAG,2016-06-23 00:41:56,,,My Wallet,
a95G0000000L01wIAC,false,PM,USD,00DG0000000hBllMAE,2016-06-23 00:41:56,005G0000008TGkfIAG,2016-06-23 00:41:56,005G0000008TGkfIAG,2016-06-23 00:41:56,,,Promotions,
a95G0000000L01xIAC,false,PR,USD,00DG0000000hBllMAE,2016-06-23 00:41:56,005G0000008TGkfIAG,2016-06-23 00:41:56,005G0000008TGkfIAG,2016-06-23 00:41:56,,,Product Reviews,
a95G0000000L01yIAC,false,PS,USD,00DG0000000hBllMAE,2016-06-23 00:41:56,005G0000008TGkfIAG,2016-06-23 00:41:56,005G0000008TGkfIAG,2016-06-23 00:41:56,,,Product Social Widget,
a95G0000000L01zIAC,false,QO,USD,00DG0000000hBllMAE,2016-06-23 00:41:56,005G0000008TGkfIAG,2016-06-23 00:41:56,005G0000008TGkfIAG,2016-06-23 00:41:56,,,Quick Order,
a95G0000000L01AIAS,false,CWL,USD,00DG0000000hBllMAE,2016-06-23 00:41:56,005G0000008TGkfIAG,2016-06-23 00:41:56,005G0000008TGkfIAG,2016-06-23 00:41:56,,,Custom Widget Left Nav,
a95G0000000L01BIAS,false,F,USD,00DG0000000hBllMAE,2016-06-23 00:41:56,005G0000008TGkfIAG,2016-06-23 00:41:56,005G0000008TGkfIAG,2016-06-23 00:41:56,,,Footer,
a95G0000000L01CIAS,false,FP,USD,00DG0000000hBllMAE,2016-06-23 00:41:56,005G0000008TGkfIAG,2016-06-23 00:41:56,005G0000008TGkfIAG,2016-06-23 00:41:56,,,Featured products,
a95G0000000L01DIAS,false,FT,USD,00DG0000000hBllMAE,2016-06-23 00:41:56,005G0000008TGkfIAG,2016-06-23 00:41:56,005G0000008TGkfIAG,2016-06-23 00:41:56,,,Features,
a95G0000000L01EIAS,false,GA,USD,00DG0000000hBllMAE,2016-06-23 00:41:56,005G0000008TGkfIAG,2016-06-23 00:41:56,005G0000008TGkfIAG,2016-06-23 00:41:56,,,Google Analytics Include,
a95G0000000L01FIAS,false,H,USD,00DG0000000hBllMAE,2016-06-23 00:41:56,005G0000008TGkfIAG,2016-06-23 00:41:56,005G0000008TGkfIAG,2016-06-23 00:41:56,,,Header,
a95G0000000L020IAC,false,SL,USD,00DG0000000hBllMAE,2016-06-23 00:41:56,005G0000008TGkfIAG,2016-06-23 00:41:56,005G0000008TGkfIAG,2016-06-23 00:41:56,,,Spotlight,
a95G0000000L021IAC,false,rfq,USD,00DG0000000hBllMAE,2016-06-23 00:41:56,005G0000008TGkfIAG,2016-06-23 00:41:56,005G0000008TGkfIAG,2016-06-23 00:41:56,,,Request For Quote,
a95G0000000L022IAC,false,pgbl,USD,00DG0000000hBllMAE,2016-06-23 00:41:56,005G0000008TGkfIAG,2016-06-23 00:41:56,005G0000008TGkfIAG,2016-06-23 00:41:56,,,Paginator,
a95G0000000L023IAC,false,reg,USD,00DG0000000hBllMAE,2016-06-23 00:41:56,005G0000008TGkfIAG,2016-06-23 00:41:56,005G0000008TGkfIAG,2016-06-23 00:41:56,,,Registration,
a95G0000000L024IAC,false,MO,USD,00DG0000000hBllMAE,2016-06-23 00:41:56,005G0000008TGkfIAG,2016-06-23 00:41:56,005G0000008TGkfIAG,2016-06-23 00:41:56,,,My Orders,
a95G0000000L025IAC,false,MA,USD,00DG0000000hBllMAE,2016-06-23 00:41:56,005G0000008TGkfIAG,2016-06-23 00:41:56,005G0000008TGkfIAG,2016-06-23 00:41:56,,,My Account,
a95G0000000L026IAC,false,Cpn,USD,00DG0000000hBllMAE,2016-06-23 00:41:56,005G0000008TGkfIAG,2016-06-23 00:41:56,005G0000008TGkfIAG,2016-06-23 00:41:56,,,Coupon,
a95G0000000L027IAC,false,inv,USD,00DG0000000hBllMAE,2016-06-23 00:41:56,005G0000008TGkfIAG,2016-06-23 00:41:56,005G0000008TGkfIAG,2016-06-23 00:41:56,,,Invoices,
a95G0000000L028IAC,false,PRG,USD,00DG0000000hBllMAE,2016-06-23 00:41:56,005G0000008TGkfIAG,2016-06-23 00:41:56,005G0000008TGkfIAG,2016-06-23 00:41:56,,,Price Group,
a95G0000000L029IAC,false,UR,USD,00DG0000000hBllMAE,2016-06-23 00:41:56,005G0000008TGkfIAG,2016-06-23 00:41:56,005G0000008TGkfIAG,2016-06-23 00:41:56,,,User Profile(Registration),
a95G0000000L02AIAS,false,US,USD,00DG0000000hBllMAE,2016-06-23 00:41:56,005G0000008TGkfIAG,2016-06-23 00:41:56,005G0000008TGkfIAG,2016-06-23 00:41:56,,,Up-sells,
a95G0000000L01GIAS,false,js,USD,00DG0000000hBllMAE,2016-06-23 00:41:56,005G0000008TGkfIAG,2016-06-23 00:41:56,005G0000008TGkfIAG,2016-06-23 00:41:56,,,JavaScript,
a95G0000000L01HIAS,false,LI,USD,00DG0000000hBllMAE,2016-06-23 00:41:56,005G0000008TGkfIAG,2016-06-23 00:41:56,005G0000008TGkfIAG,2016-06-23 00:41:56,,,List Item,
a95G0000000L01IIAS,false,ARP,USD,00DG0000000hBllMAE,2016-06-23 00:41:56,005G0000008TGkfIAG,2016-06-23 00:41:56,005G0000008TGkfIAG,2016-06-23 00:41:56,,,Accessories Tab,
a95G0000000L01JIAS,false,OH,USD,00DG0000000hBllMAE,2016-06-23 00:41:56,005G0000008TGkfIAG,2016-06-23 00:41:56,005G0000008TGkfIAG,2016-06-23 00:41:56,,,Order History,
a95G0000000L01KIAS,false,nav,USD,00DG0000000hBllMAE,2016-06-23 00:41:56,005G0000008TGkfIAG,2016-06-23 00:41:56,005G0000008TGkfIAG,2016-06-23 00:41:56,,,My Account Navigation Bar,
a95G0000000L01LIAS,false,srch,USD,00DG0000000hBllMAE,2016-06-23 00:41:56,005G0000008TGkfIAG,2016-06-23 00:41:56,005G0000008TGkfIAG,2016-06-23 00:41:56,,,Search/Filter Widget,
a95G0000000L01MIAS,false,shAct,USD,00DG0000000hBllMAE,2016-06-23 00:41:56,005G0000008TGkfIAG,2016-06-23 00:41:56,005G0000008TGkfIAG,2016-06-23 00:41:56,,,Show Actions Column,
a95G0000000L01NIAS,false,HIB,USD,00DG0000000hBllMAE,2016-06-23 00:41:56,005G0000008TGkfIAG,2016-06-23 00:41:56,005G0000008TGkfIAG,2016-06-23 00:41:56,,,Header Include Begin,
a95G0000000L01OIAS,false,HIE,USD,00DG0000000hBllMAE,2016-06-23 00:41:56,005G0000008TGkfIAG,2016-06-23 00:41:56,005G0000008TGkfIAG,2016-06-23 00:41:56,,,Header Include End,
a95G0000000L01PIAS,false,BdIB,USD,00DG0000000hBllMAE,2016-06-23 00:41:56,005G0000008TGkfIAG,2016-06-23 00:41:56,005G0000008TGkfIAG,2016-06-23 00:41:56,,,HTML Body Include Begin,
a95G0000000L02BIAS,false,PL,USD,00DG0000000hBllMAE,2016-06-23 00:41:56,005G0000008TGkfIAG,2016-06-23 00:41:56,005G0000008TGkfIAG,2016-06-23 00:41:56,,,Product List,
a95G0000000L02CIAS,false,PD,USD,00DG0000000hBllMAE,2016-06-23 00:41:56,005G0000008TGkfIAG,2016-06-23 00:41:56,005G0000008TGkfIAG,2016-06-23 00:41:56,,,Product Detail,
a95G0000000L02DIAS,false,PLP,USD,00DG0000000hBllMAE,2016-06-23 00:41:56,005G0000008TGkfIAG,2016-06-23 00:41:56,005G0000008TGkfIAG,2016-06-23 00:41:56,,,Product List Page,
a95G0000000L02EIAS,false,BIB,USD,00DG0000000hBllMAE,2016-06-23 00:41:56,005G0000008TGkfIAG,2016-06-23 00:41:56,005G0000008TGkfIAG,2016-06-23 00:41:56,,,Body Includes Begin,
a95G0000000L02FIAS,false,BIE,USD,00DG0000000hBllMAE,2016-06-23 00:41:56,005G0000008TGkfIAG,2016-06-23 00:41:56,005G0000008TGkfIAG,2016-06-23 00:41:56,,,Body Includes End,
a95G0000000L02GIAS,false,RP,USD,00DG0000000hBllMAE,2016-06-23 00:41:56,005G0000008TGkfIAG,2016-06-23 00:41:56,005G0000008TGkfIAG,2016-06-23 00:41:56,,,Related Products Widget,
a95G0000000L02HIAS,false,css,USD,00DG0000000hBllMAE,2016-06-23 00:41:56,005G0000008TGkfIAG,2016-06-23 00:41:56,005G0000008TGkfIAG,2016-06-23 00:41:56,,,Style Sheet,
a95G0000000L02IIAS,false,CT,USD,00DG0000000hBllMAE,2016-06-23 00:41:56,005G0000008TGkfIAG,2016-06-23 00:41:56,005G0000008TGkfIAG,2016-06-23 00:41:56,,,Category Tree,
a95G0000000L01QIAS,false,BdIE,USD,00DG0000000hBllMAE,2016-06-23 00:41:56,005G0000008TGkfIAG,2016-06-23 00:41:56,005G0000008TGkfIAG,2016-06-23 00:41:56,,,HTML Body Include End,
a95G0000000L01RIAS,false,BN,USD,00DG0000000hBllMAE,2016-06-23 00:41:56,005G0000008TGkfIAG,2016-06-23 00:41:56,005G0000008TGkfIAG,2016-06-23 00:41:56,,,Banner,
a95G0000000L01SIAS,false,CO,USD,00DG0000000hBllMAE,2016-06-23 00:41:56,005G0000008TGkfIAG,2016-06-23 00:41:56,005G0000008TGkfIAG,2016-06-23 00:41:56,,,Checkout,
a95G0000000L01TIAS,false,FF,USD,00DG0000000hBllMAE,2016-06-23 00:41:56,005G0000008TGkfIAG,2016-06-23 00:41:56,005G0000008TGkfIAG,2016-06-23 00:41:56,,,Feature Filtering,
a95G0000000L01UIAS,false,AC,USD,00DG0000000hBllMAE,2016-06-23 00:41:56,005G0000008TGkfIAG,2016-06-23 00:41:56,005G0000008TGkfIAG,2016-06-23 00:41:56,,,Accessories,
a95G0000000L01VIAS,false,BC,USD,00DG0000000hBllMAE,2016-06-23 00:41:56,005G0000008TGkfIAG,2016-06-23 00:41:56,005G0000008TGkfIAG,2016-06-23 00:41:56,,,Breadcrumb,
a95G0000000L01WIAS,false,C,USD,00DG0000000hBllMAE,2016-06-23 00:41:56,005G0000008TGkfIAG,2016-06-23 00:41:56,005G0000008TGkfIAG,2016-06-23 00:41:56,,,Cart,
a95G0000000L01XIAS,false,CF,USD,00DG0000000hBllMAE,2016-06-23 00:41:56,005G0000008TGkfIAG,2016-06-23 00:41:56,005G0000008TGkfIAG,2016-06-23 00:41:56,,,Confirmation,
a95G0000000L01YIAS,false,CS,USD,00DG0000000hBllMAE,2016-06-23 00:41:56,005G0000008TGkfIAG,2016-06-23 00:41:56,005G0000008TGkfIAG,2016-06-23 00:41:56,,,Cross-sells,
a95G0000000L01ZIAS,false,CSW,USD,00DG0000000hBllMAE,2016-06-23 00:41:56,005G0000008TGkfIAG,2016-06-23 00:41:56,005G0000008TGkfIAG,2016-06-23 00:41:56,,,Company Social Widget,
a95G0000000L01aIAC,false,SO,USD,00DG0000000hBllMAE,2016-06-23 00:41:56,005G0000008TGkfIAG,2016-06-23 00:41:56,005G0000008TGkfIAG,2016-06-23 00:41:56,,,Shipping Options,
a95G0000000L01bIAC,false,UP,USD,00DG0000000hBllMAE,2016-06-23 00:41:56,005G0000008TGkfIAG,2016-06-23 00:41:56,005G0000008TGkfIAG,2016-06-23 00:41:56,,,User Profile,
a95G0000000L01cIAC,false,PayShip,USD,00DG0000000hBllMAE,2016-06-23 00:41:56,005G0000008TGkfIAG,2016-06-23 00:41:56,005G0000008TGkfIAG,2016-06-23 00:41:56,,,Payment Shipping,
a95G0000000L01dIAC,false,SB,USD,00DG0000000hBllMAE,2016-06-23 00:41:56,005G0000008TGkfIAG,2016-06-23 00:41:56,005G0000008TGkfIAG,2016-06-23 00:41:56,,,Search Box,
a95G0000000L01eIAC,false,WL,USD,00DG0000000hBllMAE,2016-06-23 00:41:56,005G0000008TGkfIAG,2016-06-23 00:41:56,005G0000008TGkfIAG,2016-06-23 00:41:56,,,Wishlists/Templates,
a95G0000000L01fIAC,false,Dspl,USD,00DG0000000hBllMAE,2016-06-23 00:41:56,005G0000008TGkfIAG,2016-06-23 00:41:56,005G0000008TGkfIAG,2016-06-23 00:41:56,,,Field Display,
a95G0000000L01gIAC,false,SPL,USD,00DG0000000hBllMAE,2016-06-23 00:41:56,005G0000008TGkfIAG,2016-06-23 00:41:56,005G0000008TGkfIAG,2016-06-23 00:41:56,,,Splash,
a95G0000000L01hIAC,false,LIST,USD,00DG0000000hBllMAE,2016-06-23 00:41:56,005G0000008TGkfIAG,2016-06-23 00:41:56,005G0000008TGkfIAG,2016-06-23 00:41:56,,,List,
a95G0000000L01iIAC,false,MC,USD,00DG0000000hBllMAE,2016-06-23 00:41:56,005G0000008TGkfIAG,2016-06-23 00:41:56,005G0000008TGkfIAG,2016-06-23 00:41:56,,,Mini-cart,
a95G0000000L01jIAC,false,OR,USD,00DG0000000hBllMAE,2016-06-23 00:41:56,005G0000008TGkfIAG,2016-06-23 00:41:56,005G0000008TGkfIAG,2016-06-23 00:41:56,,,Order Review,
a95G0000000L01kIAC,false,PDA,USD,00DG0000000hBllMAE,2016-06-23 00:41:56,005G0000008TGkfIAG,2016-06-23 00:41:56,005G0000008TGkfIAG,2016-06-23 00:41:56,,,Product Detail attributes,
a95G0000000L01lIAC,false,PDP,USD,00DG0000000hBllMAE,2016-06-23 00:41:56,005G0000008TGkfIAG,2016-06-23 00:41:56,005G0000008TGkfIAG,2016-06-23 00:41:56,,,Product Detail Page,
a95G0000000L01mIAC,false,MSG,USD,00DG0000000hBllMAE,2016-06-23 00:41:56,005G0000008TGkfIAG,2016-06-23 00:41:56,005G0000008TGkfIAG,2016-06-23 00:41:56,,,Messages,
a95G0000000L01nIAC,false,PGL,USD,00DG0000000hBllMAE,2016-06-23 00:41:56,005G0000008TGkfIAG,2016-06-23 00:41:56,005G0000008TGkfIAG,2016-06-23 00:41:56,,,Page Labels,
a95G0000000L01oIAC,false,PSI,USD,00DG0000000hBllMAE,2016-06-23 00:41:56,005G0000008TGkfIAG,2016-06-23 00:41:56,005G0000008TGkfIAG,2016-06-23 00:41:56,,,Product Spec Indexing,
