id,isdeleted,name,currencyisocode,setupownerid,createddate,createdbyid,lastmodifieddate,lastmodifiedbyid,systemmodstamp,lastvieweddate,lastreferenceddate,classname__c,displayname__c,keyname__c,rtype__c,storefront__c,
a9YG0000000KypiMAC,false,CHStore:InvcHKService,USD,00DG0000000hBllMAE,2016-06-23 00:40:35,005G0000008TGkfIAG,2016-06-23 00:40:35,005G0000008TGkfIAG,2016-06-23 00:40:35,,,,,,,,
a9YG0000000KypjMAC,false,CHStore:PymtHKApi,USD,00DG0000000hBllMAE,2016-06-23 00:40:35,005G0000008TGkfIAG,2016-06-23 00:40:35,005G0000008TGkfIAG,2016-06-23 00:40:35,,,cc_hk_Payment,,,,,
a9YG0000000KypkMAC,false,CHStore:PymtHKDao,USD,00DG0000000hBllMAE,2016-06-23 00:40:35,005G0000008TGkfIAG,2016-06-23 00:40:35,005G0000008TGkfIAG,2016-06-23 00:40:35,,,,,,,,
a9YG0000000KyrYMAS,false,DefaultStore:InvcHKDao,USD,00DG0000000hBllMAE,2016-06-23 00:40:35,005G0000008TGkfIAG,2016-06-23 00:40:35,005G0000008TGkfIAG,2016-06-23 00:40:35,,,,,,,,
a9YG0000000KyrZMAS,false,DefaultStore:InvcHKService,USD,00DG0000000hBllMAE,2016-06-23 00:40:35,005G0000008TGkfIAG,2016-06-23 00:40:35,005G0000008TGkfIAG,2016-06-23 00:40:35,,,,,,,,
a9YG0000000KyraMAC,false,DefaultStore:PymtHKApi,USD,00DG0000000hBllMAE,2016-06-23 00:40:35,005G0000008TGkfIAG,2016-06-23 00:40:35,005G0000008TGkfIAG,2016-06-23 00:40:35,,,cc_hk_Payment,,,,,
a9YG0000000KyrbMAC,false,DefaultStore:PymtHKDao,USD,00DG0000000hBllMAE,2016-06-23 00:40:35,005G0000008TGkfIAG,2016-06-23 00:40:35,005G0000008TGkfIAG,2016-06-23 00:40:35,,,,,,,,
a9YG0000000KyrcMAC,false,DefaultStore:PymtHKService,USD,00DG0000000hBllMAE,2016-06-23 00:40:35,005G0000008TGkfIAG,2016-06-23 00:40:35,005G0000008TGkfIAG,2016-06-23 00:40:35,,,,,,,,
a9YG0000000KyrgMAC,false,CHStore:CatalogApi,USD,00DG0000000hBllMAE,2016-06-23 00:40:35,005G0000008TGkfIAG,2016-06-23 00:40:35,005G0000008TGkfIAG,2016-06-23 00:40:35,,,c.cc_jci_hk_Catalog,,,,,
a9YG0000000KyrdMAC,false,DefaultStore:PricingApi,USD,00DG0000000hBllMAE,2016-06-23 00:40:35,005G0000008TGkfIAG,2016-06-23 00:40:35,005G0000008TGkfIAG,2016-06-23 00:40:35,,,cc_hk_Pricing,,,,,
a9YG0000000KyreMAC,false,DefaultStore:PricingDao,USD,00DG0000000hBllMAE,2016-06-23 00:40:35,005G0000008TGkfIAG,2016-06-23 00:40:35,005G0000008TGkfIAG,2016-06-23 00:40:35,,,,,,,,
a9YG0000000KyrfMAC,false,DefaultStore:PricingService,USD,00DG0000000hBllMAE,2016-06-23 00:40:35,005G0000008TGkfIAG,2016-06-23 00:40:35,005G0000008TGkfIAG,2016-06-23 00:40:35,,,,,,,,
a9YG0000000KyrhMAC,false,CHStore:CatalogDao,USD,00DG0000000hBllMAE,2016-06-23 00:40:35,005G0000008TGkfIAG,2016-06-23 00:40:35,005G0000008TGkfIAG,2016-06-23 00:40:35,,,,,,,,
a9YG0000000KyriMAC,false,CHStore:CatalogService,USD,00DG0000000hBllMAE,2016-06-23 00:40:35,005G0000008TGkfIAG,2016-06-23 00:40:35,005G0000008TGkfIAG,2016-06-23 00:40:35,,,,,,,,
a9YG0000000KyplMAC,false,CHStore:PymtHKService,USD,00DG0000000hBllMAE,2016-06-23 00:40:35,005G0000008TGkfIAG,2016-06-23 00:40:35,005G0000008TGkfIAG,2016-06-23 00:40:35,,,,,,,,
a9YG0000000KypmMAC,false,CHStore:PricingApi,USD,00DG0000000hBllMAE,2016-06-23 00:40:35,005G0000008TGkfIAG,2016-06-23 00:40:35,005G0000008TGkfIAG,2016-06-23 00:40:35,,,cc_hk_Pricing,,,,,
a9YG0000000KyqPMAS,false,IRStore:adjustDao,USD,00DG0000000hBllMAE,2016-06-23 00:40:35,005G0000008TGkfIAG,2016-06-23 00:40:35,005G0000008TGkfIAG,2016-06-23 00:40:35,,,,,,,,
a9YG0000000KyqQMAS,false,IRStore:outOrderApi,USD,00DG0000000hBllMAE,2016-06-23 00:40:35,005G0000008TGkfIAG,2016-06-23 00:40:35,005G0000008TGkfIAG,2016-06-23 00:40:35,,,c.cc_jci_ctrl_SendOrderToERP,,,,,
a9YG0000000KyqRMAS,false,IRStore:outOrderDao,USD,00DG0000000hBllMAE,2016-06-23 00:40:35,005G0000008TGkfIAG,2016-06-23 00:40:35,005G0000008TGkfIAG,2016-06-23 00:40:35,,,,,,,,
a9YG0000000KyqSMAS,false,IRStore:outOrderService,USD,00DG0000000hBllMAE,2016-06-23 00:40:35,005G0000008TGkfIAG,2016-06-23 00:40:35,005G0000008TGkfIAG,2016-06-23 00:40:35,,,,,,,,
a9YG0000000KyqTMAS,false,CHStore:adjustDao,USD,00DG0000000hBllMAE,2016-06-23 00:40:35,005G0000008TGkfIAG,2016-06-23 00:40:35,005G0000008TGkfIAG,2016-06-23 00:40:35,,,,,,,,
a9YG0000000KyqUMAS,false,CHStore:outOrderApi,USD,00DG0000000hBllMAE,2016-06-23 00:40:35,005G0000008TGkfIAG,2016-06-23 00:40:35,005G0000008TGkfIAG,2016-06-23 00:40:35,,,c.cc_jci_ctrl_SendOrderToERP,,,,,
a9YG0000000KyqVMAS,false,CHStore:outOrderDao,USD,00DG0000000hBllMAE,2016-06-23 00:40:35,005G0000008TGkfIAG,2016-06-23 00:40:35,005G0000008TGkfIAG,2016-06-23 00:40:35,,,,,,,,
a9YG0000000KyqWMAS,false,CHStore:outOrderService,USD,00DG0000000hBllMAE,2016-06-23 00:40:35,005G0000008TGkfIAG,2016-06-23 00:40:35,005G0000008TGkfIAG,2016-06-23 00:40:35,,,,,,,,
a9YG0000000KypnMAC,false,CHStore:PricingDao,USD,00DG0000000hBllMAE,2016-06-23 00:40:35,005G0000008TGkfIAG,2016-06-23 00:40:35,005G0000008TGkfIAG,2016-06-23 00:40:35,,,,,,,,
a9YG0000000KypoMAC,false,IRStore:PymtHKApi,USD,00DG0000000hBllMAE,2016-06-23 00:40:35,005G0000008TGkfIAG,2016-06-23 00:40:35,005G0000008TGkfIAG,2016-06-23 00:40:35,,,cc_hk_Payment,,,,,
a9YG0000000KyppMAC,false,IRStore:PymtHKDao,USD,00DG0000000hBllMAE,2016-06-23 00:40:35,005G0000008TGkfIAG,2016-06-23 00:40:35,005G0000008TGkfIAG,2016-06-23 00:40:35,,,,,,,,
a9YG0000000KyqXMAS,false,CHStore:SSOLoginApi,USD,00DG0000000hBllMAE,2016-06-23 00:40:35,005G0000008TGkfIAG,2016-06-23 00:40:35,005G0000008TGkfIAG,2016-06-23 00:40:35,,,c.cc_jci_ctrl_SSO,,,,,
a9YG0000000KyqYMAS,false,CHStore:SSOLoginDao,USD,00DG0000000hBllMAE,2016-06-23 00:40:35,005G0000008TGkfIAG,2016-06-23 00:40:35,005G0000008TGkfIAG,2016-06-23 00:40:35,,,,,,,,
a9YG0000000KyqZMAS,false,IRStore:OutOrderCancelDao,USD,00DG0000000hBllMAE,2016-06-23 00:40:35,005G0000008TGkfIAG,2016-06-23 00:40:35,005G0000008TGkfIAG,2016-06-23 00:40:35,,,,,,,,
a9YG0000000KyqaMAC,false,IRStore:OutOrderCancelService,USD,00DG0000000hBllMAE,2016-06-23 00:40:35,005G0000008TGkfIAG,2016-06-23 00:40:35,005G0000008TGkfIAG,2016-06-23 00:40:35,,,,,,,,
a9YG0000000KypqMAC,false,IRStore:PymtHKService,USD,00DG0000000hBllMAE,2016-06-23 00:40:35,005G0000008TGkfIAG,2016-06-23 00:40:35,005G0000008TGkfIAG,2016-06-23 00:40:35,,,,,,,,
a9YG0000000KyqbMAC,false,IRStore:adjustApi,USD,00DG0000000hBllMAE,2016-06-23 00:40:35,005G0000008TGkfIAG,2016-06-23 00:40:35,005G0000008TGkfIAG,2016-06-23 00:40:35,,,c.cc_jci_ctrl_CartPricing,,,,,
a9YG0000000KyqcMAC,false,IRStore:DynThemeApi,USD,00DG0000000hBllMAE,2016-06-23 00:40:35,005G0000008TGkfIAG,2016-06-23 00:40:35,005G0000008TGkfIAG,2016-06-23 00:40:35,,,cc_hk_DynamicTheme,,,,,
a9YG0000000KyqdMAC,false,IRStore:DynThemeDao,USD,00DG0000000hBllMAE,2016-06-23 00:40:35,005G0000008TGkfIAG,2016-06-23 00:40:35,005G0000008TGkfIAG,2016-06-23 00:40:35,,,,,,,,
a9YG0000000KyqeMAC,false,IRStore:DynMenuDao,USD,00DG0000000hBllMAE,2016-06-23 00:40:35,005G0000008TGkfIAG,2016-06-23 00:40:35,005G0000008TGkfIAG,2016-06-23 00:40:35,,,,,,,,
a9YG0000000KyqfMAC,false,CHStore:DynMenuApi,USD,00DG0000000hBllMAE,2016-06-23 00:40:35,005G0000008TGkfIAG,2016-06-23 00:40:35,005G0000008TGkfIAG,2016-06-23 00:40:35,,,cc_hk_Menu,,,,,
a9YG0000000KyqgMAC,false,CHStore:DynMenuDao,USD,00DG0000000hBllMAE,2016-06-23 00:40:35,005G0000008TGkfIAG,2016-06-23 00:40:35,005G0000008TGkfIAG,2016-06-23 00:40:35,,,,,,,,
a9YG0000000KyqhMAC,false,CHStore:DynMenuService,USD,00DG0000000hBllMAE,2016-06-23 00:40:35,005G0000008TGkfIAG,2016-06-23 00:40:35,005G0000008TGkfIAG,2016-06-23 00:40:35,,,,,,,,
a9YG0000000KyqiMAC,false,CHStore:UsrItfApi,USD,00DG0000000hBllMAE,2016-06-23 00:40:35,005G0000008TGkfIAG,2016-06-23 00:40:35,005G0000008TGkfIAG,2016-06-23 00:40:35,,,cc_hk_UserInterface:v001,,,,,
a9YG0000000Kyr5MAC,false,DefaultStore:SSOLoginService,USD,00DG0000000hBllMAE,2016-06-23 00:40:35,005G0000008TGkfIAG,2016-06-23 00:40:35,005G0000008TGkfIAG,2016-06-23 00:40:35,,,,,,,,
a9YG0000000Kyr6MAC,false,DefaultStore:OutOrderCancelApi,USD,00DG0000000hBllMAE,2016-06-23 00:40:35,005G0000008TGkfIAG,2016-06-23 00:40:35,005G0000008TGkfIAG,2016-06-23 00:40:35,,,cc_api_OutboundOrderCancel,,,,,
a9YG0000000Kyr7MAC,false,DefaultStore:OutOrderCancelDao,USD,00DG0000000hBllMAE,2016-06-23 00:40:35,005G0000008TGkfIAG,2016-06-23 00:40:35,005G0000008TGkfIAG,2016-06-23 00:40:35,,,,,,,,
a9YG0000000Kyr8MAC,false,DefaultStore:OutOrderCancelService,USD,00DG0000000hBllMAE,2016-06-23 00:40:35,005G0000008TGkfIAG,2016-06-23 00:40:35,005G0000008TGkfIAG,2016-06-23 00:40:35,,,,,,,,
a9YG0000000KyqjMAC,false,CHStore:UsrItfDao,USD,00DG0000000hBllMAE,2016-06-23 00:40:35,005G0000008TGkfIAG,2016-06-23 00:40:35,005G0000008TGkfIAG,2016-06-23 00:40:35,,,,,,,,
a9YG0000000KyqkMAC,false,CHStore:UsrItfService,USD,00DG0000000hBllMAE,2016-06-23 00:40:35,005G0000008TGkfIAG,2016-06-23 00:40:35,005G0000008TGkfIAG,2016-06-23 00:40:35,,,,,,,,
a9YG0000000KyqlMAC,false,CHStore:EffAccountApi,USD,00DG0000000hBllMAE,2016-06-23 00:40:35,005G0000008TGkfIAG,2016-10-15 01:55:32,005G0000007vFt7IAE,2016-10-15 01:55:32,,,c.cc_jci_ctrl_EffectiveAccount,,,,,
a9YG0000000KyqmMAC,false,IRStore:DynMenuService,USD,00DG0000000hBllMAE,2016-06-23 00:40:35,005G0000008TGkfIAG,2016-06-23 00:40:35,005G0000008TGkfIAG,2016-06-23 00:40:35,,,,,,,,
a9YG0000000KyqnMAC,false,IRStore:DynThemeService,USD,00DG0000000hBllMAE,2016-06-23 00:40:35,005G0000008TGkfIAG,2016-06-23 00:40:35,005G0000008TGkfIAG,2016-06-23 00:40:35,,,,,,,,
a9YG0000000KyqoMAC,false,IRStore:SUBSApi,USD,00DG0000000hBllMAE,2016-06-23 00:40:35,005G0000008TGkfIAG,2016-06-23 00:40:35,005G0000008TGkfIAG,2016-06-23 00:40:35,,,cc_hk_Subscriptions,,,,,
a9YG0000000KyqpMAC,false,IRStore:UsrItfApi,USD,00DG0000000hBllMAE,2016-06-23 00:40:35,005G0000008TGkfIAG,2016-06-23 00:40:35,005G0000008TGkfIAG,2016-06-23 00:40:35,,,cc_hk_UserInterface:v001,,,,,
a9YG0000000KyprMAC,false,IRStore:PricingApi,USD,00DG0000000hBllMAE,2016-06-23 00:40:35,005G0000008TGkfIAG,2016-06-23 00:40:35,005G0000008TGkfIAG,2016-06-23 00:40:35,,,cc_hk_Pricing,,,,,
a9YG0000000KypsMAC,false,IRStore:PricingDao,USD,00DG0000000hBllMAE,2016-06-23 00:40:35,005G0000008TGkfIAG,2016-06-23 00:40:35,005G0000008TGkfIAG,2016-06-23 00:40:35,,,,,,,,
a9YG0000000KyptMAC,false,IRStore:PricingService,USD,00DG0000000hBllMAE,2016-06-23 00:40:35,005G0000008TGkfIAG,2016-06-23 00:40:35,005G0000008TGkfIAG,2016-06-23 00:40:35,,,,,,,,
a9YG0000000KypuMAC,false,IRStore:shipDao,USD,00DG0000000hBllMAE,2016-06-23 00:40:35,005G0000008TGkfIAG,2016-06-23 00:40:35,005G0000008TGkfIAG,2016-06-23 00:40:35,,,cc_dao_ShippingAndHandlingGeneric,,,,,
a9YG0000000KypvMAC,false,CHStore:SSOLoginService,USD,00DG0000000hBllMAE,2016-06-23 00:40:35,005G0000008TGkfIAG,2016-06-23 00:40:35,005G0000008TGkfIAG,2016-06-23 00:40:35,,,,,,,,
a9YG0000000KyqqMAC,false,IRStore:SUBSDao,USD,00DG0000000hBllMAE,2016-06-23 00:40:35,005G0000008TGkfIAG,2016-06-23 00:40:35,005G0000008TGkfIAG,2016-06-23 00:40:35,,,,,,,,
a9YG0000000KypwMAC,false,CHStore:OutOrderCancelApi,USD,00DG0000000hBllMAE,2016-06-23 00:40:35,005G0000008TGkfIAG,2016-06-23 00:40:35,005G0000008TGkfIAG,2016-06-23 00:40:35,,,cc_api_OutboundOrderCancel,,,,,
a9YG0000000KypxMAC,false,IRStore:InventoryApi,USD,00DG0000000hBllMAE,2016-06-23 00:40:35,005G0000008TGkfIAG,2016-06-23 00:40:35,005G0000008TGkfIAG,2016-06-23 00:40:35,,,cc_api_InventoryExtension,,,,,
a9YG0000000KypyMAC,false,IRStore:adjustService,USD,00DG0000000hBllMAE,2016-06-23 00:40:35,005G0000008TGkfIAG,2016-06-23 00:40:35,005G0000008TGkfIAG,2016-06-23 00:40:35,,,,,,,,
a9YG0000000KypzMAC,false,IRStore:TaxCalculationApi,USD,00DG0000000hBllMAE,2016-06-23 00:40:35,005G0000008TGkfIAG,2016-06-23 00:40:35,005G0000008TGkfIAG,2016-06-23 00:40:35,,,c.cc_jci_ctrl_TaxCalculation,,,,,
a9YG0000000Kyq0MAC,false,CHStore:PricingService,USD,00DG0000000hBllMAE,2016-06-23 00:40:35,005G0000008TGkfIAG,2016-06-23 00:40:35,005G0000008TGkfIAG,2016-06-23 00:40:35,,,,,,,,
a9YG0000000KyrCMAS,false,DefaultStore:DynThemeApi,USD,00DG0000000hBllMAE,2016-06-23 00:40:35,005G0000008TGkfIAG,2016-06-23 00:40:35,005G0000008TGkfIAG,2016-06-23 00:40:35,,,cc_hk_DynamicTheme,,,,,
a9YG0000000Kyr9MAC,false,DefaultStore:adjustApi,USD,00DG0000000hBllMAE,2016-06-23 00:40:35,005G0000008TGkfIAG,2016-06-23 00:40:35,005G0000008TGkfIAG,2016-06-23 00:40:35,,,cc_api_PriceAdjustment,,,,,
a9YG0000000KyrAMAS,false,DefaultStore:adjustDao,USD,00DG0000000hBllMAE,2016-06-23 00:40:35,005G0000008TGkfIAG,2016-06-23 00:40:35,005G0000008TGkfIAG,2016-06-23 00:40:35,,,,,,,,
a9YG0000000KyrBMAS,false,DefaultStore:adjustService,USD,00DG0000000hBllMAE,2016-06-23 00:40:35,005G0000008TGkfIAG,2016-06-23 00:40:35,005G0000008TGkfIAG,2016-06-23 00:40:35,,,,,,,,
a9YG0000000KyrDMAS,false,DefaultStore:DynThemeDao,USD,00DG0000000hBllMAE,2016-06-23 00:40:35,005G0000008TGkfIAG,2016-06-23 00:40:35,005G0000008TGkfIAG,2016-06-23 00:40:35,,,,,,,,
a9YG0000000KyrEMAS,false,DefaultStore:DynThemeService,USD,00DG0000000hBllMAE,2016-06-23 00:40:35,005G0000008TGkfIAG,2016-06-23 00:40:35,005G0000008TGkfIAG,2016-06-23 00:40:35,,,,,,,,
a9YG0000000KyrFMAS,false,DefaultStore:SUBSApi,USD,00DG0000000hBllMAE,2016-06-23 00:40:35,005G0000008TGkfIAG,2016-06-23 00:40:35,005G0000008TGkfIAG,2016-06-23 00:40:35,,,cc_hk_Subscriptions,,,,,
a9YG0000000KyrGMAS,false,DefaultStore:SUBSDao,USD,00DG0000000hBllMAE,2016-06-23 00:40:35,005G0000008TGkfIAG,2016-06-23 00:40:35,005G0000008TGkfIAG,2016-06-23 00:40:35,,,,,,,,
a9YG0000000KyrHMAS,false,DefaultStore:SUBSService,USD,00DG0000000hBllMAE,2016-06-23 00:40:35,005G0000008TGkfIAG,2016-06-23 00:40:35,005G0000008TGkfIAG,2016-06-23 00:40:35,,,,,,,,
a9YG0000000KyrIMAS,false,DefaultStore:OrderHKApi,USD,00DG0000000hBllMAE,2016-06-23 00:40:35,005G0000008TGkfIAG,2016-06-23 00:40:35,005G0000008TGkfIAG,2016-06-23 00:40:35,,,cc_hk_Order,,,,,
a9YG0000000Kyq1MAC,false,CHStore:shipDao,USD,00DG0000000hBllMAE,2016-06-23 00:40:35,005G0000008TGkfIAG,2016-06-23 00:40:35,005G0000008TGkfIAG,2016-06-23 00:40:35,,,cc_dao_ShippingAndHandlingGeneric,,,,,
a9YG0000000Kyq2MAC,false,CHStore:OutOrderCancelDao,USD,00DG0000000hBllMAE,2016-06-23 00:40:35,005G0000008TGkfIAG,2016-06-23 00:40:35,005G0000008TGkfIAG,2016-06-23 00:40:35,,,,,,,,
a9YG0000000Kyq3MAC,false,CHStore:OutOrderCancelService,USD,00DG0000000hBllMAE,2016-06-23 00:40:35,005G0000008TGkfIAG,2016-06-23 00:40:35,005G0000008TGkfIAG,2016-06-23 00:40:35,,,,,,,,
a9YG0000000Kyq4MAC,false,CHStore:adjustApi,USD,00DG0000000hBllMAE,2016-06-23 00:40:35,005G0000008TGkfIAG,2016-06-23 00:40:35,005G0000008TGkfIAG,2016-06-23 00:40:35,,,c.cc_jci_ctrl_CartPricing,,,,,
a9YG0000000KyrKMAS,false,DefaultStore:OrderHKService,USD,00DG0000000hBllMAE,2016-06-23 00:40:35,005G0000008TGkfIAG,2016-06-23 00:40:35,005G0000008TGkfIAG,2016-06-23 00:40:35,,,,,,,,
a9YG0000000KyrLMAS,false,DefaultStore:DynCatApi,USD,00DG0000000hBllMAE,2016-06-23 00:40:35,005G0000008TGkfIAG,2016-06-23 00:40:35,005G0000008TGkfIAG,2016-06-23 00:40:35,,,cc_hk_Category,,,,,
a9YG0000000KyrJMAS,false,DefaultStore:OrderHKDao,USD,00DG0000000hBllMAE,2016-06-23 00:40:35,005G0000008TGkfIAG,2016-06-23 00:40:35,005G0000008TGkfIAG,2016-06-23 00:40:35,,,,,,,,
a9YG0000000KyrMMAS,false,DefaultStore:DynCatDao,USD,00DG0000000hBllMAE,2016-06-23 00:40:35,005G0000008TGkfIAG,2016-06-23 00:40:35,005G0000008TGkfIAG,2016-06-23 00:40:35,,,,,,,,
a9YG0000000KyrNMAS,false,DefaultStore:DynCatService,USD,00DG0000000hBllMAE,2016-06-23 00:40:35,005G0000008TGkfIAG,2016-06-23 00:40:35,005G0000008TGkfIAG,2016-06-23 00:40:35,,,,,,,,
a9YG0000000KyrOMAS,false,DefaultStore:DynMenuApi,USD,00DG0000000hBllMAE,2016-06-23 00:40:35,005G0000008TGkfIAG,2016-06-23 00:40:35,005G0000008TGkfIAG,2016-06-23 00:40:35,,,cc_hk_Menu,,,,,
a9YG0000000KyrPMAS,false,DefaultStore:DynMenuDao,USD,00DG0000000hBllMAE,2016-06-23 00:40:35,005G0000008TGkfIAG,2016-06-23 00:40:35,005G0000008TGkfIAG,2016-06-23 00:40:35,,,,,,,,
a9YG0000000KyrQMAS,false,DefaultStore:DynMenuService,USD,00DG0000000hBllMAE,2016-06-23 00:40:35,005G0000008TGkfIAG,2016-06-23 00:40:35,005G0000008TGkfIAG,2016-06-23 00:40:35,,,,,,,,
a9YG0000000KyrRMAS,false,DefaultStore:UsrItfApi,USD,00DG0000000hBllMAE,2016-06-23 00:40:35,005G0000008TGkfIAG,2016-06-23 00:40:35,005G0000008TGkfIAG,2016-06-23 00:40:35,,,cc_hk_UserInterface:v001,,,,,
a9YG0000000KyrSMAS,false,DefaultStore:UsrItfDao,USD,00DG0000000hBllMAE,2016-06-23 00:40:35,005G0000008TGkfIAG,2016-06-23 00:40:35,005G0000008TGkfIAG,2016-06-23 00:40:35,,,,,,,,
a9YG0000000KypOMAS,false,IRStore:EffAccountApi,USD,00DG0000000hBllMAE,2016-06-23 00:40:35,005G0000008TGkfIAG,2016-10-15 02:01:40,005G0000007vFt7IAE,2016-10-15 02:01:40,,,c.cc_jci_ctrl_EffectiveAccount,,,,,
a9YG0000000Kyq5MAC,false,CHStore:DynThemeApi,USD,00DG0000000hBllMAE,2016-06-23 00:40:35,005G0000008TGkfIAG,2016-06-23 00:40:35,005G0000008TGkfIAG,2016-06-23 00:40:35,,,cc_hk_DynamicTheme,,,,,
a9YG0000000Kyq6MAC,false,CHStore:DynThemeDao,USD,00DG0000000hBllMAE,2016-06-23 00:40:35,005G0000008TGkfIAG,2016-06-23 00:40:35,005G0000008TGkfIAG,2016-06-23 00:40:35,,,,,,,,
a9YG0000000Kyq7MAC,false,CHStore:DynThemeService,USD,00DG0000000hBllMAE,2016-06-23 00:40:35,005G0000008TGkfIAG,2016-06-23 00:40:35,005G0000008TGkfIAG,2016-06-23 00:40:35,,,,,,,,
a9YG0000000Kyq8MAC,false,CHStore:SUBSApi,USD,00DG0000000hBllMAE,2016-06-23 00:40:35,005G0000008TGkfIAG,2016-06-23 00:40:35,005G0000008TGkfIAG,2016-06-23 00:40:35,,,cc_hk_Subscriptions,,,,,
a9YG0000000Kyq9MAC,false,CHStore:SUBSDao,USD,00DG0000000hBllMAE,2016-06-23 00:40:35,005G0000008TGkfIAG,2016-06-23 00:40:35,005G0000008TGkfIAG,2016-06-23 00:40:35,,,,,,,,
a9YG0000000KyqAMAS,false,CHStore:SUBSService,USD,00DG0000000hBllMAE,2016-06-23 00:40:35,005G0000008TGkfIAG,2016-06-23 00:40:35,005G0000008TGkfIAG,2016-06-23 00:40:35,,,,,,,,
a9YG0000000KyqBMAS,false,CHStore:OrderHKApi,USD,00DG0000000hBllMAE,2016-06-23 00:40:35,005G0000008TGkfIAG,2016-07-20 02:05:00,005G0000008TGkfIAG,2016-07-20 02:05:00,,,c.cc_jci_ctrl_ERPOrderHistory,,,,,
a9YG0000000KyqCMAS,false,CHStore:OrderHKDao,USD,00DG0000000hBllMAE,2016-06-23 00:40:35,005G0000008TGkfIAG,2016-07-20 02:05:00,005G0000008TGkfIAG,2016-07-20 02:05:00,,,,,,,,
a9YG0000000KyqDMAS,false,CHStore:OrderHKService,USD,00DG0000000hBllMAE,2016-06-23 00:40:35,005G0000008TGkfIAG,2016-07-20 02:05:00,005G0000008TGkfIAG,2016-07-20 02:05:00,,,,,,,,
a9YG0000000KyqEMAS,false,CHStore:DynCatApi,USD,00DG0000000hBllMAE,2016-06-23 00:40:35,005G0000008TGkfIAG,2016-06-23 00:40:35,005G0000008TGkfIAG,2016-06-23 00:40:35,,,cc_hk_Category,,,,,
a9YG0000000KyqrMAC,false,IRStore:SUBSService,USD,00DG0000000hBllMAE,2016-06-23 00:40:35,005G0000008TGkfIAG,2016-06-23 00:40:35,005G0000008TGkfIAG,2016-06-23 00:40:35,,,,,,,,
a9YG0000000KyqsMAC,false,IRStore:OrderHKApi,USD,00DG0000000hBllMAE,2016-06-23 00:40:35,005G0000008TGkfIAG,2016-07-20 02:04:16,005G0000008TGkfIAG,2016-07-20 02:04:16,,,c.cc_jci_ctrl_ERPOrderHistory,,,,,
a9YG0000000KyqtMAC,false,IRStore:OrderHKDao,USD,00DG0000000hBllMAE,2016-06-23 00:40:35,005G0000008TGkfIAG,2016-07-20 02:04:16,005G0000008TGkfIAG,2016-07-20 02:04:16,,,,,,,,
a9YG0000000KyquMAC,false,IRStore:OrderHKService,USD,00DG0000000hBllMAE,2016-06-23 00:40:35,005G0000008TGkfIAG,2016-07-20 02:04:16,005G0000008TGkfIAG,2016-07-20 02:04:16,,,,,,,,
a9YG0000000KyqvMAC,false,IRStore:DynCatApi,USD,00DG0000000hBllMAE,2016-06-23 00:40:35,005G0000008TGkfIAG,2016-06-23 00:40:35,005G0000008TGkfIAG,2016-06-23 00:40:35,,,cc_hk_Category,,,,,
a9YG0000000KyqwMAC,false,IRStore:DynCatDao,USD,00DG0000000hBllMAE,2016-06-23 00:40:35,005G0000008TGkfIAG,2016-06-23 00:40:35,005G0000008TGkfIAG,2016-06-23 00:40:35,,,,,,,,
a9YG0000000KyqxMAC,false,IRStore:DynCatService,USD,00DG0000000hBllMAE,2016-06-23 00:40:35,005G0000008TGkfIAG,2016-06-23 00:40:35,005G0000008TGkfIAG,2016-06-23 00:40:35,,,,,,,,
a9YG0000000KyqyMAC,false,IRStore:UsrItfDao,USD,00DG0000000hBllMAE,2016-06-23 00:40:35,005G0000008TGkfIAG,2016-06-23 00:40:35,005G0000008TGkfIAG,2016-06-23 00:40:35,,,,,,,,
a9YG0000000KyqzMAC,false,IRStore:UsrItfService,USD,00DG0000000hBllMAE,2016-06-23 00:40:35,005G0000008TGkfIAG,2016-06-23 00:40:35,005G0000008TGkfIAG,2016-06-23 00:40:35,,,,,,,,
a9YG0000000KyrTMAS,false,DefaultStore:UsrItfService,USD,00DG0000000hBllMAE,2016-06-23 00:40:35,005G0000008TGkfIAG,2016-06-23 00:40:35,005G0000008TGkfIAG,2016-06-23 00:40:35,,,,,,,,
a9YG0000000KyrUMAS,false,DefaultStore:EffAccountApi,USD,00DG0000000hBllMAE,2016-06-23 00:40:35,005G0000008TGkfIAG,2016-06-23 00:40:35,005G0000008TGkfIAG,2016-06-23 00:40:35,,,cc_hk_EffectiveAccount,,,,,
a9YG0000000KyrVMAS,false,DefaultStore:EffAccountDao,USD,00DG0000000hBllMAE,2016-06-23 00:40:35,005G0000008TGkfIAG,2016-06-23 00:40:35,005G0000008TGkfIAG,2016-06-23 00:40:35,,,,,,,,
a9YG0000000KyrWMAS,false,DefaultStore:EffAccountService,USD,00DG0000000hBllMAE,2016-06-23 00:40:35,005G0000008TGkfIAG,2016-06-23 00:40:35,005G0000008TGkfIAG,2016-06-23 00:40:35,,,,,,,,
a9YG0000000KyrXMAS,false,DefaultStore:InvcHKApi,USD,00DG0000000hBllMAE,2016-06-23 00:40:35,005G0000008TGkfIAG,2016-06-23 00:40:35,005G0000008TGkfIAG,2016-06-23 00:40:35,,,cc_hk_Invoice,,,,,
a9YG0000000KypPMAS,false,IRStore:EffAccountDao,USD,00DG0000000hBllMAE,2016-06-23 00:40:35,005G0000008TGkfIAG,2016-10-15 02:01:40,005G0000007vFt7IAE,2016-10-15 02:01:40,,,,,,,,
a9YG0000000KypQMAS,false,IRStore:EffAccountService,USD,00DG0000000hBllMAE,2016-06-23 00:40:35,005G0000008TGkfIAG,2016-10-15 02:01:40,005G0000007vFt7IAE,2016-10-15 02:01:40,,,,,,,,
a9YG0000000KypRMAS,false,CHStore:InventoryApi,USD,00DG0000000hBllMAE,2016-06-23 00:40:35,005G0000008TGkfIAG,2016-06-23 00:40:35,005G0000008TGkfIAG,2016-06-23 00:40:35,,,cc_api_InventoryExtension,,,,,
a9YG0000000KypSMAS,false,CHStore:adjustService,USD,00DG0000000hBllMAE,2016-06-23 00:40:35,005G0000008TGkfIAG,2016-06-23 00:40:35,005G0000008TGkfIAG,2016-06-23 00:40:35,,,,,,,,
a9YG0000000KypTMAS,false,CHStore:TaxCalculationApi,USD,00DG0000000hBllMAE,2016-06-23 00:40:35,005G0000008TGkfIAG,2016-06-23 00:40:35,005G0000008TGkfIAG,2016-06-23 00:40:35,,,c.cc_jci_ctrl_TaxCalculation,,,,,
a9YG0000000KypUMAS,false,CHStore:DeliveryDateApi,USD,00DG0000000hBllMAE,2016-06-23 00:40:35,005G0000008TGkfIAG,2016-06-23 00:40:35,005G0000008TGkfIAG,2016-06-23 00:40:35,,,c.cc_jci_api_DeliveryDate,,,,,
a9YG0000000KypVMAS,false,CHStore:shipService,USD,00DG0000000hBllMAE,2016-06-23 00:40:35,005G0000008TGkfIAG,2016-06-23 00:40:35,005G0000008TGkfIAG,2016-06-23 00:40:35,,,cc_svc_ShippingAndHandlingGeneric,,,,,
a9YG0000000KypWMAS,false,CHStore:prodQtyRuleAPI,USD,00DG0000000hBllMAE,2016-06-23 00:40:35,005G0000008TGkfIAG,2016-06-23 00:40:35,005G0000008TGkfIAG,2016-06-23 00:40:35,,,cc_api_ProductQuantityRule,,,,,
a9YG0000000KypXMAS,false,CHStore:CartExtensionApi,USD,00DG0000000hBllMAE,2016-06-23 00:40:35,005G0000008TGkfIAG,2016-06-23 00:40:35,005G0000008TGkfIAG,2016-06-23 00:40:35,,,c.cc_jci_ctrl_CartValidation,,,,,
a9YG0000000KypYMAS,false,CHStore:shipApi,USD,00DG0000000hBllMAE,2016-06-23 00:40:35,005G0000008TGkfIAG,2016-06-23 00:40:35,005G0000008TGkfIAG,2016-06-23 00:40:35,,,c.cc_jci_ctrl_ShippingOptions,,,,,
a9YG0000000KyqFMAS,false,CHStore:DynCatDao,USD,00DG0000000hBllMAE,2016-06-23 00:40:35,005G0000008TGkfIAG,2016-06-23 00:40:35,005G0000008TGkfIAG,2016-06-23 00:40:35,,,,,,,,
a9YG0000000KyqGMAS,false,IRStore:DynMenuApi,USD,00DG0000000hBllMAE,2016-06-23 00:40:35,005G0000008TGkfIAG,2016-06-23 00:40:35,005G0000008TGkfIAG,2016-06-23 00:40:35,,,cc_hk_Menu,,,,,
a9YG0000000KyqHMAS,false,CHStore:DynCatService,USD,00DG0000000hBllMAE,2016-06-23 00:40:35,005G0000008TGkfIAG,2016-06-23 00:40:35,005G0000008TGkfIAG,2016-06-23 00:40:35,,,,,,,,
a9YG0000000KyqIMAS,false,IRStore:SSOLoginApi,USD,00DG0000000hBllMAE,2016-06-23 00:40:35,005G0000008TGkfIAG,2016-06-23 00:40:35,005G0000008TGkfIAG,2016-06-23 00:40:35,,,c.cc_jci_ctrl_SSO,,,,,
a9YG0000000KyqJMAS,false,IRStore:SSOLoginDao,USD,00DG0000000hBllMAE,2016-06-23 00:40:35,005G0000008TGkfIAG,2016-06-23 00:40:35,005G0000008TGkfIAG,2016-06-23 00:40:35,,,,,,,,
a9YG0000000KyqKMAS,false,IRStore:SSOLoginService,USD,00DG0000000hBllMAE,2016-06-23 00:40:35,005G0000008TGkfIAG,2016-06-23 00:40:35,005G0000008TGkfIAG,2016-06-23 00:40:35,,,,,,,,
a9YG0000000KyqLMAS,false,IRStore:OutOrderCancelApi,USD,00DG0000000hBllMAE,2016-06-23 00:40:35,005G0000008TGkfIAG,2016-06-23 00:40:35,005G0000008TGkfIAG,2016-06-23 00:40:35,,,cc_api_OutboundOrderCancel,,,,,
a9YG0000000KyqMMAS,false,IRStore:prodQtyRuleAPI,USD,00DG0000000hBllMAE,2016-06-23 00:40:35,005G0000008TGkfIAG,2016-06-23 00:40:35,005G0000008TGkfIAG,2016-06-23 00:40:35,,,cc_api_ProductQuantityRule,,,,,
a9YG0000000KyqNMAS,false,IRStore:CartExtensionApi,USD,00DG0000000hBllMAE,2016-06-23 00:40:35,005G0000008TGkfIAG,2016-06-23 00:40:35,005G0000008TGkfIAG,2016-06-23 00:40:35,,,c.cc_jci_ctrl_CartValidation,,,,,
a9YG0000000KyqOMAS,false,IRStore:shipApi,USD,00DG0000000hBllMAE,2016-06-23 00:40:35,005G0000008TGkfIAG,2016-06-23 00:40:35,005G0000008TGkfIAG,2016-06-23 00:40:35,,,c.cc_jci_ctrl_ShippingOptions,,,,,
a9YG0000000Kyr0MAC,false,IRStore:CatalogApi,USD,00DG0000000hBllMAE,2016-06-23 00:40:35,005G0000008TGkfIAG,2016-06-23 00:40:35,005G0000008TGkfIAG,2016-06-23 00:40:35,,,c.cc_jci_hk_Catalog,,,,,
a9YG0000000Kyr1MAC,false,IRStore:CatalogDao,USD,00DG0000000hBllMAE,2016-06-23 00:40:35,005G0000008TGkfIAG,2016-06-23 00:40:35,005G0000008TGkfIAG,2016-06-23 00:40:35,,,,,,,,
a9YG0000000Kyr2MAC,false,IRStore:CatalogService,USD,00DG0000000hBllMAE,2016-06-23 00:40:35,005G0000008TGkfIAG,2016-06-23 00:40:35,005G0000008TGkfIAG,2016-06-23 00:40:35,,,,,,,,
a9YG0000000Kyr3MAC,false,DefaultStore:SSOLoginApi,USD,00DG0000000hBllMAE,2016-06-23 00:40:35,005G0000008TGkfIAG,2016-06-23 00:40:35,005G0000008TGkfIAG,2016-06-23 00:40:35,,,cc_hk_SSO,,,,,
a9YG0000000Kyr4MAC,false,DefaultStore:SSOLoginDao,USD,00DG0000000hBllMAE,2016-06-23 00:40:35,005G0000008TGkfIAG,2016-06-23 00:40:35,005G0000008TGkfIAG,2016-06-23 00:40:35,,,,,,,,
a9YG0000000KypZMAS,false,IRStore:DeliveryDateApi,USD,00DG0000000hBllMAE,2016-06-23 00:40:35,005G0000008TGkfIAG,2016-06-23 00:40:35,005G0000008TGkfIAG,2016-06-23 00:40:35,,,c.cc_jci_api_DeliveryDate,,,,,
a9YG0000000KypaMAC,false,IRStore:shipService,USD,00DG0000000hBllMAE,2016-06-23 00:40:35,005G0000008TGkfIAG,2016-06-23 00:40:35,005G0000008TGkfIAG,2016-06-23 00:40:35,,,cc_svc_ShippingAndHandlingGeneric,,,,,
a9YG0000000KypbMAC,false,IRStore:InvcHKApi,USD,00DG0000000hBllMAE,2016-06-23 00:40:35,005G0000008TGkfIAG,2016-06-23 00:40:35,005G0000008TGkfIAG,2016-06-23 00:40:35,,,cc_hk_Invoice,,,,,
a9YG0000000KypcMAC,false,IRStore:InvcHKDao,USD,00DG0000000hBllMAE,2016-06-23 00:40:35,005G0000008TGkfIAG,2016-06-23 00:40:35,005G0000008TGkfIAG,2016-06-23 00:40:35,,,,,,,,
a9YG0000000KypdMAC,false,IRStore:InvcHKService,USD,00DG0000000hBllMAE,2016-06-23 00:40:35,005G0000008TGkfIAG,2016-06-23 00:40:35,005G0000008TGkfIAG,2016-06-23 00:40:35,,,,,,,,
a9YG0000000KypeMAC,false,CHStore:EffAccountDao,USD,00DG0000000hBllMAE,2016-06-23 00:40:35,005G0000008TGkfIAG,2016-10-15 01:55:32,005G0000007vFt7IAE,2016-10-15 01:55:32,,,,,,,,
a9YG0000000KypfMAC,false,CHStore:EffAccountService,USD,00DG0000000hBllMAE,2016-06-23 00:40:35,005G0000008TGkfIAG,2016-10-15 01:55:32,005G0000007vFt7IAE,2016-10-15 01:55:32,,,,,,,,
a9YG0000000KypgMAC,false,CHStore:InvcHKApi,USD,00DG0000000hBllMAE,2016-06-23 00:40:35,005G0000008TGkfIAG,2016-06-23 00:40:35,005G0000008TGkfIAG,2016-06-23 00:40:35,,,cc_hk_Invoice,,,,,
a9YG0000000KyphMAC,false,CHStore:InvcHKDao,USD,00DG0000000hBllMAE,2016-06-23 00:40:35,005G0000008TGkfIAG,2016-06-23 00:40:35,005G0000008TGkfIAG,2016-06-23 00:40:35,,,,,,,,
a9YG0000000fxTJMAY,false,DefaultStore:PromotionsApi,USD,00DG0000000hBllMAE,2017-02-16 00:38:14,005G0000008TGZDIA4,2017-02-16 00:38:14,005G0000008TGZDIA4,2017-02-16 00:38:14,,,cc_hk_Promotion,,,,,
a9YG0000000fxSLMAY,false,ccServiceAccount:SACC,USD,00DG0000000hBllMAE,2017-02-16 00:38:03,005G0000008TGZDIA4,2017-02-16 00:38:03,005G0000008TGZDIA4,2017-02-16 00:38:03,,,ccServiceAccount,,SACC,sreg,,
a9YG0000000fxSMMAY,false,ccServiceAddress:SAD,USD,00DG0000000hBllMAE,2017-02-16 00:38:03,005G0000008TGZDIA4,2017-02-16 00:38:03,005G0000008TGZDIA4,2017-02-16 00:38:03,,,ccServiceAddress,,SAD,sreg,,
a9YG0000000fxSNMAY,false,ccServiceAddressBook:SADB,USD,00DG0000000hBllMAE,2017-02-16 00:38:03,005G0000008TGZDIA4,2017-02-16 00:38:03,005G0000008TGZDIA4,2017-02-16 00:38:03,,,ccServiceAddressBook,,SADB,sreg,,
a9YG0000000fxSOMAY,false,ccServiceCart:SC,USD,00DG0000000hBllMAE,2017-02-16 00:38:03,005G0000008TGZDIA4,2017-02-16 00:38:03,005G0000008TGZDIA4,2017-02-16 00:38:03,,,ccServiceCart,,SC,sreg,,
a9YG0000000fxSPMAY,false,ccServiceCartItemGroup:SCG,USD,00DG0000000hBllMAE,2017-02-16 00:38:03,005G0000008TGZDIA4,2017-02-16 00:38:03,005G0000008TGZDIA4,2017-02-16 00:38:03,,,ccServiceCartItemGroup,,SCG,sreg,,
a9YG0000000fxSQMAY,false,ccServiceCategory:SCT,USD,00DG0000000hBllMAE,2017-02-16 00:38:03,005G0000008TGZDIA4,2017-02-16 00:38:03,005G0000008TGZDIA4,2017-02-16 00:38:03,,,ccServiceCategory,,SCT,sreg,,
a9YG0000000fxSRMAY,false,ccServiceContact:SCON,USD,00DG0000000hBllMAE,2017-02-16 00:38:03,005G0000008TGZDIA4,2017-02-16 00:38:03,005G0000008TGZDIA4,2017-02-16 00:38:03,,,ccServiceContact,,SCON,sreg,,
a9YG0000000fxSSMAY,false,ccServiceCoupon:SCOUP,USD,00DG0000000hBllMAE,2017-02-16 00:38:03,005G0000008TGZDIA4,2017-02-16 00:38:03,005G0000008TGZDIA4,2017-02-16 00:38:03,,,ccServiceCoupon,,SCOUP,sreg,,
a9YG0000000fxSTMAY,false,ccServiceInvoice:SINV,USD,00DG0000000hBllMAE,2017-02-16 00:38:03,005G0000008TGZDIA4,2017-02-16 00:38:03,005G0000008TGZDIA4,2017-02-16 00:38:03,,,ccServiceInvoice,,SINV,sreg,,
a9YG0000000fxSUMAY,false,ccServiceMenu:SMNU,USD,00DG0000000hBllMAE,2017-02-16 00:38:03,005G0000008TGZDIA4,2017-02-16 00:38:03,005G0000008TGZDIA4,2017-02-16 00:38:03,,,ccServiceMenu,,SMNU,sreg,,
a9YG0000000fxSVMAY,false,ccServiceOrder:SO,USD,00DG0000000hBllMAE,2017-02-16 00:38:03,005G0000008TGZDIA4,2017-02-16 00:38:03,005G0000008TGZDIA4,2017-02-16 00:38:03,,,ccServiceOrder,,SO,sreg,,
a9YG0000000fxSWMAY,false,ccServiceProduct:SP,USD,00DG0000000hBllMAE,2017-02-16 00:38:03,005G0000008TGZDIA4,2017-02-16 00:38:03,005G0000008TGZDIA4,2017-02-16 00:38:03,,,ccServiceProduct,,SP,sreg,,
a9YG0000000fxSXMAY,false,ccServicePromotion:SPRO,USD,00DG0000000hBllMAE,2017-02-16 00:38:03,005G0000008TGZDIA4,2017-02-16 00:38:03,005G0000008TGZDIA4,2017-02-16 00:38:03,,,ccServicePromotion,,SPRO,sreg,,
a9YG0000000fxSYMAY,false,ccServiceRelatedProduct:SRP,USD,00DG0000000hBllMAE,2017-02-16 00:38:03,005G0000008TGZDIA4,2017-02-16 00:38:03,005G0000008TGZDIA4,2017-02-16 00:38:03,,,ccServiceRelatedProduct,,SRP,sreg,,
a9YG0000000fxSZMAY,false,ccServiceSeller:SEL,USD,00DG0000000hBllMAE,2017-02-16 00:38:03,005G0000008TGZDIA4,2017-02-16 00:38:03,005G0000008TGZDIA4,2017-02-16 00:38:03,,,ccServiceSeller,,SEL,sreg,,
a9YG0000000fxStMAI,false,ccLogicCartCreateCartItemGroup:LCCRIG,USD,00DG0000000hBllMAE,2017-02-16 00:38:06,005G0000008TGZDIA4,2017-02-16 00:38:06,005G0000008TGZDIA4,2017-02-16 00:38:06,,,ccLogicCartCreateCartItemGroup,,LCCRIG,lreg,,
a9YG0000000fxSuMAI,false,ccLogicCartGetDeliveryDates:LCDD,USD,00DG0000000hBllMAE,2017-02-16 00:38:06,005G0000008TGZDIA4,2017-02-16 00:38:06,005G0000008TGZDIA4,2017-02-16 00:38:06,,,ccLogicCartGetDeliveryDates,,LCDD,lreg,,
a9YG0000000fxSvMAI,false,ccLogicCartGetShippingOptions:LCTSO,USD,00DG0000000hBllMAE,2017-02-16 00:38:06,005G0000008TGZDIA4,2017-02-16 00:38:06,005G0000008TGZDIA4,2017-02-16 00:38:06,,,ccLogicCartGetShippingOptions,,LCTSO,lreg,,
a9YG0000000fxSwMAI,false,ccLogicCartInitItemGroups:LCIIG,USD,00DG0000000hBllMAE,2017-02-16 00:38:06,005G0000008TGZDIA4,2017-02-16 00:38:06,005G0000008TGZDIA4,2017-02-16 00:38:06,,,ccLogicCartInitItemGroups,,LCIIG,lreg,,
a9YG0000000fxSxMAI,false,ccLogicCartPlace:LCPLC,USD,00DG0000000hBllMAE,2017-02-16 00:38:06,005G0000008TGZDIA4,2017-02-16 00:38:06,005G0000008TGZDIA4,2017-02-16 00:38:06,,,ccLogicCartPlace,,LCPLC,lreg,,
a9YG0000000fxSyMAI,false,ccLogicCartPrice:LCPRC,USD,00DG0000000hBllMAE,2017-02-16 00:38:06,005G0000008TGZDIA4,2017-02-16 00:38:06,005G0000008TGZDIA4,2017-02-16 00:38:06,,,ccLogicCartPrice,,LCPRC,lreg,,
a9YG0000000fxSzMAI,false,ccLogicCartProcessItemGroups:LCPIG,USD,00DG0000000hBllMAE,2017-02-16 00:38:06,005G0000008TGZDIA4,2017-02-16 00:38:06,005G0000008TGZDIA4,2017-02-16 00:38:06,,,ccLogicCartProcessItemGroups,,LCPIG,lreg,,
a9YG0000000fxT0MAI,false,ccLogicCartRemove:LCREM,USD,00DG0000000hBllMAE,2017-02-16 00:38:06,005G0000008TGZDIA4,2017-02-16 00:38:06,005G0000008TGZDIA4,2017-02-16 00:38:06,,,ccLogicCartRemove,,LCREM,lreg,,
a9YG0000000fxTFMAY,false,ccLogicStorefrontIsAccessible:LSIA,USD,00DG0000000hBllMAE,2017-02-16 00:38:06,005G0000008TGZDIA4,2017-02-16 00:38:06,005G0000008TGZDIA4,2017-02-16 00:38:06,,,ccLogicStorefrontIsAccessible,,LSIA,lreg,,
a9YG0000000fxSaMAI,false,ccServiceSpec:SSPC,USD,00DG0000000hBllMAE,2017-02-16 00:38:03,005G0000008TGZDIA4,2017-02-16 00:38:03,005G0000008TGZDIA4,2017-02-16 00:38:03,,,ccServiceSpec,,SSPC,sreg,,
a9YG0000000fxSbMAI,false,ccServiceStorefrontAssociation:SASC,USD,00DG0000000hBllMAE,2017-02-16 00:38:03,005G0000008TGZDIA4,2017-02-16 00:38:03,005G0000008TGZDIA4,2017-02-16 00:38:03,,,ccServiceStorefrontAssociation,,SASC,sreg,,
a9YG0000000fxScMAI,false,ccServiceSubProdTerm:SSPT,USD,00DG0000000hBllMAE,2017-02-16 00:38:03,005G0000008TGZDIA4,2017-02-16 00:38:03,005G0000008TGZDIA4,2017-02-16 00:38:03,,,ccServiceSubProdTerm,,SSPT,sreg,,
a9YG0000000fxSdMAI,false,ccServiceSubscPage:SPGE,USD,00DG0000000hBllMAE,2017-02-16 00:38:03,005G0000008TGZDIA4,2017-02-16 00:38:03,005G0000008TGZDIA4,2017-02-16 00:38:03,,,ccServiceSubscPage,,SPGE,sreg,,
a9YG0000000fxSeMAI,false,ccServiceSubscription:SSUB,USD,00DG0000000hBllMAE,2017-02-16 00:38:03,005G0000008TGZDIA4,2017-02-16 00:38:03,005G0000008TGZDIA4,2017-02-16 00:38:03,,,ccServiceSubscription,,SSUB,sreg,,
a9YG0000000fxSfMAI,false,ccServiceTerms:STRM,USD,00DG0000000hBllMAE,2017-02-16 00:38:03,005G0000008TGZDIA4,2017-02-16 00:38:03,005G0000008TGZDIA4,2017-02-16 00:38:03,,,ccServiceTerms,,STRM,sreg,,
a9YG0000000fxSgMAI,false,ccServiceTransactionPayment:STP,USD,00DG0000000hBllMAE,2017-02-16 00:38:03,005G0000008TGZDIA4,2017-02-16 00:38:03,005G0000008TGZDIA4,2017-02-16 00:38:03,,,ccServiceTransactionPayment,,STP,sreg,,
a9YG0000000fxShMAI,false,ccServiceUser:SUSR,USD,00DG0000000hBllMAE,2017-02-16 00:38:03,005G0000008TGZDIA4,2017-02-16 00:38:03,005G0000008TGZDIA4,2017-02-16 00:38:03,,,ccServiceUser,,SUSR,sreg,,
a9YG0000000fxSiMAI,false,ccLogicAccountCreateAccount:LACNW,USD,00DG0000000hBllMAE,2017-02-16 00:38:06,005G0000008TGZDIA4,2017-02-16 00:38:06,005G0000008TGZDIA4,2017-02-16 00:38:06,,,ccLogicAccountCreateAccount,,LACNW,lreg,,
a9YG0000000fxSjMAI,false,ccLogicAccountGetAnonymous:LACAN,USD,00DG0000000hBllMAE,2017-02-16 00:38:06,005G0000008TGZDIA4,2017-02-16 00:38:06,005G0000008TGZDIA4,2017-02-16 00:38:06,,,ccLogicAccountGetAnonymous,,LACAN,lreg,,
a9YG0000000fxT1MAI,false,ccLogicCartRemoveCart:LCREMC,USD,00DG0000000hBllMAE,2017-02-16 00:38:06,005G0000008TGZDIA4,2017-02-16 00:38:06,005G0000008TGZDIA4,2017-02-16 00:38:06,,,ccLogicCartRemoveCart,,LCREMC,lreg,,
a9YG0000000fxT2MAI,false,ccLogicCategoryTree:LCATTR,USD,00DG0000000hBllMAE,2017-02-16 00:38:06,005G0000008TGZDIA4,2017-02-16 00:38:06,005G0000008TGZDIA4,2017-02-16 00:38:06,,,ccLogicCategoryTree,,LCATTR,lreg,,
a9YG0000000fxT3MAI,false,ccLogicCouponClone:LCOUPCL,USD,00DG0000000hBllMAE,2017-02-16 00:38:06,005G0000008TGZDIA4,2017-02-16 00:38:06,005G0000008TGZDIA4,2017-02-16 00:38:06,,,ccLogicCouponClone,,LCOUPCL,lreg,,
a9YG0000000fxT4MAI,false,ccLogicI18NGetAvailableLocales:LSGAL,USD,00DG0000000hBllMAE,2017-02-16 00:38:06,005G0000008TGZDIA4,2017-02-16 00:38:06,005G0000008TGZDIA4,2017-02-16 00:38:06,,,ccLogicI18NGetAvailableLocales,,LSGAL,lreg,,
a9YG0000000fxT5MAI,false,ccLogicI18NGetLocale:LSGL,USD,00DG0000000hBllMAE,2017-02-16 00:38:06,005G0000008TGZDIA4,2017-02-16 00:38:06,005G0000008TGZDIA4,2017-02-16 00:38:06,,,ccLogicI18NGetLocale,,LSGL,lreg,,
a9YG0000000fxT6MAI,false,ccLogicI18NSetLocale:LSSL,USD,00DG0000000hBllMAE,2017-02-16 00:38:06,005G0000008TGZDIA4,2017-02-16 00:38:06,005G0000008TGZDIA4,2017-02-16 00:38:06,,,ccLogicI18NSetLocale,,LSSL,lreg,,
a9YG0000000fxT7MAI,false,ccLogicOrderAuthCancel:LOACL,USD,00DG0000000hBllMAE,2017-02-16 00:38:06,005G0000008TGZDIA4,2017-02-16 00:38:06,005G0000008TGZDIA4,2017-02-16 00:38:06,,,ccLogicOrderAuthCancel,,LOACL,lreg,,
a9YG0000000fxT8MAI,false,ccLogicOrderCancel:LOCL,USD,00DG0000000hBllMAE,2017-02-16 00:38:06,005G0000008TGZDIA4,2017-02-16 00:38:06,005G0000008TGZDIA4,2017-02-16 00:38:06,,,ccLogicOrderCancel,,LOCL,lreg,,
a9YG0000000fxTKMAY,false,DefaultStore:PromotionsDao,USD,00DG0000000hBllMAE,2017-02-16 00:38:14,005G0000008TGZDIA4,2017-02-16 00:38:14,005G0000008TGZDIA4,2017-02-16 00:38:14,,,,,,,,
a9YG0000000fxTLMAY,false,DefaultStore:PromotionsService,USD,00DG0000000hBllMAE,2017-02-16 00:38:14,005G0000008TGZDIA4,2017-02-16 00:38:14,005G0000008TGZDIA4,2017-02-16 00:38:14,,,,,,,,
a9YG0000000fxTGMAY,false,ccLogicStorefrontRouteFailure:LSRF,USD,00DG0000000hBllMAE,2017-02-16 00:38:06,005G0000008TGZDIA4,2017-02-16 00:38:06,005G0000008TGZDIA4,2017-02-16 00:38:06,,,ccLogicStorefrontRouteFailure,,LSRF,lreg,,
a9YG0000000fxTHMAY,false,ccLogicSubscPageNotFound:LSPNF,USD,00DG0000000hBllMAE,2017-02-16 00:38:06,005G0000008TGZDIA4,2017-02-16 00:38:06,005G0000008TGZDIA4,2017-02-16 00:38:06,,,ccLogicSubscPageNotFound,,LSPNF,lreg,,
a9YG0000000fxTIMAY,false,ccLogicUserCreateUser:LUSNW,USD,00DG0000000hBllMAE,2017-02-16 00:38:06,005G0000008TGZDIA4,2017-02-16 00:38:06,005G0000008TGZDIA4,2017-02-16 00:38:06,,,ccLogicUserCreateUser,,LUSNW,lreg,,
a9YG0000000fxSkMAI,false,ccLogicAccountGetCurrent:LACCR,USD,00DG0000000hBllMAE,2017-02-16 00:38:06,005G0000008TGZDIA4,2017-02-16 00:38:06,005G0000008TGZDIA4,2017-02-16 00:38:06,,,ccLogicAccountGetCurrent,,LACCR,lreg,,
a9YG0000000fxSlMAI,false,ccLogicAccountValidateNew:LACVL,USD,00DG0000000hBllMAE,2017-02-16 00:38:06,005G0000008TGZDIA4,2017-02-16 00:38:06,005G0000008TGZDIA4,2017-02-16 00:38:06,,,ccLogicAccountValidateNew,,LACVL,lreg,,
a9YG0000000fxSmMAI,false,ccLogicAddressBookCreateAddressBook:L1,USD,00DG0000000hBllMAE,2017-02-16 00:38:06,005G0000008TGZDIA4,2017-02-16 00:38:06,005G0000008TGZDIA4,2017-02-16 00:38:06,,,ccLogicAddressBookCreateAddressBook,,L1,lreg,,
a9YG0000000fxSnMAI,false,ccLogicAddressBookRemoveAddressBook:L2,USD,00DG0000000hBllMAE,2017-02-16 00:38:06,005G0000008TGZDIA4,2017-02-16 00:38:06,005G0000008TGZDIA4,2017-02-16 00:38:06,,,ccLogicAddressBookRemoveAddressBook,,L2,lreg,,
a9YG0000000fxSoMAI,false,ccLogicAddressCreateAddress:LADRCR,USD,00DG0000000hBllMAE,2017-02-16 00:38:06,005G0000008TGZDIA4,2017-02-16 00:38:06,005G0000008TGZDIA4,2017-02-16 00:38:06,,,ccLogicAddressCreateAddress,,LADRCR,lreg,,
a9YG0000000fxSpMAI,false,ccLogicCartAddTo:LCADD,USD,00DG0000000hBllMAE,2017-02-16 00:38:06,005G0000008TGZDIA4,2017-02-16 00:38:06,005G0000008TGZDIA4,2017-02-16 00:38:06,,,ccLogicCartAddTo,,LCADD,lreg,,
a9YG0000000fxSqMAI,false,ccLogicCartAdjustment:LCADJ,USD,00DG0000000hBllMAE,2017-02-16 00:38:06,005G0000008TGZDIA4,2017-02-16 00:38:06,005G0000008TGZDIA4,2017-02-16 00:38:06,,,ccLogicCartAdjustment,,LCADJ,lreg,,
a9YG0000000fxSrMAI,false,ccLogicCartClone:LCCPY,USD,00DG0000000hBllMAE,2017-02-16 00:38:06,005G0000008TGZDIA4,2017-02-16 00:38:06,005G0000008TGZDIA4,2017-02-16 00:38:06,,,ccLogicCartClone,,LCCPY,lreg,,
a9YG0000000fxSsMAI,false,ccLogicCartCreate:LCCRT,USD,00DG0000000hBllMAE,2017-02-16 00:38:06,005G0000008TGZDIA4,2017-02-16 00:38:06,005G0000008TGZDIA4,2017-02-16 00:38:06,,,ccLogicCartCreate,,LCCRT,lreg,,
a9YG0000000fxT9MAI,false,ccLogicOrderGetOrdersToSplit:LOGSPL,USD,00DG0000000hBllMAE,2017-02-16 00:38:06,005G0000008TGZDIA4,2017-02-16 00:38:06,005G0000008TGZDIA4,2017-02-16 00:38:06,,,ccLogicOrderGetOrdersToSplit,,LOGSPL,lreg,,
a9YG0000000fxTAMAY,false,ccLogicOrderHistory:LOH,USD,00DG0000000hBllMAE,2017-02-16 00:38:06,005G0000008TGZDIA4,2017-02-16 00:38:06,005G0000008TGZDIA4,2017-02-16 00:38:06,,,ccLogicOrderHistory,,LOH,lreg,,
a9YG0000000fxTBMAY,false,ccLogicOrderReOrder:LORE,USD,00DG0000000hBllMAE,2017-02-16 00:38:06,005G0000008TGZDIA4,2017-02-16 00:38:06,005G0000008TGZDIA4,2017-02-16 00:38:06,,,ccLogicOrderReOrder,,LORE,lreg,,
a9YG0000000fxTCMAY,false,ccLogicOrderSplitOrder:LOSPL,USD,00DG0000000hBllMAE,2017-02-16 00:38:06,005G0000008TGZDIA4,2017-02-16 00:38:06,005G0000008TGZDIA4,2017-02-16 00:38:06,,,ccLogicOrderSplitOrder,,LOSPL,lreg,,
a9YG0000000fxTDMAY,false,ccLogicProductPricing:LPP,USD,00DG0000000hBllMAE,2017-02-16 00:38:06,005G0000008TGZDIA4,2017-02-16 00:38:06,005G0000008TGZDIA4,2017-02-16 00:38:06,,,ccLogicProductPricing,,LPP,lreg,,
a9YG0000000fxTEMAY,false,ccLogicPromotionFilter:LPROF,USD,00DG0000000hBllMAE,2017-02-16 00:38:06,005G0000008TGZDIA4,2017-02-16 00:38:06,005G0000008TGZDIA4,2017-02-16 00:38:06,,,ccLogicPromotionFilter,,LPROF,lreg,,
