id,isdeleted,name,currencyisocode,setupownerid,createddate,createdbyid,lastmodifieddate,lastmodifiedbyid,systemmodstamp,lastvieweddate,lastreferenceddate,code__c,countrycode__c,state__c,
aABG0000000KyjbOAC,false,US_VT,USD,00DG0000000hBllMAE,2016-06-16 00:38:18,005G0000007ZLpxIAG,2016-06-16 00:38:18,005G0000007ZLpxIAG,2016-06-16 00:38:18,,,VT,US,Vermont,
aABG0000000KyjcOAC,false,US_WI,USD,00DG0000000hBllMAE,2016-06-16 00:38:18,005G0000007ZLpxIAG,2016-06-16 00:38:18,005G0000007ZLpxIAG,2016-06-16 00:38:18,,,WI,US,Wisconsin,
aABG0000000KyjdOAC,false,CA_ON,USD,00DG0000000hBllMAE,2016-06-16 00:38:18,005G0000007ZLpxIAG,2016-06-16 00:38:18,005G0000007ZLpxIAG,2016-06-16 00:38:18,,,ON,CA,Ontario,
aABG0000000KyjeOAC,false,CA_PE,USD,00DG0000000hBllMAE,2016-06-16 00:38:18,005G0000007ZLpxIAG,2016-06-16 00:38:18,005G0000007ZLpxIAG,2016-06-16 00:38:18,,,PE,CA,Prince Edward Island,
aABG0000000KyjfOAC,false,CA_QC,USD,00DG0000000hBllMAE,2016-06-16 00:38:18,005G0000007ZLpxIAG,2016-06-16 00:38:18,005G0000007ZLpxIAG,2016-06-16 00:38:18,,,QC,CA,Quebec,
aABG0000000KyjgOAC,false,CA_SK,USD,00DG0000000hBllMAE,2016-06-16 00:38:18,005G0000007ZLpxIAG,2016-06-16 00:38:18,005G0000007ZLpxIAG,2016-06-16 00:38:18,,,SK,CA,Saskatchewan,
aABG0000000KyjhOAC,false,CA_YT,USD,00DG0000000hBllMAE,2016-06-16 00:38:18,005G0000007ZLpxIAG,2016-06-16 00:38:18,005G0000007ZLpxIAG,2016-06-16 00:38:18,,,YT,CA,Yukon,
aABG0000000KyjiOAC,false,CA_NU,USD,00DG0000000hBllMAE,2016-06-16 00:38:18,005G0000007ZLpxIAG,2016-06-16 00:38:18,005G0000007ZLpxIAG,2016-06-16 00:38:18,,,NU,CA,Nunavut,
aABG0000000KyjjOAC,false,CA_NS,USD,00DG0000000hBllMAE,2016-06-16 00:38:18,005G0000007ZLpxIAG,2016-06-16 00:38:18,005G0000007ZLpxIAG,2016-06-16 00:38:18,,,NS,CA,Nova Scotia,
aABG0000000KyjkOAC,false,CA_NT,USD,00DG0000000hBllMAE,2016-06-16 00:38:18,005G0000007ZLpxIAG,2016-06-16 00:38:18,005G0000007ZLpxIAG,2016-06-16 00:38:18,,,NT,CA,Northwest Territories,
aABG0000000KyjlOAC,false,CA_NL,USD,00DG0000000hBllMAE,2016-06-16 00:38:18,005G0000007ZLpxIAG,2016-06-16 00:38:18,005G0000007ZLpxIAG,2016-06-16 00:38:18,,,NL,CA,Newfoundland and Labrador,
aABG0000000KyjmOAC,false,CA_MB,USD,00DG0000000hBllMAE,2016-06-16 00:38:18,005G0000007ZLpxIAG,2016-06-16 00:38:18,005G0000007ZLpxIAG,2016-06-16 00:38:18,,,MB,CA,Manitoba,
aABG0000000KyjnOAC,false,CA_BC,USD,00DG0000000hBllMAE,2016-06-16 00:38:18,005G0000007ZLpxIAG,2016-06-16 00:38:18,005G0000007ZLpxIAG,2016-06-16 00:38:18,,,BC,CA,British Columbia,
aABG0000000KyjoOAC,false,CA_AB,USD,00DG0000000hBllMAE,2016-06-16 00:38:18,005G0000007ZLpxIAG,2016-06-16 00:38:18,005G0000007ZLpxIAG,2016-06-16 00:38:18,,,AB,CA,Alberta,
aABG0000000KyjpOAC,false,CA_NB,USD,00DG0000000hBllMAE,2016-06-16 00:38:18,005G0000007ZLpxIAG,2016-06-16 00:38:18,005G0000007ZLpxIAG,2016-06-16 00:38:18,,,NB,CA,New Brunswick,
aABG0000000KyjqOAC,false,US_WV,USD,00DG0000000hBllMAE,2016-06-16 00:38:18,005G0000007ZLpxIAG,2016-06-16 00:38:18,005G0000007ZLpxIAG,2016-06-16 00:38:18,,,WV,US,West Virginia,
aABG0000000KyjrOAC,false,US_VA,USD,00DG0000000hBllMAE,2016-06-16 00:38:18,005G0000007ZLpxIAG,2016-06-16 00:38:18,005G0000007ZLpxIAG,2016-06-16 00:38:18,,,VA,US,Virginia,
aABG0000000KyjsOAC,false,US_WY,USD,00DG0000000hBllMAE,2016-06-16 00:38:18,005G0000007ZLpxIAG,2016-06-16 00:38:18,005G0000007ZLpxIAG,2016-06-16 00:38:18,,,WY,US,Wyoming,
aABG0000000KyjtOAC,false,US_WA,USD,00DG0000000hBllMAE,2016-06-16 00:38:18,005G0000007ZLpxIAG,2016-06-16 00:38:18,005G0000007ZLpxIAG,2016-06-16 00:38:18,,,WA,US,Washington,
aABG0000000KyjuOAC,false,US_AL,USD,00DG0000000hBllMAE,2016-06-16 00:38:18,005G0000007ZLpxIAG,2016-06-16 00:38:18,005G0000007ZLpxIAG,2016-06-16 00:38:18,,,AL,US,Alabama,
aABG0000000KyjvOAC,false,US_AK,USD,00DG0000000hBllMAE,2016-06-16 00:38:18,005G0000007ZLpxIAG,2016-06-16 00:38:18,005G0000007ZLpxIAG,2016-06-16 00:38:18,,,AK,US,Alaska,
aABG0000000KyjwOAC,false,US_AZ,USD,00DG0000000hBllMAE,2016-06-16 00:38:18,005G0000007ZLpxIAG,2016-06-16 00:38:18,005G0000007ZLpxIAG,2016-06-16 00:38:18,,,AZ,US,Arizona,
aABG0000000KyjxOAC,false,US_AR,USD,00DG0000000hBllMAE,2016-06-16 00:38:18,005G0000007ZLpxIAG,2016-06-16 00:38:18,005G0000007ZLpxIAG,2016-06-16 00:38:18,,,AR,US,Arkansas,
aABG0000000KyjyOAC,false,US_CA,USD,00DG0000000hBllMAE,2016-06-16 00:38:18,005G0000007ZLpxIAG,2016-06-16 00:38:18,005G0000007ZLpxIAG,2016-06-16 00:38:18,,,CA,US,California,
aABG0000000KyjzOAC,false,US_CO,USD,00DG0000000hBllMAE,2016-06-16 00:38:18,005G0000007ZLpxIAG,2016-06-16 00:38:18,005G0000007ZLpxIAG,2016-06-16 00:38:18,,,CO,US,Colorado,
aABG0000000Kyk0OAC,false,US_CT,USD,00DG0000000hBllMAE,2016-06-16 00:38:18,005G0000007ZLpxIAG,2016-06-16 00:38:18,005G0000007ZLpxIAG,2016-06-16 00:38:18,,,CT,US,Connecticut,
aABG0000000Kyk1OAC,false,US_DE,USD,00DG0000000hBllMAE,2016-06-16 00:38:18,005G0000007ZLpxIAG,2016-06-16 00:38:18,005G0000007ZLpxIAG,2016-06-16 00:38:18,,,DE,US,Delaware,
aABG0000000Kyk2OAC,false,US_FL,USD,00DG0000000hBllMAE,2016-06-16 00:38:18,005G0000007ZLpxIAG,2016-06-16 00:38:18,005G0000007ZLpxIAG,2016-06-16 00:38:18,,,FL,US,Florida,
aABG0000000Kyk3OAC,false,US_GA,USD,00DG0000000hBllMAE,2016-06-16 00:38:18,005G0000007ZLpxIAG,2016-06-16 00:38:18,005G0000007ZLpxIAG,2016-06-16 00:38:18,,,GA,US,Georgia,
aABG0000000Kyk4OAC,false,US_HI,USD,00DG0000000hBllMAE,2016-06-16 00:38:18,005G0000007ZLpxIAG,2016-06-16 00:38:18,005G0000007ZLpxIAG,2016-06-16 00:38:18,,,HI,US,Hawaii,
aABG0000000Kyk5OAC,false,US_ID,USD,00DG0000000hBllMAE,2016-06-16 00:38:18,005G0000007ZLpxIAG,2016-06-16 00:38:18,005G0000007ZLpxIAG,2016-06-16 00:38:18,,,ID,US,Idaho,
aABG0000000Kyk6OAC,false,US_IL,USD,00DG0000000hBllMAE,2016-06-16 00:38:18,005G0000007ZLpxIAG,2016-06-16 00:38:18,005G0000007ZLpxIAG,2016-06-16 00:38:18,,,IL,US,Illinois,
aABG0000000Kyk7OAC,false,US_IN,USD,00DG0000000hBllMAE,2016-06-16 00:38:18,005G0000007ZLpxIAG,2016-06-16 00:38:18,005G0000007ZLpxIAG,2016-06-16 00:38:18,,,IN,US,Indiana,
aABG0000000Kyk8OAC,false,US_IA,USD,00DG0000000hBllMAE,2016-06-16 00:38:18,005G0000007ZLpxIAG,2016-06-16 00:38:18,005G0000007ZLpxIAG,2016-06-16 00:38:18,,,IA,US,Iowa,
aABG0000000Kyk9OAC,false,US_KS,USD,00DG0000000hBllMAE,2016-06-16 00:38:18,005G0000007ZLpxIAG,2016-06-16 00:38:18,005G0000007ZLpxIAG,2016-06-16 00:38:18,,,KS,US,Kansas,
aABG0000000KykAOAS,false,US_KY,USD,00DG0000000hBllMAE,2016-06-16 00:38:18,005G0000007ZLpxIAG,2016-06-16 00:38:18,005G0000007ZLpxIAG,2016-06-16 00:38:18,,,KY,US,Kentucky,
aABG0000000KykBOAS,false,US_LA,USD,00DG0000000hBllMAE,2016-06-16 00:38:18,005G0000007ZLpxIAG,2016-06-16 00:38:18,005G0000007ZLpxIAG,2016-06-16 00:38:18,,,LA,US,Louisiana,
aABG0000000KykCOAS,false,US_ME,USD,00DG0000000hBllMAE,2016-06-16 00:38:18,005G0000007ZLpxIAG,2016-06-16 00:38:18,005G0000007ZLpxIAG,2016-06-16 00:38:18,,,ME,US,Maine,
aABG0000000KykDOAS,false,US_MD,USD,00DG0000000hBllMAE,2016-06-16 00:38:18,005G0000007ZLpxIAG,2016-06-16 00:38:18,005G0000007ZLpxIAG,2016-06-16 00:38:18,,,MD,US,Maryland,
aABG0000000KykEOAS,false,US_MA,USD,00DG0000000hBllMAE,2016-06-16 00:38:18,005G0000007ZLpxIAG,2016-06-16 00:38:18,005G0000007ZLpxIAG,2016-06-16 00:38:18,,,MA,US,Massachusetts,
aABG0000000KykFOAS,false,US_MI,USD,00DG0000000hBllMAE,2016-06-16 00:38:18,005G0000007ZLpxIAG,2016-06-16 00:38:18,005G0000007ZLpxIAG,2016-06-16 00:38:18,,,MI,US,Michigan,
aABG0000000KykGOAS,false,US_MN,USD,00DG0000000hBllMAE,2016-06-16 00:38:18,005G0000007ZLpxIAG,2016-06-16 00:38:18,005G0000007ZLpxIAG,2016-06-16 00:38:18,,,MN,US,Minnesota,
aABG0000000KykHOAS,false,US_MS,USD,00DG0000000hBllMAE,2016-06-16 00:38:18,005G0000007ZLpxIAG,2016-06-16 00:38:18,005G0000007ZLpxIAG,2016-06-16 00:38:18,,,MS,US,Mississippi,
aABG0000000KykIOAS,false,US_MO,USD,00DG0000000hBllMAE,2016-06-16 00:38:18,005G0000007ZLpxIAG,2016-06-16 00:38:18,005G0000007ZLpxIAG,2016-06-16 00:38:18,,,MO,US,Missouri,
aABG0000000KykJOAS,false,US_MT,USD,00DG0000000hBllMAE,2016-06-16 00:38:18,005G0000007ZLpxIAG,2016-06-16 00:38:18,005G0000007ZLpxIAG,2016-06-16 00:38:18,,,MT,US,Montana,
aABG0000000KykKOAS,false,US_NE,USD,00DG0000000hBllMAE,2016-06-16 00:38:18,005G0000007ZLpxIAG,2016-06-16 00:38:18,005G0000007ZLpxIAG,2016-06-16 00:38:18,,,NE,US,Nebraska,
aABG0000000KykLOAS,false,US_DC,USD,00DG0000000hBllMAE,2016-06-16 00:38:18,005G0000007ZLpxIAG,2016-06-16 00:38:18,005G0000007ZLpxIAG,2016-06-16 00:38:18,,,DC,US,District of Columbia,
aABG0000000KykMOAS,false,US_NV,USD,00DG0000000hBllMAE,2016-06-16 00:38:18,005G0000007ZLpxIAG,2016-06-16 00:38:18,005G0000007ZLpxIAG,2016-06-16 00:38:18,,,NV,US,Nevada,
aABG0000000KykNOAS,false,US_NH,USD,00DG0000000hBllMAE,2016-06-16 00:38:18,005G0000007ZLpxIAG,2016-06-16 00:38:18,005G0000007ZLpxIAG,2016-06-16 00:38:18,,,NH,US,New Hampshire,
aABG0000000KykOOAS,false,US_NJ,USD,00DG0000000hBllMAE,2016-06-16 00:38:18,005G0000007ZLpxIAG,2016-06-16 00:38:18,005G0000007ZLpxIAG,2016-06-16 00:38:18,,,NJ,US,New Jersey,
aABG0000000KykPOAS,false,US_NM,USD,00DG0000000hBllMAE,2016-06-16 00:38:18,005G0000007ZLpxIAG,2016-06-16 00:38:18,005G0000007ZLpxIAG,2016-06-16 00:38:18,,,NM,US,New Mexico,
aABG0000000KykQOAS,false,US_NY,USD,00DG0000000hBllMAE,2016-06-16 00:38:18,005G0000007ZLpxIAG,2016-06-16 00:38:18,005G0000007ZLpxIAG,2016-06-16 00:38:18,,,NY,US,New York,
aABG0000000KykROAS,false,US_NC,USD,00DG0000000hBllMAE,2016-06-16 00:38:18,005G0000007ZLpxIAG,2016-06-16 00:38:18,005G0000007ZLpxIAG,2016-06-16 00:38:18,,,NC,US,North Carolina,
aABG0000000KykSOAS,false,US_ND,USD,00DG0000000hBllMAE,2016-06-16 00:38:18,005G0000007ZLpxIAG,2016-06-16 00:38:18,005G0000007ZLpxIAG,2016-06-16 00:38:18,,,ND,US,North Dakota,
aABG0000000KykTOAS,false,US_OH,USD,00DG0000000hBllMAE,2016-06-16 00:38:18,005G0000007ZLpxIAG,2016-06-16 00:38:18,005G0000007ZLpxIAG,2016-06-16 00:38:18,,,OH,US,Ohio,
aABG0000000KykUOAS,false,US_OK,USD,00DG0000000hBllMAE,2016-06-16 00:38:18,005G0000007ZLpxIAG,2016-06-16 00:38:18,005G0000007ZLpxIAG,2016-06-16 00:38:18,,,OK,US,Oklahoma,
aABG0000000KykVOAS,false,US_OR,USD,00DG0000000hBllMAE,2016-06-16 00:38:18,005G0000007ZLpxIAG,2016-06-16 00:38:18,005G0000007ZLpxIAG,2016-06-16 00:38:18,,,OR,US,Oregon,
aABG0000000KykWOAS,false,US_PA,USD,00DG0000000hBllMAE,2016-06-16 00:38:18,005G0000007ZLpxIAG,2016-06-16 00:38:18,005G0000007ZLpxIAG,2016-06-16 00:38:18,,,PA,US,Pennsylvania,
aABG0000000KykXOAS,false,US_RI,USD,00DG0000000hBllMAE,2016-06-16 00:38:18,005G0000007ZLpxIAG,2016-06-16 00:38:18,005G0000007ZLpxIAG,2016-06-16 00:38:18,,,RI,US,Rhode Island,
aABG0000000KykYOAS,false,US_SC,USD,00DG0000000hBllMAE,2016-06-16 00:38:18,005G0000007ZLpxIAG,2016-06-16 00:38:18,005G0000007ZLpxIAG,2016-06-16 00:38:18,,,SC,US,South Carolina,
aABG0000000KykZOAS,false,US_SD,USD,00DG0000000hBllMAE,2016-06-16 00:38:18,005G0000007ZLpxIAG,2016-06-16 00:38:18,005G0000007ZLpxIAG,2016-06-16 00:38:18,,,SD,US,South Dakota,
aABG0000000KykaOAC,false,US_TN,USD,00DG0000000hBllMAE,2016-06-16 00:38:18,005G0000007ZLpxIAG,2016-06-16 00:38:18,005G0000007ZLpxIAG,2016-06-16 00:38:18,,,TN,US,Tennessee,
aABG0000000KykbOAC,false,US_TX,USD,00DG0000000hBllMAE,2016-06-16 00:38:18,005G0000007ZLpxIAG,2016-06-16 00:38:18,005G0000007ZLpxIAG,2016-06-16 00:38:18,,,TX,US,Texas,
aABG0000000KykcOAC,false,US_UT,USD,00DG0000000hBllMAE,2016-06-16 00:38:18,005G0000007ZLpxIAG,2016-06-16 00:38:18,005G0000007ZLpxIAG,2016-06-16 00:38:18,,,UT,US,Utah,
