id,isdeleted,name,currencyisocode,setupownerid,createddate,createdbyid,lastmodifieddate,lastmodifiedbyid,systemmodstamp,lastvieweddate,lastreferenceddate,currencysymbol__c,currency_name__c,displayformat__c,decimalpointchar__c,decimalpoints__c,storefront__c,thousandspointchar__c,default__c,
a8N3B000000Cb1TUAS,false,SHP,USD,00D3B0000008ukZUAQ,2017-03-01 16:28:18,0053B000000fTg9QAE,2017-03-01 16:28:18,0053B000000fTg9QAE,2017-03-01 16:28:18,,,163,St Helena Pound,{0}{1},comma,2.0,DefaultStore,ws,false,
a8N3B000000Cb1UUAS,false,SLL,USD,00D3B0000008ukZUAQ,2017-03-01 16:28:18,0053B000000fTg9QAE,2017-03-01 16:28:18,0053B000000fTg9QAE,2017-03-01 16:28:18,,,163,Sierra Leone Leone,{0}{1},comma,2.0,DefaultStore,ws,false,
a8N3B000000Cb1VUAS,false,HUF,USD,00D3B0000008ukZUAQ,2017-03-01 16:28:18,0053B000000fTg9QAE,2017-03-01 16:28:18,0053B000000fTg9QAE,2017-03-01 16:28:18,,,"70, 116",Hungarian Forint,{0}{1},,0.0,DefaultStore,dot,false,
a8N3B000000Cb1WUAS,false,IDR,USD,00D3B0000008ukZUAQ,2017-03-01 16:28:18,0053B000000fTg9QAE,2017-03-01 16:28:18,0053B000000fTg9QAE,2017-03-01 16:28:18,,,"82, 112",Indonesian Rupiah,{0}{1},comma,2.0,DefaultStore,dot,false,
a8N3B000000Cb1XUAS,false,SOS,USD,00D3B0000008ukZUAQ,2017-03-01 16:28:18,0053B000000fTg9QAE,2017-03-01 16:28:18,0053B000000fTg9QAE,2017-03-01 16:28:18,,,83,Somali Shilling,{0}{1},comma,2.0,DefaultStore,ws,false,
a8N3B000000Cb1YUAS,false,SRD,USD,00D3B0000008ukZUAQ,2017-03-01 16:28:18,0053B000000fTg9QAE,2017-03-01 16:28:18,0053B000000fTg9QAE,2017-03-01 16:28:18,,,36,Surinam Dollar,{0}{1},comma,2.0,DefaultStore,ws,false,
a8N3B000000Cb1ZUAS,false,STD,USD,00D3B0000008ukZUAQ,2017-03-01 16:28:18,0053B000000fTg9QAE,2017-03-01 16:28:18,0053B000000fTg9QAE,2017-03-01 16:28:18,,,36,Sao Tome Dobra,{0}{1},comma,2.0,DefaultStore,ws,false,
a8N3B000000Cb1aUAC,false,SYP,USD,00D3B0000008ukZUAQ,2017-03-01 16:28:18,0053B000000fTg9QAE,2017-03-01 16:28:18,0053B000000fTg9QAE,2017-03-01 16:28:18,,,163,Syrian Pound,{0}{1},comma,2.0,DefaultStore,ws,false,
a8N3B000000Cb1bUAC,false,SZL,USD,00D3B0000008ukZUAQ,2017-03-01 16:28:18,0053B000000fTg9QAE,2017-03-01 16:28:18,0053B000000fTg9QAE,2017-03-01 16:28:18,,,163,Swaziland Lilageni,{0}{1},dot,2.0,DefaultStore,comma,false,
a8N3B000000Cb1cUAC,false,THB,USD,00D3B0000008ukZUAQ,2017-03-01 16:28:18,0053B000000fTg9QAE,2017-03-01 16:28:18,0053B000000fTg9QAE,2017-03-01 16:28:18,,,3647,Thai Baht,{0}{1},dot,2.0,DefaultStore,comma,false,
a8N3B000000Cb1dUAC,false,TJS,USD,00D3B0000008ukZUAQ,2017-03-01 16:28:18,0053B000000fTg9QAE,2017-03-01 16:28:18,0053B000000fTg9QAE,2017-03-01 16:28:18,,,3647,Tajik Ruble,{0}{1},,0.0,DefaultStore,comma,false,
a8N3B000000Cb1eUAC,false,TMT,USD,00D3B0000008ukZUAQ,2017-03-01 16:28:18,0053B000000fTg9QAE,2017-03-01 16:28:18,0053B000000fTg9QAE,2017-03-01 16:28:18,,,3647,Turkmenistan Manat,{0}{1},comma,2.0,DefaultStore,ws,false,
a8N3B000000Cb1fUAC,false,TND,USD,00D3B0000008ukZUAQ,2017-03-01 16:28:18,0053B000000fTg9QAE,2017-03-01 16:28:18,0053B000000fTg9QAE,2017-03-01 16:28:18,,,3647,Tunisian Dinar,{0}{1},dot,3.0,DefaultStore,comma,false,
a8N3B000000Cb1gUAC,false,TOP,USD,00D3B0000008ukZUAQ,2017-03-01 16:28:18,0053B000000fTg9QAE,2017-03-01 16:28:18,0053B000000fTg9QAE,2017-03-01 16:28:18,,,3647,Tonga Pa'anga,{0}{1},dot,2.0,DefaultStore,comma,false,
a8N3B000000Cb1hUAC,false,IEP,USD,00D3B0000008ukZUAQ,2017-03-01 16:28:18,0053B000000fTg9QAE,2017-03-01 16:28:18,0053B000000fTg9QAE,2017-03-01 16:28:18,,,8364,Irish Pound,{0}{1},dot,2.0,DefaultStore,comma,false,
a8N3B000000Cb2yUAC,false,MAD,USD,00D3B0000008ukZUAQ,2017-03-01 16:28:18,0053B000000fTg9QAE,2017-03-01 16:28:18,0053B000000fTg9QAE,2017-03-01 16:28:18,,,"76, 115",Moroccan Dirham,{0}{1},dot,2.0,DefaultStore,comma,false,
a8N3B000000Cb2zUAC,false,MDL,USD,00D3B0000008ukZUAQ,2017-03-01 16:28:18,0053B000000fTg9QAE,2017-03-01 16:28:18,0053B000000fTg9QAE,2017-03-01 16:28:18,,,"76, 115",Moldovan Leu,{0}{1},dot,2.0,DefaultStore,comma,false,
a8N3B000000Cb30UAC,false,COP,USD,00D3B0000008ukZUAQ,2017-03-01 16:28:18,0053B000000fTg9QAE,2017-03-01 16:28:18,0053B000000fTg9QAE,2017-03-01 16:28:18,,,36,Colombian Peso,{0}{1},comma,2.0,DefaultStore,dot,false,
a8N3B000000Cb31UAC,false,CRC,USD,00D3B0000008ukZUAQ,2017-03-01 16:28:18,0053B000000fTg9QAE,2017-03-01 16:28:18,0053B000000fTg9QAE,2017-03-01 16:28:18,,,8353,Costa Rica Colon,{0}{1},comma,2.0,DefaultStore,dot,false,
a8N3B000000Cb1mUAC,false,TRY,USD,00D3B0000008ukZUAQ,2017-03-01 16:28:18,0053B000000fTg9QAE,2017-03-01 16:28:18,0053B000000fTg9QAE,2017-03-01 16:28:18,,,36,Turkish Lira,{0}{1},dot,2.0,DefaultStore,comma,false,
a8N3B000000Cb1nUAC,false,TTD,USD,00D3B0000008ukZUAQ,2017-03-01 16:28:18,0053B000000fTg9QAE,2017-03-01 16:28:18,0053B000000fTg9QAE,2017-03-01 16:28:18,,,"84, 84, 36",Trinidad and Tobago Dollar,{0}{1},comma,2.0,DefaultStore,ws,false,
a8N3B000000Cb1oUAC,false,TWD,USD,00D3B0000008ukZUAQ,2017-03-01 16:28:18,0053B000000fTg9QAE,2017-03-01 16:28:18,0053B000000fTg9QAE,2017-03-01 16:28:18,,,"78, 84, 36",Taiwan Dollar,{0}{1},comma,2.0,DefaultStore,ws,false,
a8N3B000000Cb1pUAC,false,TZS,USD,00D3B0000008ukZUAQ,2017-03-01 16:28:18,0053B000000fTg9QAE,2017-03-01 16:28:18,0053B000000fTg9QAE,2017-03-01 16:28:18,,,"78, 84, 36",Tanzanian Shilling,{0}{1},dot,2.0,DefaultStore,comma,false,
a8N3B000000Cb1qUAC,false,UAH,USD,00D3B0000008ukZUAQ,2017-03-01 16:28:18,0053B000000fTg9QAE,2017-03-01 16:28:18,0053B000000fTg9QAE,2017-03-01 16:28:18,,,8372,Ukraine Hryvnia,{0}{1},comma,2.0,DefaultStore,ws,false,
a8N3B000000Cb1iUAC,false,ILS,USD,00D3B0000008ukZUAQ,2017-03-01 16:28:18,0053B000000fTg9QAE,2017-03-01 16:28:18,0053B000000fTg9QAE,2017-03-01 16:28:18,,,8362,Israeli Shekel,{0}{1},dot,2.0,DefaultStore,comma,false,
a8N3B000000Cb1jUAC,false,INR,USD,00D3B0000008ukZUAQ,2017-03-01 16:28:18,0053B000000fTg9QAE,2017-03-01 16:28:18,0053B000000fTg9QAE,2017-03-01 16:28:18,,,36,Indian Rupee,{0}{1},dot,2.0,DefaultStore,comma,false,
a8N3B000000Cb1kUAC,false,IQD,USD,00D3B0000008ukZUAQ,2017-03-01 16:28:18,0053B000000fTg9QAE,2017-03-01 16:28:18,0053B000000fTg9QAE,2017-03-01 16:28:18,,,36,Iraqi Dinar,{0}{1},dot,3.0,DefaultStore,comma,false,
a8N3B000000Cb1lUAC,false,IRR,USD,00D3B0000008ukZUAQ,2017-03-01 16:28:18,0053B000000fTg9QAE,2017-03-01 16:28:18,0053B000000fTg9QAE,2017-03-01 16:28:18,,,65020,Iranian Rial,{0}{1},dot,2.0,DefaultStore,comma,false,
a8N3B000000Cb32UAC,false,CUP,USD,00D3B0000008ukZUAQ,2017-03-01 16:28:18,0053B000000fTg9QAE,2017-03-01 16:28:18,0053B000000fTg9QAE,2017-03-01 16:28:18,,,8369,Cuban Peso,{0}{1},dot,2.0,DefaultStore,comma,false,
a8N3B000000Cb33UAC,false,CVE,USD,00D3B0000008ukZUAQ,2017-03-01 16:28:18,0053B000000fTg9QAE,2017-03-01 16:28:18,0053B000000fTg9QAE,2017-03-01 16:28:18,,,8369,Cape Verde Escudo,{0}{1},,0.0,DefaultStore,comma,false,
a8N3B000000Cb34UAC,false,CZK,USD,00D3B0000008ukZUAQ,2017-03-01 16:28:18,0053B000000fTg9QAE,2017-03-01 16:28:18,0053B000000fTg9QAE,2017-03-01 16:28:18,,,"75, 269",Czech Koruna,{0}{1},comma,2.0,DefaultStore,dot,false,
a8N3B000000Cb35UAC,false,DEM,USD,00D3B0000008ukZUAQ,2017-03-01 16:28:18,0053B000000fTg9QAE,2017-03-01 16:28:18,0053B000000fTg9QAE,2017-03-01 16:28:18,,,8364,Deutsche Mark,{1}{0},comma,2.0,DefaultStore,dot,false,
a8N3B000000Cb36UAC,false,DJF,USD,00D3B0000008ukZUAQ,2017-03-01 16:28:18,0053B000000fTg9QAE,2017-03-01 16:28:18,0053B000000fTg9QAE,2017-03-01 16:28:18,,,"75, 269",Dijibouti Franc,{0}{1},,0.0,DefaultStore,comma,false,
a8N3B000000Cb37UAC,false,DKK,USD,00D3B0000008ukZUAQ,2017-03-01 16:28:18,0053B000000fTg9QAE,2017-03-01 16:28:18,0053B000000fTg9QAE,2017-03-01 16:28:18,,,"107, 114",Danish Krone,{0}{1},comma,2.0,DefaultStore,dot,false,
a8N3B000000Cb38UAC,false,DOP,USD,00D3B0000008ukZUAQ,2017-03-01 16:28:18,0053B000000fTg9QAE,2017-03-01 16:28:18,0053B000000fTg9QAE,2017-03-01 16:28:18,,,"82, 68, 36",Dominican Peso,{0}{1},dot,2.0,DefaultStore,comma,false,
a8N3B000000Cb39UAC,false,EEK,USD,00D3B0000008ukZUAQ,2017-03-01 16:28:18,0053B000000fTg9QAE,2017-03-01 16:28:18,0053B000000fTg9QAE,2017-03-01 16:28:18,,,"107, 114",Estonian Kroon,{0}{1},dot,2.0,DefaultStore,comma,false,
a8N3B000000Cb3AUAS,false,MGA,USD,00D3B0000008ukZUAQ,2017-03-01 16:28:18,0053B000000fTg9QAE,2017-03-01 16:28:18,0053B000000fTg9QAE,2017-03-01 16:28:18,,,"76, 115",Malagasy Ariary,{0}{1},,0.0,DefaultStore,comma,false,
a8N3B000000Cb3BUAS,false,MKD,USD,00D3B0000008ukZUAQ,2017-03-01 16:28:18,0053B000000fTg9QAE,2017-03-01 16:28:18,0053B000000fTg9QAE,2017-03-01 16:28:18,,,"1076, 1077, 1085",Macedonian Denar,{0}{1},dot,2.0,DefaultStore,comma,false,
a8N3B000000Cb1rUAC,false,UGX,USD,00D3B0000008ukZUAQ,2017-03-01 16:28:18,0053B000000fTg9QAE,2017-03-01 16:28:18,0053B000000fTg9QAE,2017-03-01 16:28:18,,,8372,Ugandan Shilling,{0}{1},comma,2.0,DefaultStore,ws,false,
a8N3B000000Cb1sUAC,false,USD,USD,00D3B0000008ukZUAQ,2017-03-01 16:28:18,0053B000000fTg9QAE,2017-03-01 16:28:18,0053B000000fTg9QAE,2017-03-01 16:28:18,,,36,US Dollars,{0}{1},dot,2.0,DefaultStore,comma,true,
a8N3B000000Cb1tUAC,false,UYU,USD,00D3B0000008ukZUAQ,2017-03-01 16:28:18,0053B000000fTg9QAE,2017-03-01 16:28:18,0053B000000fTg9QAE,2017-03-01 16:28:18,,,"36, 85",Uruguayan New Peso,{0}{1},comma,2.0,DefaultStore,dot,false,
a8N3B000000Cb1uUAC,false,UZS,USD,00D3B0000008ukZUAQ,2017-03-01 16:28:18,0053B000000fTg9QAE,2017-03-01 16:28:18,0053B000000fTg9QAE,2017-03-01 16:28:18,,,"1083, 1074",Uzbekistan Sum,{0}{1},comma,2.0,DefaultStore,ws,false,
a8N3B000000Cb1vUAC,false,VEF,USD,00D3B0000008ukZUAQ,2017-03-01 16:28:18,0053B000000fTg9QAE,2017-03-01 16:28:18,0053B000000fTg9QAE,2017-03-01 16:28:18,,,"66, 115",Venezuelan Bolivar Fuerte,{0}{1},comma,2.0,DefaultStore,dot,false,
a8N3B000000Cb1wUAC,false,VND,USD,00D3B0000008ukZUAQ,2017-03-01 16:28:18,0053B000000fTg9QAE,2017-03-01 16:28:18,0053B000000fTg9QAE,2017-03-01 16:28:18,,,8363,Vietnam Dong,{0}{1},,0.0,DefaultStore,dot,false,
a8N3B000000Cb1xUAC,false,VUV,USD,00D3B0000008ukZUAQ,2017-03-01 16:28:18,0053B000000fTg9QAE,2017-03-01 16:28:18,0053B000000fTg9QAE,2017-03-01 16:28:18,,,8363,Vanuatu Vatu,{0}{1},,0.0,DefaultStore,comma,false,
a8N3B000000Cb1yUAC,false,WST,USD,00D3B0000008ukZUAQ,2017-03-01 16:28:18,0053B000000fTg9QAE,2017-03-01 16:28:18,0053B000000fTg9QAE,2017-03-01 16:28:18,,,8363,Samoa Tala,{0}{1},comma,2.0,DefaultStore,ws,false,
a8N3B000000Cb1zUAC,false,XAF,USD,00D3B0000008ukZUAQ,2017-03-01 16:28:18,0053B000000fTg9QAE,2017-03-01 16:28:18,0053B000000fTg9QAE,2017-03-01 16:28:18,,,8363,CFA Franc (BEAC),{0}{1},,0.0,DefaultStore,comma,false,
a8N3B000000Cb20UAC,false,XCD,USD,00D3B0000008ukZUAQ,2017-03-01 16:28:18,0053B000000fTg9QAE,2017-03-01 16:28:18,0053B000000fTg9QAE,2017-03-01 16:28:18,,,36,East Caribbean Dollar,{0}{1},dot,2.0,DefaultStore,comma,false,
a8N3B000000Cb3CUAS,false,MMK,USD,00D3B0000008ukZUAQ,2017-03-01 16:28:18,0053B000000fTg9QAE,2017-03-01 16:28:18,0053B000000fTg9QAE,2017-03-01 16:28:18,,,"1076, 1077, 1085",Myanmar Kyat,{0}{1},dot,2.0,DefaultStore,comma,false,
a8N3B000000Cb3DUAS,false,MNT,USD,00D3B0000008ukZUAQ,2017-03-01 16:28:18,0053B000000fTg9QAE,2017-03-01 16:28:18,0053B000000fTg9QAE,2017-03-01 16:28:18,,,8366,Mongolian Tugrik,{0}{1},dot,2.0,DefaultStore,comma,false,
a8N3B000000Cb3EUAS,false,MOP,USD,00D3B0000008ukZUAQ,2017-03-01 16:28:18,0053B000000fTg9QAE,2017-03-01 16:28:18,0053B000000fTg9QAE,2017-03-01 16:28:18,,,8366,Macau Pataca,{0}{1},dot,2.0,DefaultStore,comma,false,
a8N3B000000Cb3FUAS,false,MRO,USD,00D3B0000008ukZUAQ,2017-03-01 16:28:18,0053B000000fTg9QAE,2017-03-01 16:28:18,0053B000000fTg9QAE,2017-03-01 16:28:18,,,8366,Mauritania Ougulya,{0}{1},dot,2.0,DefaultStore,comma,false,
a8N3B000000Cb3GUAS,false,MUR,USD,00D3B0000008ukZUAQ,2017-03-01 16:28:18,0053B000000fTg9QAE,2017-03-01 16:28:18,0053B000000fTg9QAE,2017-03-01 16:28:18,,,8360,Mauritius Rupee,{0}{1},,0.0,DefaultStore,comma,false,
a8N3B000000Cb3HUAS,false,MVR,USD,00D3B0000008ukZUAQ,2017-03-01 16:28:18,0053B000000fTg9QAE,2017-03-01 16:28:18,0053B000000fTg9QAE,2017-03-01 16:28:18,,,8360,Maldives Rufiyaa,{0}{1},dot,2.0,DefaultStore,comma,false,
a8N3B000000Cb3IUAS,false,MWK,USD,00D3B0000008ukZUAQ,2017-03-01 16:28:18,0053B000000fTg9QAE,2017-03-01 16:28:18,0053B000000fTg9QAE,2017-03-01 16:28:18,,,8360,Malawi Kwacha,{0}{1},dot,2.0,DefaultStore,comma,false,
a8N3B000000Cb3JUAS,false,MXN,USD,00D3B0000008ukZUAQ,2017-03-01 16:28:18,0053B000000fTg9QAE,2017-03-01 16:28:18,0053B000000fTg9QAE,2017-03-01 16:28:18,,,36,Mexican Peso,{0}{1},dot,2.0,DefaultStore,comma,false,
a8N3B000000Cb3KUAS,false,EGP,USD,00D3B0000008ukZUAQ,2017-03-01 16:28:18,0053B000000fTg9QAE,2017-03-01 16:28:18,0053B000000fTg9QAE,2017-03-01 16:28:18,,,163,Egyptian Pound,{0}{1},dot,2.0,DefaultStore,comma,false,
a8N3B000000Cb3LUAS,false,ERN,USD,00D3B0000008ukZUAQ,2017-03-01 16:28:18,0053B000000fTg9QAE,2017-03-01 16:28:18,0053B000000fTg9QAE,2017-03-01 16:28:18,,,163,Eritrea Nakfa,{0}{1},comma,2.0,DefaultStore,ws,false,
a8N3B000000Cb21UAC,false,AED,USD,00D3B0000008ukZUAQ,2017-03-01 16:28:18,0053B000000fTg9QAE,2017-03-01 16:28:18,0053B000000fTg9QAE,2017-03-01 16:28:18,,,36,UAE Dirham,{0}{1},dot,2.0,DefaultStore,comma,false,
a8N3B000000Cb22UAC,false,AFN,USD,00D3B0000008ukZUAQ,2017-03-01 16:28:18,0053B000000fTg9QAE,2017-03-01 16:28:18,0053B000000fTg9QAE,2017-03-01 16:28:18,,,1547,Afghani,{0}{1},dot,2.0,DefaultStore,comma,false,
a8N3B000000Cb23UAC,false,ANG,USD,00D3B0000008ukZUAQ,2017-03-01 16:28:18,0053B000000fTg9QAE,2017-03-01 16:28:18,0053B000000fTg9QAE,2017-03-01 16:28:18,,,402,Neth Antilles Guilder,{0}{1},comma,2.0,DefaultStore,dot,false,
a8N3B000000Cb24UAC,false,ATS,USD,00D3B0000008ukZUAQ,2017-03-01 16:28:18,0053B000000fTg9QAE,2017-03-01 16:28:18,0053B000000fTg9QAE,2017-03-01 16:28:18,,,8364,Austrian Shilling,{1}{0},comma,2.0,DefaultStore,dot,false,
a8N3B000000Cb25UAC,false,AUD,USD,00D3B0000008ukZUAQ,2017-03-01 16:28:18,0053B000000fTg9QAE,2017-03-01 16:28:18,0053B000000fTg9QAE,2017-03-01 16:28:18,,,36,Australian Dollar,{0}{1},comma,2.0,DefaultStore,dot,false,
a8N3B000000Cb26UAC,false,XOF,USD,00D3B0000008ukZUAQ,2017-03-01 16:28:18,0053B000000fTg9QAE,2017-03-01 16:28:18,0053B000000fTg9QAE,2017-03-01 16:28:18,,,36,CFA Franc (BCEAO),{0}{1},dot,2.0,DefaultStore,comma,false,
a8N3B000000Cb27UAC,false,XPF,USD,00D3B0000008ukZUAQ,2017-03-01 16:28:18,0053B000000fTg9QAE,2017-03-01 16:28:18,0053B000000fTg9QAE,2017-03-01 16:28:18,,,36,Pacific Franc,{0}{1},,0.0,DefaultStore,comma,false,
a8N3B000000Cb28UAC,false,AZN,USD,00D3B0000008ukZUAQ,2017-03-01 16:28:18,0053B000000fTg9QAE,2017-03-01 16:28:18,0053B000000fTg9QAE,2017-03-01 16:28:18,,,"1084, 1072, 1085",Azerbaijanian Manat,{0}{1},dot,2.0,DefaultStore,comma,false,
a8N3B000000Cb3MUAS,false,ESP,USD,00D3B0000008ukZUAQ,2017-03-01 16:28:18,0053B000000fTg9QAE,2017-03-01 16:28:18,0053B000000fTg9QAE,2017-03-01 16:28:18,,,8364,Spanish Peseta,{1}{0},comma,2.0,DefaultStore,dot,false,
a8N3B000000Cb3NUAS,false,ETB,USD,00D3B0000008ukZUAQ,2017-03-01 16:28:18,0053B000000fTg9QAE,2017-03-01 16:28:18,0053B000000fTg9QAE,2017-03-01 16:28:18,,,163,Ethiopian Kroon,{0}{1},comma,2.0,DefaultStore,ws,false,
a8N3B000000Cb29UAC,false,BAM,USD,00D3B0000008ukZUAQ,2017-03-01 16:28:18,0053B000000fTg9QAE,2017-03-01 16:28:18,0053B000000fTg9QAE,2017-03-01 16:28:18,,,"75, 77",Convertible Marks,{0}{1},dot,2.0,DefaultStore,comma,false,
a8N3B000000Cb2AUAS,false,BBD,USD,00D3B0000008ukZUAQ,2017-03-01 16:28:18,0053B000000fTg9QAE,2017-03-01 16:28:18,0053B000000fTg9QAE,2017-03-01 16:28:18,,,36,Barbados Dollar,{0}{1},dot,2.0,DefaultStore,comma,false,
a8N3B000000Cb2BUAS,false,BDT,USD,00D3B0000008ukZUAQ,2017-03-01 16:28:18,0053B000000fTg9QAE,2017-03-01 16:28:18,0053B000000fTg9QAE,2017-03-01 16:28:18,,,36,Bangladesh Taka,{0}{1},dot,2.0,DefaultStore,comma,false,
a8N3B000000Cb2CUAS,false,BEF,USD,00D3B0000008ukZUAQ,2017-03-01 16:28:18,0053B000000fTg9QAE,2017-03-01 16:28:18,0053B000000fTg9QAE,2017-03-01 16:28:18,,,8364,Belgian Francs,{0}{1},comma,2.0,DefaultStore,dot,false,
a8N3B000000Cb2DUAS,false,BGN,USD,00D3B0000008ukZUAQ,2017-03-01 16:28:18,0053B000000fTg9QAE,2017-03-01 16:28:18,0053B000000fTg9QAE,2017-03-01 16:28:18,,,"1083, 1074",Bulgaria Lev,{0}{1},dot,2.0,DefaultStore,comma,false,
a8N3B000000Cb2EUAS,false,BHD,USD,00D3B0000008ukZUAQ,2017-03-01 16:28:18,0053B000000fTg9QAE,2017-03-01 16:28:18,0053B000000fTg9QAE,2017-03-01 16:28:18,,,"1083, 1074",Bahraini Dinar,{0}{1},dot,3.0,DefaultStore,comma,false,
a8N3B000000Cb2FUAS,false,BIF,USD,00D3B0000008ukZUAQ,2017-03-01 16:28:18,0053B000000fTg9QAE,2017-03-01 16:28:18,0053B000000fTg9QAE,2017-03-01 16:28:18,,,"1083, 1074",Burundi Franc,{0}{1},,0.0,DefaultStore,comma,false,
a8N3B000000Cb2GUAS,false,YER,USD,00D3B0000008ukZUAQ,2017-03-01 16:28:18,0053B000000fTg9QAE,2017-03-01 16:28:18,0053B000000fTg9QAE,2017-03-01 16:28:18,,,65020,Yemen Riyal,{0}{1},comma,2.0,DefaultStore,ws,false,
a8N3B000000Cb3OUAS,false,EUR,USD,00D3B0000008ukZUAQ,2017-03-01 16:28:18,0053B000000fTg9QAE,2017-03-01 16:28:18,0053B000000fTg9QAE,2017-03-01 16:28:18,,,8364,Euro,{0}{1},comma,2.0,DefaultStore,dot,false,
a8N3B000000Cb3PUAS,false,FIM,USD,00D3B0000008ukZUAQ,2017-03-01 16:28:18,0053B000000fTg9QAE,2017-03-01 16:28:18,0053B000000fTg9QAE,2017-03-01 16:28:18,,,8364,Finnish Mark,{0}{1},comma,2.0,DefaultStore,dot,false,
a8N3B000000Cb3QUAS,false,FJD,USD,00D3B0000008ukZUAQ,2017-03-01 16:28:18,0053B000000fTg9QAE,2017-03-01 16:28:18,0053B000000fTg9QAE,2017-03-01 16:28:18,,,36,Fiji Dollar,{0}{1},comma,2.0,DefaultStore,ws,false,
a8N3B000000Cb3RUAS,false,MXV,USD,00D3B0000008ukZUAQ,2017-03-01 16:28:18,0053B000000fTg9QAE,2017-03-01 16:28:18,0053B000000fTg9QAE,2017-03-01 16:28:18,,,36,Mexican Unidad de Inversion (UDI),{0}{1},dot,2.0,DefaultStore,comma,false,
a8N3B000000Cb3SUAS,false,MYR,USD,00D3B0000008ukZUAQ,2017-03-01 16:28:18,0053B000000fTg9QAE,2017-03-01 16:28:18,0053B000000fTg9QAE,2017-03-01 16:28:18,,,"82, 77",Malaysian Ringgit,{0}{1},dot,2.0,DefaultStore,comma,false,
a8N3B000000Cb2HUAS,false,ZAR,USD,00D3B0000008ukZUAQ,2017-03-01 16:28:18,0053B000000fTg9QAE,2017-03-01 16:28:18,0053B000000fTg9QAE,2017-03-01 16:28:18,,,82,South African Rand,{0}{1},comma,2.0,DefaultStore,dot,false,
a8N3B000000Cb2IUAS,false,ZMK,USD,00D3B0000008ukZUAQ,2017-03-01 16:28:18,0053B000000fTg9QAE,2017-03-01 16:28:18,0053B000000fTg9QAE,2017-03-01 16:28:18,,,82,Zambian Kwacha,{0}{1},comma,2.0,DefaultStore,ws,false,
a8N3B000000Cb2JUAS,false,ZWD,USD,00D3B0000008ukZUAQ,2017-03-01 16:28:18,0053B000000fTg9QAE,2017-03-01 16:28:18,0053B000000fTg9QAE,2017-03-01 16:28:18,,,"90, 36",Zimbabwe Dollar,{0}{1},comma,2.0,DefaultStore,dot,false,
a8N3B000000Cb2KUAS,false,BMD,USD,00D3B0000008ukZUAQ,2017-03-01 16:28:18,0053B000000fTg9QAE,2017-03-01 16:28:18,0053B000000fTg9QAE,2017-03-01 16:28:18,,,36,Bermuda Dollar,{0}{1},dot,2.0,DefaultStore,comma,false,
a8N3B000000Cb2LUAS,false,BND,USD,00D3B0000008ukZUAQ,2017-03-01 16:28:18,0053B000000fTg9QAE,2017-03-01 16:28:18,0053B000000fTg9QAE,2017-03-01 16:28:18,,,36,Brunei Dollar,{0}{1},dot,2.0,DefaultStore,comma,false,
a8N3B000000Cb2MUAS,false,BOB,USD,00D3B0000008ukZUAQ,2017-03-01 16:28:18,0053B000000fTg9QAE,2017-03-01 16:28:18,0053B000000fTg9QAE,2017-03-01 16:28:18,,,"36, 98",Bolivian Boliviano,{0}{1},dot,2.0,DefaultStore,comma,false,
a8N3B000000Cb3TUAS,false,MZN,USD,00D3B0000008ukZUAQ,2017-03-01 16:28:18,0053B000000fTg9QAE,2017-03-01 16:28:18,0053B000000fTg9QAE,2017-03-01 16:28:18,,,"77, 84",Mozambique Metical,{0}{1},,0.0,DefaultStore,comma,false,
a8N3B000000Cb2NUAS,false,BOV,USD,00D3B0000008ukZUAQ,2017-03-01 16:28:18,0053B000000fTg9QAE,2017-03-01 16:28:18,0053B000000fTg9QAE,2017-03-01 16:28:18,,,"36, 98",Bolivia Mvdol,{0}{1},dot,2.0,DefaultStore,comma,false,
a8N3B000000Cb2OUAS,false,BRL,USD,00D3B0000008ukZUAQ,2017-03-01 16:28:18,0053B000000fTg9QAE,2017-03-01 16:28:18,0053B000000fTg9QAE,2017-03-01 16:28:18,,,"82, 36",Brazilian Real,{0}{1},comma,2.0,DefaultStore,dot,false,
a8N3B000000Cb2PUAS,false,BSD,USD,00D3B0000008ukZUAQ,2017-03-01 16:28:18,0053B000000fTg9QAE,2017-03-01 16:28:18,0053B000000fTg9QAE,2017-03-01 16:28:18,,,36,Bahamian Dollar,{0}{1},dot,2.0,DefaultStore,comma,false,
a8N3B000000Cb2QUAS,false,BTN,USD,00D3B0000008ukZUAQ,2017-03-01 16:28:18,0053B000000fTg9QAE,2017-03-01 16:28:18,0053B000000fTg9QAE,2017-03-01 16:28:18,,,36,Bhutan Ngultrum,{0}{1},dot,2.0,DefaultStore,comma,false,
a8N3B000000Cb2RUAS,false,ISK,USD,00D3B0000008ukZUAQ,2017-03-01 16:28:18,0053B000000fTg9QAE,2017-03-01 16:28:18,0053B000000fTg9QAE,2017-03-01 16:28:18,,,"107, 114",Iceland Krona,{0}{1},,0.0,DefaultStore,dot,false,
a8N3B000000Cb2SUAS,false,ITL,USD,00D3B0000008ukZUAQ,2017-03-01 16:28:18,0053B000000fTg9QAE,2017-03-01 16:28:18,0053B000000fTg9QAE,2017-03-01 16:28:18,,,8364,Italian Lira,{0}{1},comma,2.0,DefaultStore,dot,false,
a8N3B000000Cb2TUAS,false,JMD,USD,00D3B0000008ukZUAQ,2017-03-01 16:28:18,0053B000000fTg9QAE,2017-03-01 16:28:18,0053B000000fTg9QAE,2017-03-01 16:28:18,,,"74, 36",Jamaican Dollar,{0}{1},dot,2.0,DefaultStore,comma,false,
a8N3B000000Cb2UUAS,false,JOD,USD,00D3B0000008ukZUAQ,2017-03-01 16:28:18,0053B000000fTg9QAE,2017-03-01 16:28:18,0053B000000fTg9QAE,2017-03-01 16:28:18,,,"74, 36",Jordanian Dinar,{0}{1},dot,3.0,DefaultStore,comma,false,
a8N3B000000Cb2VUAS,false,JPY,USD,00D3B0000008ukZUAQ,2017-03-01 16:28:18,0053B000000fTg9QAE,2017-03-01 16:28:18,0053B000000fTg9QAE,2017-03-01 16:28:18,,,165,Japanese Yen,{0}{1},,0.0,DefaultStore,comma,false,
a8N3B000000Cb2WUAS,false,KES,USD,00D3B0000008ukZUAQ,2017-03-01 16:28:18,0053B000000fTg9QAE,2017-03-01 16:28:18,0053B000000fTg9QAE,2017-03-01 16:28:18,,,165,Kenyan Shilling,{0}{1},dot,2.0,DefaultStore,comma,false,
a8N3B000000Cb2XUAS,false,KGS,USD,00D3B0000008ukZUAQ,2017-03-01 16:28:18,0053B000000fTg9QAE,2017-03-01 16:28:18,0053B000000fTg9QAE,2017-03-01 16:28:18,,,"1083, 1074",Kyrgyzstan Som,{0}{1},dot,2.0,DefaultStore,comma,false,
a8N3B000000Cb2YUAS,false,KHR,USD,00D3B0000008ukZUAQ,2017-03-01 16:28:18,0053B000000fTg9QAE,2017-03-01 16:28:18,0053B000000fTg9QAE,2017-03-01 16:28:18,,,6107,Cambodia Riel,{0}{1},comma,2.0,DefaultStore,ws,false,
a8N3B000000Cb2ZUAS,false,KMF,USD,00D3B0000008ukZUAQ,2017-03-01 16:28:18,0053B000000fTg9QAE,2017-03-01 16:28:18,0053B000000fTg9QAE,2017-03-01 16:28:18,,,6107,Comoros Franc,{0}{1},,0.0,DefaultStore,comma,false,
a8N3B000000Cb2aUAC,false,KPW,USD,00D3B0000008ukZUAQ,2017-03-01 16:28:18,0053B000000fTg9QAE,2017-03-01 16:28:18,0053B000000fTg9QAE,2017-03-01 16:28:18,,,8361,North Korean Won,{0}{1},dot,2.0,DefaultStore,comma,false,
a8N3B000000Cb2bUAC,false,KRW,USD,00D3B0000008ukZUAQ,2017-03-01 16:28:18,0053B000000fTg9QAE,2017-03-01 16:28:18,0053B000000fTg9QAE,2017-03-01 16:28:18,,,8361,Korean Won,{0}{1},,0.0,DefaultStore,comma,false,
a8N3B000000Cb2cUAC,false,KWD,USD,00D3B0000008ukZUAQ,2017-03-01 16:28:18,0053B000000fTg9QAE,2017-03-01 16:28:18,0053B000000fTg9QAE,2017-03-01 16:28:18,,,8361,Kuwaiti Dinar,{0}{1},dot,3.0,DefaultStore,comma,false,
a8N3B000000Cb2dUAC,false,KYD,USD,00D3B0000008ukZUAQ,2017-03-01 16:28:18,0053B000000fTg9QAE,2017-03-01 16:28:18,0053B000000fTg9QAE,2017-03-01 16:28:18,,,36,Cayman Islands Dollar,{0}{1},dot,2.0,DefaultStore,comma,false,
a8N3B000000Cb2eUAC,false,KZT,USD,00D3B0000008ukZUAQ,2017-03-01 16:28:18,0053B000000fTg9QAE,2017-03-01 16:28:18,0053B000000fTg9QAE,2017-03-01 16:28:18,,,"1083, 1074",Kazakhstan Tenge,{0}{1},dot,2.0,DefaultStore,comma,false,
a8N3B000000Cb2fUAC,false,LAK,USD,00D3B0000008ukZUAQ,2017-03-01 16:28:18,0053B000000fTg9QAE,2017-03-01 16:28:18,0053B000000fTg9QAE,2017-03-01 16:28:18,,,8365,Lao Kip,{0}{1},dot,2.0,DefaultStore,comma,false,
a8N3B000000Cb2gUAC,false,LBP,USD,00D3B0000008ukZUAQ,2017-03-01 16:28:18,0053B000000fTg9QAE,2017-03-01 16:28:18,0053B000000fTg9QAE,2017-03-01 16:28:18,,,163,Lebanese Pound,{0}{1},,0.0,DefaultStore,ws,false,
a8N3B000000Cb2hUAC,false,LKR,USD,00D3B0000008ukZUAQ,2017-03-01 16:28:18,0053B000000fTg9QAE,2017-03-01 16:28:18,0053B000000fTg9QAE,2017-03-01 16:28:18,,,8360,Sri Lanka Rupee,{0}{1},comma,2.0,DefaultStore,ws,false,
a8N3B000000Cb2iUAC,false,LRD,USD,00D3B0000008ukZUAQ,2017-03-01 16:28:18,0053B000000fTg9QAE,2017-03-01 16:28:18,0053B000000fTg9QAE,2017-03-01 16:28:18,,,36,Liberian Dollar,{0}{1},dot,2.0,DefaultStore,comma,false,
a8N3B000000Cb2jUAC,false,LSL,USD,00D3B0000008ukZUAQ,2017-03-01 16:28:18,0053B000000fTg9QAE,2017-03-01 16:28:18,0053B000000fTg9QAE,2017-03-01 16:28:18,,,36,Lesotho Loti,{0}{1},dot,2.0,DefaultStore,comma,false,
a8N3B000000Cb2kUAC,false,LTL,USD,00D3B0000008ukZUAQ,2017-03-01 16:28:18,0053B000000fTg9QAE,2017-03-01 16:28:18,0053B000000fTg9QAE,2017-03-01 16:28:18,,,"76, 116",Lithuanian Lita,{0}{1},comma,2.0,DefaultStore,ws,false,
a8N3B000000Cb2lUAC,false,LUF,USD,00D3B0000008ukZUAQ,2017-03-01 16:28:18,0053B000000fTg9QAE,2017-03-01 16:28:18,0053B000000fTg9QAE,2017-03-01 16:28:18,,,8364,Luxembourg Franc,{0}{1},comma,2.0,DefaultStore,dot,false,
a8N3B000000Cb2mUAC,false,LVL,USD,00D3B0000008ukZUAQ,2017-03-01 16:28:18,0053B000000fTg9QAE,2017-03-01 16:28:18,0053B000000fTg9QAE,2017-03-01 16:28:18,,,"76, 115",Latvian Lat,{0}{1},dot,2.0,DefaultStore,comma,false,
a8N3B000000Cb2nUAC,false,LYD,USD,00D3B0000008ukZUAQ,2017-03-01 16:28:18,0053B000000fTg9QAE,2017-03-01 16:28:18,0053B000000fTg9QAE,2017-03-01 16:28:18,,,"76, 115",Libyan Dinar,{0}{1},dot,3.0,DefaultStore,comma,false,
a8N3B000000Cb2oUAC,false,BWP,USD,00D3B0000008ukZUAQ,2017-03-01 16:28:18,0053B000000fTg9QAE,2017-03-01 16:28:18,0053B000000fTg9QAE,2017-03-01 16:28:18,,,80,Botswana Pula,{0}{1},dot,2.0,DefaultStore,comma,false,
a8N3B000000Cb2pUAC,false,BYR,USD,00D3B0000008ukZUAQ,2017-03-01 16:28:18,0053B000000fTg9QAE,2017-03-01 16:28:18,0053B000000fTg9QAE,2017-03-01 16:28:18,,,"112, 46",Belarussian Ruble,{0}{1},,0.0,DefaultStore,comma,false,
a8N3B000000Cb2qUAC,false,BZD,USD,00D3B0000008ukZUAQ,2017-03-01 16:28:18,0053B000000fTg9QAE,2017-03-01 16:28:18,0053B000000fTg9QAE,2017-03-01 16:28:18,,,"66, 90, 36",Belize Dollar,{0}{1},dot,2.0,DefaultStore,comma,false,
a8N3B000000Cb2rUAC,false,CAD,USD,00D3B0000008ukZUAQ,2017-03-01 16:28:18,0053B000000fTg9QAE,2017-03-01 16:28:18,0053B000000fTg9QAE,2017-03-01 16:28:18,,,36,Canadian Dollars,{0}{1},dot,2.0,DefaultStore,comma,false,
a8N3B000000Cb2sUAC,false,CDF,USD,00D3B0000008ukZUAQ,2017-03-01 16:28:18,0053B000000fTg9QAE,2017-03-01 16:28:18,0053B000000fTg9QAE,2017-03-01 16:28:18,,,36,Franc Congolais,{0}{1},dot,2.0,DefaultStore,comma,false,
a8N3B000000Cb2tUAC,false,CHF,USD,00D3B0000008ukZUAQ,2017-03-01 16:28:18,0053B000000fTg9QAE,2017-03-01 16:28:18,0053B000000fTg9QAE,2017-03-01 16:28:18,,,"67, 72, 70",Swiss Franc,{0}{1},dot,2.0,DefaultStore,sq,false,
a8N3B000000Cb2uUAC,false,CLF,USD,00D3B0000008ukZUAQ,2017-03-01 16:28:18,0053B000000fTg9QAE,2017-03-01 16:28:18,0053B000000fTg9QAE,2017-03-01 16:28:18,,,"67, 72, 70",Unidades de fomento,{0}{1},dot,2.0,DefaultStore,comma,false,
a8N3B000000Cb2vUAC,false,CLP,USD,00D3B0000008ukZUAQ,2017-03-01 16:28:18,0053B000000fTg9QAE,2017-03-01 16:28:18,0053B000000fTg9QAE,2017-03-01 16:28:18,,,36,Chilean Peso,{0}{1},,0.0,DefaultStore,dot,false,
a8N3B000000Cb2wUAC,false,CN,USD,00D3B0000008ukZUAQ,2017-03-01 16:28:18,0053B000000fTg9QAE,2017-03-01 16:28:18,0053B000000fTg9QAE,2017-03-01 16:28:18,,,36,Chinese Renminbi,{0}{1},,0.0,DefaultStore,dot,false,
a8N3B000000Cb2xUAC,false,CNY,USD,00D3B0000008ukZUAQ,2017-03-01 16:28:18,0053B000000fTg9QAE,2017-03-01 16:28:18,0053B000000fTg9QAE,2017-03-01 16:28:18,,,165,Chinese Yuan,{0}{1},dot,2.0,DefaultStore,comma,false,
a8N3B000000Cb0nUAC,false,FKP,USD,00D3B0000008ukZUAQ,2017-03-01 16:28:18,0053B000000fTg9QAE,2017-03-01 16:28:18,0053B000000fTg9QAE,2017-03-01 16:28:18,,,163,Falkland Islands Pound,{0}{1},comma,2.0,DefaultStore,ws,false,
a8N3B000000Cb0oUAC,false,FRF,USD,00D3B0000008ukZUAQ,2017-03-01 16:28:18,0053B000000fTg9QAE,2017-03-01 16:28:18,0053B000000fTg9QAE,2017-03-01 16:28:18,,,8364,French franc,{1}{0},comma,2.0,DefaultStore,ws,false,
a8N3B000000Cb0pUAC,false,GBP,USD,00D3B0000008ukZUAQ,2017-03-01 16:28:18,0053B000000fTg9QAE,2017-03-01 16:28:18,0053B000000fTg9QAE,2017-03-01 16:28:18,,,163,British Pound,{0}{1},dot,2.0,DefaultStore,comma,false,
a8N3B000000Cb0qUAC,false,GEL,USD,00D3B0000008ukZUAQ,2017-03-01 16:28:18,0053B000000fTg9QAE,2017-03-01 16:28:18,0053B000000fTg9QAE,2017-03-01 16:28:18,,,163,Georgia Lari,{0}{1},comma,2.0,DefaultStore,ws,false,
a8N3B000000Cb0rUAC,false,GHS,USD,00D3B0000008ukZUAQ,2017-03-01 16:28:18,0053B000000fTg9QAE,2017-03-01 16:28:18,0053B000000fTg9QAE,2017-03-01 16:28:18,,,162,Ghanian Cedi,{0}{1},comma,2.0,DefaultStore,ws,false,
a8N3B000000Cb0sUAC,false,GIP,USD,00D3B0000008ukZUAQ,2017-03-01 16:28:18,0053B000000fTg9QAE,2017-03-01 16:28:18,0053B000000fTg9QAE,2017-03-01 16:28:18,,,163,Gibraltar Pound,{0}{1},dot,2.0,DefaultStore,comma,false,
a8N3B000000Cb0tUAC,false,GMD,USD,00D3B0000008ukZUAQ,2017-03-01 16:28:18,0053B000000fTg9QAE,2017-03-01 16:28:18,0053B000000fTg9QAE,2017-03-01 16:28:18,,,163,Gambian Dalasi,{0}{1},comma,2.0,DefaultStore,ws,false,
a8N3B000000Cb0uUAC,false,GNF,USD,00D3B0000008ukZUAQ,2017-03-01 16:28:18,0053B000000fTg9QAE,2017-03-01 16:28:18,0053B000000fTg9QAE,2017-03-01 16:28:18,,,163,Guinea Franc,{0}{1},comma,2.0,DefaultStore,ws,false,
a8N3B000000Cb0vUAC,false,GRD,USD,00D3B0000008ukZUAQ,2017-03-01 16:28:18,0053B000000fTg9QAE,2017-03-01 16:28:18,0053B000000fTg9QAE,2017-03-01 16:28:18,,,8364,Greek Drachma,{0}{1},comma,2.0,DefaultStore,dot,false,
a8N3B000000Cb0wUAC,false,NAD,USD,00D3B0000008ukZUAQ,2017-03-01 16:28:18,0053B000000fTg9QAE,2017-03-01 16:28:18,0053B000000fTg9QAE,2017-03-01 16:28:18,,,36,Namibian Dollar,{0}{1},dot,2.0,DefaultStore,comma,false,
a8N3B000000Cb0xUAC,false,NGN,USD,00D3B0000008ukZUAQ,2017-03-01 16:28:18,0053B000000fTg9QAE,2017-03-01 16:28:18,0053B000000fTg9QAE,2017-03-01 16:28:18,,,8358,Nigerian Naira,{0}{1},dot,2.0,DefaultStore,comma,false,
a8N3B000000Cb0yUAC,false,NIO,USD,00D3B0000008ukZUAQ,2017-03-01 16:28:18,0053B000000fTg9QAE,2017-03-01 16:28:18,0053B000000fTg9QAE,2017-03-01 16:28:18,,,"67, 36",Nicaragua Cordoba,{0}{1},dot,2.0,DefaultStore,comma,false,
a8N3B000000Cb0zUAC,false,NLG,USD,00D3B0000008ukZUAQ,2017-03-01 16:28:18,0053B000000fTg9QAE,2017-03-01 16:28:18,0053B000000fTg9QAE,2017-03-01 16:28:18,,,8364,Dutch guilder,{0}{1},dot,2.0,DefaultStore,comma,false,
a8N3B000000Cb10UAC,false,NOK,USD,00D3B0000008ukZUAQ,2017-03-01 16:28:18,0053B000000fTg9QAE,2017-03-01 16:28:18,0053B000000fTg9QAE,2017-03-01 16:28:18,,,"107, 114",Norwegian Krone,{0}{1},comma,2.0,DefaultStore,dot,false,
a8N3B000000Cb11UAC,false,NPR,USD,00D3B0000008ukZUAQ,2017-03-01 16:28:18,0053B000000fTg9QAE,2017-03-01 16:28:18,0053B000000fTg9QAE,2017-03-01 16:28:18,,,8360,Nepalese Rupee,{0}{1},dot,2.0,DefaultStore,comma,false,
a8N3B000000Cb12UAC,false,NZD,USD,00D3B0000008ukZUAQ,2017-03-01 16:28:18,0053B000000fTg9QAE,2017-03-01 16:28:18,0053B000000fTg9QAE,2017-03-01 16:28:18,,,36,New Zealand Dollar,{0}{1},dot,2.0,DefaultStore,comma,false,
a8N3B000000Cb13UAC,false,OMR,USD,00D3B0000008ukZUAQ,2017-03-01 16:28:18,0053B000000fTg9QAE,2017-03-01 16:28:18,0053B000000fTg9QAE,2017-03-01 16:28:18,,,65020,Omani Rial,{0}{1},dot,3.0,DefaultStore,comma,false,
a8N3B000000Cb14UAC,false,PAB,USD,00D3B0000008ukZUAQ,2017-03-01 16:28:18,0053B000000fTg9QAE,2017-03-01 16:28:18,0053B000000fTg9QAE,2017-03-01 16:28:18,,,"66, 47, 46",Panama Balboa,{0}{1},comma,2.0,DefaultStore,ws,false,
a8N3B000000Cb15UAC,false,PEN,USD,00D3B0000008ukZUAQ,2017-03-01 16:28:18,0053B000000fTg9QAE,2017-03-01 16:28:18,0053B000000fTg9QAE,2017-03-01 16:28:18,,,"83, 47, 46",Peruvian Nuevo Sol,{0}{1},dot,2.0,DefaultStore,comma,false,
a8N3B000000Cb16UAC,false,GTQ,USD,00D3B0000008ukZUAQ,2017-03-01 16:28:18,0053B000000fTg9QAE,2017-03-01 16:28:18,0053B000000fTg9QAE,2017-03-01 16:28:18,,,81,Guatemala Quetzal,{0}{1},dot,2.0,DefaultStore,comma,false,
a8N3B000000Cb17UAC,false,GYD,USD,00D3B0000008ukZUAQ,2017-03-01 16:28:18,0053B000000fTg9QAE,2017-03-01 16:28:18,0053B000000fTg9QAE,2017-03-01 16:28:18,,,36,Guyana Dollar,{0}{1},comma,2.0,DefaultStore,ws,false,
a8N3B000000Cb18UAC,false,HKD,USD,00D3B0000008ukZUAQ,2017-03-01 16:28:18,0053B000000fTg9QAE,2017-03-01 16:28:18,0053B000000fTg9QAE,2017-03-01 16:28:18,,,36,Hong Kong Dollar,{0}{1},dot,2.0,DefaultStore,comma,false,
a8N3B000000Cb19UAC,false,HNL,USD,00D3B0000008ukZUAQ,2017-03-01 16:28:18,0053B000000fTg9QAE,2017-03-01 16:28:18,0053B000000fTg9QAE,2017-03-01 16:28:18,,,76,Honduras Lempira,{0}{1},dot,2.0,DefaultStore,comma,false,
a8N3B000000Cb1AUAS,false,HRK,USD,00D3B0000008ukZUAQ,2017-03-01 16:28:18,0053B000000fTg9QAE,2017-03-01 16:28:18,0053B000000fTg9QAE,2017-03-01 16:28:18,,,"107, 110",Croatian Kuna,{0}{1},comma,2.0,DefaultStore,dot,false,
a8N3B000000Cb1BUAS,false,HTG,USD,00D3B0000008ukZUAQ,2017-03-01 16:28:18,0053B000000fTg9QAE,2017-03-01 16:28:18,0053B000000fTg9QAE,2017-03-01 16:28:18,,,"107, 110",Haiti Gourde,{0}{1},comma,2.0,DefaultStore,ws,false,
a8N3B000000Cb1CUAS,false,PGK,USD,00D3B0000008ukZUAQ,2017-03-01 16:28:18,0053B000000fTg9QAE,2017-03-01 16:28:18,0053B000000fTg9QAE,2017-03-01 16:28:18,,,"83, 47, 46",Papua New Guinea Kina,{0}{1},comma,2.0,DefaultStore,ws,false,
a8N3B000000Cb1DUAS,false,PHP,USD,00D3B0000008ukZUAQ,2017-03-01 16:28:18,0053B000000fTg9QAE,2017-03-01 16:28:18,0053B000000fTg9QAE,2017-03-01 16:28:18,,,8369,Philippine Peso,{0}{1},dot,2.0,DefaultStore,comma,false,
a8N3B000000Cb1EUAS,false,PKR,USD,00D3B0000008ukZUAQ,2017-03-01 16:28:18,0053B000000fTg9QAE,2017-03-01 16:28:18,0053B000000fTg9QAE,2017-03-01 16:28:18,,,8360,Pakistani Rupee,{0}{1},dot,2.0,DefaultStore,comma,false,
a8N3B000000Cb1FUAS,false,PLN,USD,00D3B0000008ukZUAQ,2017-03-01 16:28:18,0053B000000fTg9QAE,2017-03-01 16:28:18,0053B000000fTg9QAE,2017-03-01 16:28:18,,,"122, 322",Polish Zloty,{0}{1},comma,2.0,DefaultStore,ws,false,
a8N3B000000Cb1GUAS,false,PTE,USD,00D3B0000008ukZUAQ,2017-03-01 16:28:18,0053B000000fTg9QAE,2017-03-01 16:28:18,0053B000000fTg9QAE,2017-03-01 16:28:18,,,8364,Portuguese escudo,{1}{0},comma,2.0,DefaultStore,ws,false,
a8N3B000000Cb1HUAS,false,PYG,USD,00D3B0000008ukZUAQ,2017-03-01 16:28:18,0053B000000fTg9QAE,2017-03-01 16:28:18,0053B000000fTg9QAE,2017-03-01 16:28:18,,,"71, 115",Paraguayan Guarani,{0}{1},,0.0,DefaultStore,comma,false,
a8N3B000000Cb1IUAS,false,QAR,USD,00D3B0000008ukZUAQ,2017-03-01 16:28:18,0053B000000fTg9QAE,2017-03-01 16:28:18,0053B000000fTg9QAE,2017-03-01 16:28:18,,,65020,Qatar Rial,{0}{1},comma,2.0,DefaultStore,ws,false,
a8N3B000000Cb1JUAS,false,RON,USD,00D3B0000008ukZUAQ,2017-03-01 16:28:18,0053B000000fTg9QAE,2017-03-01 16:28:18,0053B000000fTg9QAE,2017-03-01 16:28:18,,,"108, 101, 105",Romanian Leu,{0}{1},comma,2.0,DefaultStore,dot,false,
a8N3B000000Cb1KUAS,false,RSD,USD,00D3B0000008ukZUAQ,2017-03-01 16:28:18,0053B000000fTg9QAE,2017-03-01 16:28:18,0053B000000fTg9QAE,2017-03-01 16:28:18,,,"1044, 1080, 1085, 46",Serbian Dinar,{0}{1},comma,2.0,DefaultStore,ws,false,
a8N3B000000Cb1LUAS,false,RUB,USD,00D3B0000008ukZUAQ,2017-03-01 16:28:18,0053B000000fTg9QAE,2017-03-01 16:28:18,0053B000000fTg9QAE,2017-03-01 16:28:18,,,"1088, 1091, 1073",Russian Rouble,{0}{1},comma,2.0,DefaultStore,dot,false,
a8N3B000000Cb1MUAS,false,RWF,USD,00D3B0000008ukZUAQ,2017-03-01 16:28:18,0053B000000fTg9QAE,2017-03-01 16:28:18,0053B000000fTg9QAE,2017-03-01 16:28:18,,,"1088, 1091, 1073",Rwanda Franc,{0}{1},,0.0,DefaultStore,comma,false,
a8N3B000000Cb1NUAS,false,SAR,USD,00D3B0000008ukZUAQ,2017-03-01 16:28:18,0053B000000fTg9QAE,2017-03-01 16:28:18,0053B000000fTg9QAE,2017-03-01 16:28:18,,,65020,Saudi Arabian Riyal,{0}{1},dot,2.0,DefaultStore,comma,false,
a8N3B000000Cb1OUAS,false,SBD,USD,00D3B0000008ukZUAQ,2017-03-01 16:28:18,0053B000000fTg9QAE,2017-03-01 16:28:18,0053B000000fTg9QAE,2017-03-01 16:28:18,,,36,Solomon Islands Dollar,{0}{1},comma,2.0,DefaultStore,ws,false,
a8N3B000000Cb1PUAS,false,SCR,USD,00D3B0000008ukZUAQ,2017-03-01 16:28:18,0053B000000fTg9QAE,2017-03-01 16:28:18,0053B000000fTg9QAE,2017-03-01 16:28:18,,,8360,Seychelles Rupee,{0}{1},comma,2.0,DefaultStore,ws,false,
a8N3B000000Cb1QUAS,false,SDG,USD,00D3B0000008ukZUAQ,2017-03-01 16:28:18,0053B000000fTg9QAE,2017-03-01 16:28:18,0053B000000fTg9QAE,2017-03-01 16:28:18,,,8360,Sudanese Pound,{0}{1},comma,2.0,DefaultStore,ws,false,
a8N3B000000Cb1RUAS,false,SEK,USD,00D3B0000008ukZUAQ,2017-03-01 16:28:18,0053B000000fTg9QAE,2017-03-01 16:28:18,0053B000000fTg9QAE,2017-03-01 16:28:18,,,"107, 114",Swedish Krona,{0}{1},comma,2.0,DefaultStore,dot,false,
a8N3B000000Cb1SUAS,false,SGD,USD,00D3B0000008ukZUAQ,2017-03-01 16:28:18,0053B000000fTg9QAE,2017-03-01 16:28:18,0053B000000fTg9QAE,2017-03-01 16:28:18,,,36,Singapore Dollar,{0}{1},dot,2.0,DefaultStore,comma,false,
