id,isdeleted,name,currencyisocode,setupownerid,createddate,createdbyid,lastmodifieddate,lastmodifiedbyid,systemmodstamp,lastvieweddate,lastreferenceddate,apiname__c,classname__c,daoname__c,servicename__c,
a8i3B000000CdQcQAK,false,CHStore:InvcHK,USD,00D3B0000008ukZUAQ,2017-03-01 16:25:49,0053B000000fTg9QAE,2017-03-01 16:25:49,0053B000000fTg9QAE,2017-03-01 16:25:49,,,CHStore:InvcHKApi,cc_hlpr_GenericHKFactory,CHStore:InvcHKDao,CHStore:InvcHKService,
a8i3B000000CdQdQAK,false,DefaultStore:Pricing,USD,00D3B0000008ukZUAQ,2017-03-01 16:25:49,0053B000000fTg9QAE,2017-03-01 16:25:49,0053B000000fTg9QAE,2017-03-01 16:25:49,,,DefaultStore:PricingApi,cc_hlpr_GenericHKFactory,DefaultStore:PricingDao,DefaultStore:PricingService,
a8i3B000000CdQeQAK,false,DefaultStore:PrdQtyRl,USD,00D3B0000008ukZUAQ,2017-03-01 16:25:49,0053B000000fTg9QAE,2017-03-01 16:25:49,0053B000000fTg9QAE,2017-03-01 16:25:49,,,DefaultStore:prodQtyRuleAPI,cc_hlpr_ProdQtyRuleFactory,,,
a8i3B000000CdQfQAK,false,IRStore:OutboundOrder,USD,00D3B0000008ukZUAQ,2017-03-01 16:25:49,0053B000000fTg9QAE,2017-03-01 16:25:49,0053B000000fTg9QAE,2017-03-01 16:25:49,,,IRStore:outOrderApi,cc_hlpr_OutboundOrderSvcFactory,IRStore:outOrderDao,IRStore:outOrderService,
a8i3B000000CdQgQAK,false,IRStore:DeliveryDate,USD,00D3B0000008ukZUAQ,2017-03-01 16:25:49,0053B000000fTg9QAE,2017-03-01 16:25:49,0053B000000fTg9QAE,2017-03-01 16:25:49,,,IRStore:DeliveryDateApi,cc_hlpr_DeliveryDateFactory,,,
a8i3B000000CdQhQAK,false,IRStore:ProductSyncFactory,USD,00D3B0000008ukZUAQ,2017-03-01 16:25:49,0053B000000fTg9QAE,2017-03-01 16:25:49,0053B000000fTg9QAE,2017-03-01 16:25:49,,,IRStore:ProductSyncAPI,cc_svc_ProductSyncFactory,,IRStore:ProductSyncService,
a8i3B000000CdQiQAK,false,CHStore:PymtHK,USD,00D3B0000008ukZUAQ,2017-03-01 16:25:49,0053B000000fTg9QAE,2017-03-01 16:25:49,0053B000000fTg9QAE,2017-03-01 16:25:49,,,CHStore:PymtHKApi,cc_hlpr_GenericHKFactory,CHStore:PymtHKDao,CHStore:PymtHKService,
a8i3B000000CdR3QAK,false,RKStore:DynCat,USD,00D3B0000008ukZUAQ,2017-03-01 16:25:49,0053B000000fTg9QAE,2017-03-01 16:25:49,0053B000000fTg9QAE,2017-03-01 16:25:49,,,RKStore:DynCatApi,cc_hlpr_GenericHKFactory,RKStore:DynCatDao,RKStore:DynCatService,
a8i3B000000CdR4QAK,false,RKStore:DynMenu,USD,00D3B0000008ukZUAQ,2017-03-01 16:25:49,0053B000000fTg9QAE,2017-03-01 16:25:49,0053B000000fTg9QAE,2017-03-01 16:25:49,,,RKStore:DynMenuApi,cc_hlpr_GenericHKFactory,RKStore:DynMenuDao,RKStore:DynMenuService,
a8i3B000000CdR5QAK,false,RKStore:UsrItf,USD,00D3B0000008ukZUAQ,2017-03-01 16:25:49,0053B000000fTg9QAE,2017-03-01 16:25:49,0053B000000fTg9QAE,2017-03-01 16:25:49,,,RKStore:UsrItfApi,cc_hlpr_GenericHKFactory,RKStore:UsrItfDao,RKStore:UsrItfService,
a8i3B000000CdQ6QAK,false,DefaultStore:OrderHK,USD,00D3B0000008ukZUAQ,2017-03-01 16:25:49,0053B000000fTg9QAE,2017-03-01 16:25:49,0053B000000fTg9QAE,2017-03-01 16:25:49,,,DefaultStore:OrderHKApi,cc_hlpr_GenericHKFactory,DefaultStore:OrderHKDao,DefaultStore:OrderHKService,
a8i3B000000CdQ7QAK,false,DefaultStore:DynCat,USD,00D3B0000008ukZUAQ,2017-03-01 16:25:49,0053B000000fTg9QAE,2017-03-01 16:25:49,0053B000000fTg9QAE,2017-03-01 16:25:49,,,DefaultStore:DynCatApi,cc_hlpr_GenericHKFactory,DefaultStore:DynCatDao,DefaultStore:DynCatService,
a8i3B000000CdQ8QAK,false,DefaultStore:DynMenu,USD,00D3B0000008ukZUAQ,2017-03-01 16:25:49,0053B000000fTg9QAE,2017-03-01 16:25:49,0053B000000fTg9QAE,2017-03-01 16:25:49,,,DefaultStore:DynMenuApi,cc_hlpr_GenericHKFactory,DefaultStore:DynMenuDao,DefaultStore:DynMenuService,
a8i3B000000CdQEQA0,false,IRStore:Pricing,USD,00D3B0000008ukZUAQ,2017-03-01 16:25:49,0053B000000fTg9QAE,2017-03-01 16:25:49,0053B000000fTg9QAE,2017-03-01 16:25:49,,,IRStore:PricingApi,cc_hlpr_GenericHKFactory,IRStore:PricingDao,IRStore:PricingService,
a8i3B000000CdQFQA0,false,IRStore:SSOLogin,USD,00D3B0000008ukZUAQ,2017-03-01 16:25:49,0053B000000fTg9QAE,2017-03-01 16:25:49,0053B000000fTg9QAE,2017-03-01 16:25:49,,,IRStore:SSOLoginApi,cc_hlpr_SSOHkFactory,IRStore:SSOLoginDao,IRStore:SSOLoginService,
a8i3B000000CdQIQA0,false,CHStore:Catalog,USD,00D3B0000008ukZUAQ,2017-03-01 16:25:49,0053B000000fTg9QAE,2017-03-01 16:25:49,0053B000000fTg9QAE,2017-03-01 16:25:49,,,CHStore:CatalogApi,cc_hlpr_GenericHKFactory,CHStore:CatalogDao,CHStore:CatalogService,
a8i3B000000CdQJQA0,false,CHStore:Shipping,USD,00D3B0000008ukZUAQ,2017-03-01 16:25:49,0053B000000fTg9QAE,2017-03-01 16:25:49,0053B000000fTg9QAE,2017-03-01 16:25:49,,,CHStore:shipApi,cc_hlpr_ShippingAndHandlingSvcFactory,CHStore:shipDao,CHStore:shipService,
a8i3B000000CdQKQA0,false,CHStore:CartExtension,USD,00D3B0000008ukZUAQ,2017-03-01 16:25:49,0053B000000fTg9QAE,2017-03-01 16:25:49,0053B000000fTg9QAE,2017-03-01 16:25:49,,,CHStore:CartExtensionApi,cc_hlpr_CartExtensionApiFactory,,,
a8i3B000000CdQLQA0,false,CHStore:InventoryExtension,USD,00D3B0000008ukZUAQ,2017-03-01 16:25:49,0053B000000fTg9QAE,2017-03-01 16:25:49,0053B000000fTg9QAE,2017-03-01 16:25:49,,,CHStore:InventoryApi,cc_hlpr_InventoryExtensionFactory,,,
a8i3B000000CdQMQA0,false,CHStore:TaxCalculation,USD,00D3B0000008ukZUAQ,2017-03-01 16:25:49,0053B000000fTg9QAE,2017-03-01 16:25:49,0053B000000fTg9QAE,2017-03-01 16:25:49,,,CHStore:TaxCalculationApi,cc_hlpr_TaxCalculationHkFactory,,,
a8i3B000000CdQSQA0,false,IRStore:PricingSync,USD,00D3B0000008ukZUAQ,2017-03-01 16:25:49,0053B000000fTg9QAE,2017-03-01 16:25:49,0053B000000fTg9QAE,2017-03-01 16:25:49,,,IRStore:PricingSyncApi,,IRStore:PricingSyncDao,IRStore:PricingSyncService,
a8i3B000000CdPsQAK,false,CHStore:SUBS,USD,00D3B0000008ukZUAQ,2017-03-01 16:25:49,0053B000000fTg9QAE,2017-03-01 16:25:49,0053B000000fTg9QAE,2017-03-01 16:25:49,,,CHStore:SUBSApi,cc_hlpr_SubscriptionsHKFactory,,,
a8i3B000000CdPtQAK,false,IRStore:Catalog,USD,00D3B0000008ukZUAQ,2017-03-01 16:25:49,0053B000000fTg9QAE,2017-03-01 16:25:49,0053B000000fTg9QAE,2017-03-01 16:25:49,,,IRStore:CatalogApi,cc_hlpr_GenericHKFactory,IRStore:CatalogDao,IRStore:CatalogService,
a8i3B000000CdPuQAK,false,DefaultStore:SSOLogin,USD,00D3B0000008ukZUAQ,2017-03-01 16:25:49,0053B000000fTg9QAE,2017-03-01 16:25:49,0053B000000fTg9QAE,2017-03-01 16:25:49,,,DefaultStore:SSOLoginApi,cc_hlpr_SSOHkFactory,DefaultStore:SSOLoginDao,DefaultStore:SSOLoginService,
a8i3B000000CdPvQAK,false,IRStore:PrdQtyRl,USD,00D3B0000008ukZUAQ,2017-03-01 16:25:49,0053B000000fTg9QAE,2017-03-01 16:25:49,0053B000000fTg9QAE,2017-03-01 16:25:49,,,prodQtyRuleAPI,cc_hlpr_ProdQtyRuleFactory,,,
a8i3B000000CdPwQAK,false,IRStore:SUBS,USD,00D3B0000008ukZUAQ,2017-03-01 16:25:49,0053B000000fTg9QAE,2017-03-01 16:25:49,0053B000000fTg9QAE,2017-03-01 16:25:49,,,IRStore:SUBSApi,cc_hlpr_SubscriptionsHKFactory,,,
a8i3B000000CdPxQAK,false,IRStore:OrderHK,USD,00D3B0000008ukZUAQ,2017-03-01 16:25:49,0053B000000fTg9QAE,2017-03-01 16:25:49,0053B000000fTg9QAE,2017-03-01 16:25:49,,,IRStore:OrderHKApi,cc_hlpr_GenericHKFactory,IRStore:OrderHKDao,IRStore:OrderHKService,
a8i3B000000CdQlQAK,false,CHStore:DynTheme,USD,00D3B0000008ukZUAQ,2017-03-01 16:25:49,0053B000000fTg9QAE,2017-03-01 16:25:49,0053B000000fTg9QAE,2017-03-01 16:25:49,,,CHStore:DynThemeApi,cc_hlpr_DynamicThemeHKFactory,CHStore:DynThemeDao,CHStore:DynThemeService,
a8i3B000000CdQmQAK,false,CHStore:ProductSyncFactory,USD,00D3B0000008ukZUAQ,2017-03-01 16:25:49,0053B000000fTg9QAE,2017-03-01 16:25:49,0053B000000fTg9QAE,2017-03-01 16:25:49,,,CHStore:ProductSyncAPI,cc_svc_ProductSyncFactory,,CHStore:ProductSyncService,
a8i3B000000CdQnQAK,false,CHStore:PrdQtyRl,USD,00D3B0000008ukZUAQ,2017-03-01 16:25:49,0053B000000fTg9QAE,2017-03-01 16:25:49,0053B000000fTg9QAE,2017-03-01 16:25:49,,,prodQtyRuleAPI,cc_hlpr_ProdQtyRuleFactory,,,
a8i3B000000CdQoQAK,false,DefaultStore:Promotions,USD,00D3B0000008ukZUAQ,2017-03-01 16:25:49,0053B000000fTg9QAE,2017-03-01 16:25:49,0053B000000fTg9QAE,2017-03-01 16:25:49,,,DefaultStore:PromotionsApi,cc_hlpr_GenericHKFactory,DefaultStore:PromotionsDao,DefaultStore:PromotionsService,
a8i3B000000CdQpQAK,false,RKStore:DynTheme,USD,00D3B0000008ukZUAQ,2017-03-01 16:25:49,0053B000000fTg9QAE,2017-03-01 16:25:49,0053B000000fTg9QAE,2017-03-01 16:25:49,,,RKStore:DynThemeApi,cc_hlpr_DynamicThemeHKFactory,RKStore:DynThemeDao,RKStore:DynThemeService,
a8i3B000000CdQqQAK,false,RKStore:ProductSyncFactory,USD,00D3B0000008ukZUAQ,2017-03-01 16:25:49,0053B000000fTg9QAE,2017-03-01 16:25:49,0053B000000fTg9QAE,2017-03-01 16:25:49,,,RKStore:ProductSyncAPI,cc_svc_ProductSyncFactory,,RKStore:ProductSyncService,
a8i3B000000CdQrQAK,false,RKStore:PrdQtyRl,USD,00D3B0000008ukZUAQ,2017-03-01 16:25:49,0053B000000fTg9QAE,2017-03-01 16:25:49,0053B000000fTg9QAE,2017-03-01 16:25:49,,,prodQtyRuleAPI,cc_hlpr_ProdQtyRuleFactory,,,
a8i3B000000CdQsQAK,false,RKStore:SUBS,USD,00D3B0000008ukZUAQ,2017-03-01 16:25:49,0053B000000fTg9QAE,2017-03-01 16:25:49,0053B000000fTg9QAE,2017-03-01 16:25:49,,,RKStore:SUBSApi,cc_hlpr_SubscriptionsHKFactory,,,
a8i3B000000CdQtQAK,false,RKStore:PriceAdjustment,USD,00D3B0000008ukZUAQ,2017-03-01 16:25:49,0053B000000fTg9QAE,2017-03-01 16:25:49,0053B000000fTg9QAE,2017-03-01 16:25:49,,,RKStore:adjustApi,cc_hlpr_PriceAdjustmentSvcFactory,RKStore:adjustDao,RKStore:adjustService,
a8i3B000000CdPyQAK,false,IRStore:DynCat,USD,00D3B0000008ukZUAQ,2017-03-01 16:25:49,0053B000000fTg9QAE,2017-03-01 16:25:49,0053B000000fTg9QAE,2017-03-01 16:25:49,,,IRStore:DynCatApi,cc_hlpr_GenericHKFactory,IRStore:DynCatDao,IRStore:DynCatService,
a8i3B000000CdPzQAK,false,IRStore:DynMenu,USD,00D3B0000008ukZUAQ,2017-03-01 16:25:49,0053B000000fTg9QAE,2017-03-01 16:25:49,0053B000000fTg9QAE,2017-03-01 16:25:49,,,IRStore:DynMenuApi,cc_hlpr_GenericHKFactory,IRStore:DynMenuDao,IRStore:DynMenuService,
a8i3B000000CdQ0QAK,false,IRStore:UsrItf,USD,00D3B0000008ukZUAQ,2017-03-01 16:25:49,0053B000000fTg9QAE,2017-03-01 16:25:49,0053B000000fTg9QAE,2017-03-01 16:25:49,,,IRStore:UsrItfApi,cc_hlpr_GenericHKFactory,IRStore:UsrItfDao,IRStore:UsrItfService,
a8i3B000000CdQ1QAK,false,IRStore:EffAccount,USD,00D3B0000008ukZUAQ,2017-03-01 16:25:49,0053B000000fTg9QAE,2017-03-01 16:25:49,0053B000000fTg9QAE,2017-03-01 16:25:49,,,IRStore:EffAccountApi,cc_hlpr_GenericHKFactory,IRStore:EffAccountDao,IRStore:EffAccountService,
a8i3B000000CdQ2QAK,false,IRStore:InvcHK,USD,00D3B0000008ukZUAQ,2017-03-01 16:25:49,0053B000000fTg9QAE,2017-03-01 16:25:49,0053B000000fTg9QAE,2017-03-01 16:25:49,,,IRStore:InvcHKApi,cc_hlpr_GenericHKFactory,IRStore:InvcHKDao,IRStore:InvcHKService,
a8i3B000000CdQ3QAK,false,IRStore:PymtHK,USD,00D3B0000008ukZUAQ,2017-03-01 16:25:49,0053B000000fTg9QAE,2017-03-01 16:25:49,0053B000000fTg9QAE,2017-03-01 16:25:49,,,IRStore:PymtHKApi,cc_hlpr_GenericHKFactory,IRStore:PymtHKDao,IRStore:PymtHKService,
a8i3B000000CdQ4QAK,false,DefaultStore:DynTheme,USD,00D3B0000008ukZUAQ,2017-03-01 16:25:49,0053B000000fTg9QAE,2017-03-01 16:25:49,0053B000000fTg9QAE,2017-03-01 16:25:49,,,DefaultStore:DynThemeApi,cc_hlpr_DynamicThemeHKFactory,DefaultStore:DynThemeDao,DefaultStore:DynThemeService,
a8i3B000000CdQ5QAK,false,DefaultStore:SUBS,USD,00D3B0000008ukZUAQ,2017-03-01 16:25:49,0053B000000fTg9QAE,2017-03-01 16:25:49,0053B000000fTg9QAE,2017-03-01 16:25:49,,,DefaultStore:SUBSApi,cc_hlpr_SubscriptionsHKFactory,,,
a8i3B000000CdQTQA0,false,CHStore:OutOrderCancel,USD,00D3B0000008ukZUAQ,2017-03-01 16:25:49,0053B000000fTg9QAE,2017-03-01 16:25:49,0053B000000fTg9QAE,2017-03-01 16:25:49,,,CHStore:OutOrderCancelApi,cc_hlpr_OutOrderCancelFactory,,,
a8i3B000000CdQUQA0,false,CHStore:OutboundOrder,USD,00D3B0000008ukZUAQ,2017-03-01 16:25:49,0053B000000fTg9QAE,2017-03-01 16:25:49,0053B000000fTg9QAE,2017-03-01 16:25:49,,,CHStore:outOrderApi,cc_hlpr_OutboundOrderSvcFactory,CHStore:outOrderDao,CHStore:outOrderService,
a8i3B000000CdQVQA0,false,CHStore:DeliveryDate,USD,00D3B0000008ukZUAQ,2017-03-01 16:25:49,0053B000000fTg9QAE,2017-03-01 16:25:49,0053B000000fTg9QAE,2017-03-01 16:25:49,,,CHStore:DeliveryDateApi,cc_hlpr_DeliveryDateFactory,,,
a8i3B000000CdQWQA0,false,CHStore:OrderHK,USD,00D3B0000008ukZUAQ,2017-03-01 16:25:49,0053B000000fTg9QAE,2017-03-01 16:25:49,0053B000000fTg9QAE,2017-03-01 16:25:49,,,CHStore:OrderHKApi,cc_hlpr_GenericHKFactory,CHStore:OrderHKDao,CHStore:OrderHKService,
a8i3B000000CdQXQA0,false,IRStore:OutOrderCancel,USD,00D3B0000008ukZUAQ,2017-03-01 16:25:49,0053B000000fTg9QAE,2017-03-01 16:25:49,0053B000000fTg9QAE,2017-03-01 16:25:49,,,IRStore:OutOrderCancelApi,cc_hlpr_OutOrderCancelFactory,,,
a8i3B000000CdQYQA0,false,CHStore:DynCat,USD,00D3B0000008ukZUAQ,2017-03-01 16:25:49,0053B000000fTg9QAE,2017-03-01 16:25:49,0053B000000fTg9QAE,2017-03-01 16:25:49,,,CHStore:DynCatApi,cc_hlpr_GenericHKFactory,CHStore:DynCatDao,CHStore:DynCatService,
a8i3B000000CdQZQA0,false,CHStore:DynMenu,USD,00D3B0000008ukZUAQ,2017-03-01 16:25:49,0053B000000fTg9QAE,2017-03-01 16:25:49,0053B000000fTg9QAE,2017-03-01 16:25:49,,,CHStore:DynMenuApi,cc_hlpr_GenericHKFactory,CHStore:DynMenuDao,CHStore:DynMenuService,
a8i3B000000CdQaQAK,false,CHStore:UsrItf,USD,00D3B0000008ukZUAQ,2017-03-01 16:25:49,0053B000000fTg9QAE,2017-03-01 16:25:49,0053B000000fTg9QAE,2017-03-01 16:25:49,,,CHStore:UsrItfApi,cc_hlpr_GenericHKFactory,CHStore:UsrItfDao,CHStore:UsrItfService,
a8i3B000000CdQbQAK,false,CHStore:EffAccount,USD,00D3B0000008ukZUAQ,2017-03-01 16:25:49,0053B000000fTg9QAE,2017-03-01 16:25:49,0053B000000fTg9QAE,2017-03-01 16:25:49,,,CHStore:EffAccountApi,cc_hlpr_GenericHKFactory,CHStore:EffAccountDao,CHStore:EffAccountService,
a8i3B000000CdQ9QAK,false,DefaultStore:UsrItf,USD,00D3B0000008ukZUAQ,2017-03-01 16:25:49,0053B000000fTg9QAE,2017-03-01 16:25:49,0053B000000fTg9QAE,2017-03-01 16:25:49,,,DefaultStore:UsrItfApi,cc_hlpr_GenericHKFactory,DefaultStore:UsrItfDao,DefaultStore:UsrItfService,
a8i3B000000CdQAQA0,false,DefaultStore:EffAccount,USD,00D3B0000008ukZUAQ,2017-03-01 16:25:49,0053B000000fTg9QAE,2017-03-01 16:25:49,0053B000000fTg9QAE,2017-03-01 16:25:49,,,DefaultStore:EffAccountApi,cc_hlpr_GenericHKFactory,DefaultStore:EffAccountDao,DefaultStore:EffAccountService,
a8i3B000000CdQBQA0,false,DefaultStore:InvcHK,USD,00D3B0000008ukZUAQ,2017-03-01 16:25:49,0053B000000fTg9QAE,2017-03-01 16:25:49,0053B000000fTg9QAE,2017-03-01 16:25:49,,,DefaultStore:InvcHKApi,cc_hlpr_GenericHKFactory,DefaultStore:InvcHKDao,DefaultStore:InvcHKService,
a8i3B000000CdQCQA0,false,DefaultStore:PymtHK,USD,00D3B0000008ukZUAQ,2017-03-01 16:25:49,0053B000000fTg9QAE,2017-03-01 16:25:49,0053B000000fTg9QAE,2017-03-01 16:25:49,,,DefaultStore:PymtHKApi,cc_hlpr_GenericHKFactory,DefaultStore:PymtHKDao,DefaultStore:PymtHKService,
a8i3B000000CdQDQA0,false,IRStore:PriceAdjustment,USD,00D3B0000008ukZUAQ,2017-03-01 16:25:49,0053B000000fTg9QAE,2017-03-01 16:25:49,0053B000000fTg9QAE,2017-03-01 16:25:49,,,IRStore:adjustApi,cc_hlpr_PriceAdjustmentSvcFactory,IRStore:adjustDao,IRStore:adjustService,
a8i3B000000CdQjQAK,false,CHStore:Pricing,USD,00D3B0000008ukZUAQ,2017-03-01 16:25:49,0053B000000fTg9QAE,2017-03-01 16:25:49,0053B000000fTg9QAE,2017-03-01 16:25:49,,,CHStore:PricingApi,cc_hlpr_GenericHKFactory,CHStore:PricingDao,CHStore:PricingService,
a8i3B000000CdQkQAK,false,CHStore:SSOLogin,USD,00D3B0000008ukZUAQ,2017-03-01 16:25:49,0053B000000fTg9QAE,2017-03-01 16:25:49,0053B000000fTg9QAE,2017-03-01 16:25:49,,,CHStore:SSOLoginApi,cc_hlpr_SSOHkFactory,CHStore:SSOLoginDao,CHStore:SSOLoginService,
a8i3B000000CdQuQAK,false,RKStore:Shipping,USD,00D3B0000008ukZUAQ,2017-03-01 16:25:49,0053B000000fTg9QAE,2017-03-01 16:25:49,0053B000000fTg9QAE,2017-03-01 16:25:49,,,RKStore:shipApi,cc_hlpr_ShippingAndHandlingSvcFactory,RKStore:shipDao,RKStore:shipService,
a8i3B000000CdQvQAK,false,RKStore:CartExtension,USD,00D3B0000008ukZUAQ,2017-03-01 16:25:49,0053B000000fTg9QAE,2017-03-01 16:25:49,0053B000000fTg9QAE,2017-03-01 16:25:49,,,RKStore:CartExtensionApi,cc_hlpr_CartExtensionApiFactory,,,
a8i3B000000CdQwQAK,false,RKStore:InventoryExtension,USD,00D3B0000008ukZUAQ,2017-03-01 16:25:49,0053B000000fTg9QAE,2017-03-01 16:25:49,0053B000000fTg9QAE,2017-03-01 16:25:49,,,RKStore:InventoryApi,cc_hlpr_InventoryExtensionFactory,,,
a8i3B000000CdQxQAK,false,RKStore:TaxCalculation,USD,00D3B0000008ukZUAQ,2017-03-01 16:25:49,0053B000000fTg9QAE,2017-03-01 16:25:49,0053B000000fTg9QAE,2017-03-01 16:25:49,,,RKStore:TaxCalculationApi,cc_hlpr_TaxCalculationHkFactory,,,
a8i3B000000CdQyQAK,false,RKStore:PricingSync,USD,00D3B0000008ukZUAQ,2017-03-01 16:25:49,0053B000000fTg9QAE,2017-03-01 16:25:49,0053B000000fTg9QAE,2017-03-01 16:25:49,,,RKStore:PricingSyncApi,,RKStore:PricingSyncDao,RKStore:PricingSyncService,
a8i3B000000CdQzQAK,false,RKStore:OutOrderCancel,USD,00D3B0000008ukZUAQ,2017-03-01 16:25:49,0053B000000fTg9QAE,2017-03-01 16:25:49,0053B000000fTg9QAE,2017-03-01 16:25:49,,,RKStore:OutOrderCancelApi,cc_hlpr_OutOrderCancelFactory,,,
a8i3B000000CdR0QAK,false,RKStore:OutboundOrder,USD,00D3B0000008ukZUAQ,2017-03-01 16:25:49,0053B000000fTg9QAE,2017-03-01 16:25:49,0053B000000fTg9QAE,2017-03-01 16:25:49,,,RKStore:outOrderApi,cc_hlpr_OutboundOrderSvcFactory,RKStore:outOrderDao,RKStore:outOrderService,
a8i3B000000CdR1QAK,false,RKStore:DeliveryDate,USD,00D3B0000008ukZUAQ,2017-03-01 16:25:49,0053B000000fTg9QAE,2017-03-01 16:25:49,0053B000000fTg9QAE,2017-03-01 16:25:49,,,RKStore:DeliveryDateApi,cc_hlpr_DeliveryDateFactory,,,
a8i3B000000CdR2QAK,false,RKStore:OrderHK,USD,00D3B0000008ukZUAQ,2017-03-01 16:25:49,0053B000000fTg9QAE,2017-03-01 16:25:49,0053B000000fTg9QAE,2017-03-01 16:25:49,,,RKStore:OrderHKApi,cc_hlpr_GenericHKFactory,RKStore:OrderHKDao,RKStore:OrderHKService,
a8i3B000000CdQGQA0,false,IRStore:DynTheme,USD,00D3B0000008ukZUAQ,2017-03-01 16:25:49,0053B000000fTg9QAE,2017-03-01 16:25:49,0053B000000fTg9QAE,2017-03-01 16:25:49,,,IRStore:DynThemeApi,cc_hlpr_DynamicThemeHKFactory,IRStore:DynThemeDao,IRStore:DynThemeService,
a8i3B000000CdQHQA0,false,CHStore:PriceAdjustment,USD,00D3B0000008ukZUAQ,2017-03-01 16:25:49,0053B000000fTg9QAE,2017-03-01 16:25:49,0053B000000fTg9QAE,2017-03-01 16:25:49,,,CHStore:adjustApi,cc_hlpr_PriceAdjustmentSvcFactory,CHStore:adjustDao,CHStore:adjustService,
a8i3B000000CdR6QAK,false,RKStore:EffAccount,USD,00D3B0000008ukZUAQ,2017-03-01 16:25:49,0053B000000fTg9QAE,2017-03-01 16:25:49,0053B000000fTg9QAE,2017-03-01 16:25:49,,,RKStore:EffAccountApi,cc_hlpr_GenericHKFactory,RKStore:EffAccountDao,RKStore:EffAccountService,
a8i3B000000CdR7QAK,false,RKStore:InvcHK,USD,00D3B0000008ukZUAQ,2017-03-01 16:25:49,0053B000000fTg9QAE,2017-03-01 16:25:49,0053B000000fTg9QAE,2017-03-01 16:25:49,,,RKStore:InvcHKApi,cc_hlpr_GenericHKFactory,RKStore:InvcHKDao,RKStore:InvcHKService,
a8i3B000000CdR8QAK,false,RKStore:Catalog,USD,00D3B0000008ukZUAQ,2017-03-01 16:25:49,0053B000000fTg9QAE,2017-03-01 16:25:49,0053B000000fTg9QAE,2017-03-01 16:25:49,,,RKStore:CatalogApi,cc_hlpr_GenericHKFactory,RKStore:CatalogDao,RKStore:CatalogService,
a8i3B000000CdR9QAK,false,RKStore:PymtHK,USD,00D3B0000008ukZUAQ,2017-03-01 16:25:49,0053B000000fTg9QAE,2017-03-01 16:25:49,0053B000000fTg9QAE,2017-03-01 16:25:49,,,RKStore:PymtHKApi,cc_hlpr_GenericHKFactory,RKStore:PymtHKDao,RKStore:PymtHKService,
a8i3B000000CdRAQA0,false,RKStore:Pricing,USD,00D3B0000008ukZUAQ,2017-03-01 16:25:49,0053B000000fTg9QAE,2017-03-01 16:25:49,0053B000000fTg9QAE,2017-03-01 16:25:49,,,RKStore:PricingApi,cc_hlpr_GenericHKFactory,RKStore:PricingDao,RKStore:PricingService,
a8i3B000000CdRBQA0,false,RKStore:SSOLogin,USD,00D3B0000008ukZUAQ,2017-03-01 16:25:49,0053B000000fTg9QAE,2017-03-01 16:25:49,0053B000000fTg9QAE,2017-03-01 16:25:49,,,RKStore:SSOLoginApi,cc_hlpr_SSOHkFactory,RKStore:SSOLoginDao,RKStore:SSOLoginService,
a8i3B000000CdQNQA0,false,CHStore:PricingSync,USD,00D3B0000008ukZUAQ,2017-03-01 16:25:49,0053B000000fTg9QAE,2017-03-01 16:25:49,0053B000000fTg9QAE,2017-03-01 16:25:49,,,CHStore:PricingSyncApi,,CHStore:PricingSyncDao,CHStore:PricingSyncService,
a8i3B000000CdQOQA0,false,IRStore:Shipping,USD,00D3B0000008ukZUAQ,2017-03-01 16:25:49,0053B000000fTg9QAE,2017-03-01 16:25:49,0053B000000fTg9QAE,2017-03-01 16:25:49,,,IRStore:shipApi,cc_hlpr_ShippingAndHandlingSvcFactory,IRStore:shipDao,IRStore:shipService,
a8i3B000000CdQPQA0,false,IRStore:CartExtension,USD,00D3B0000008ukZUAQ,2017-03-01 16:25:49,0053B000000fTg9QAE,2017-03-01 16:25:49,0053B000000fTg9QAE,2017-03-01 16:25:49,,,IRStore:CartExtensionApi,cc_hlpr_CartExtensionApiFactory,,,
a8i3B000000CdQQQA0,false,IRStore:InventoryExtension,USD,00D3B0000008ukZUAQ,2017-03-01 16:25:49,0053B000000fTg9QAE,2017-03-01 16:25:49,0053B000000fTg9QAE,2017-03-01 16:25:49,,,IRStore:InventoryApi,cc_hlpr_InventoryExtensionFactory,,,
a8i3B000000CdQRQA0,false,IRStore:TaxCalculation,USD,00D3B0000008ukZUAQ,2017-03-01 16:25:49,0053B000000fTg9QAE,2017-03-01 16:25:49,0053B000000fTg9QAE,2017-03-01 16:25:49,,,IRStore:TaxCalculationApi,cc_hlpr_TaxCalculationHkFactory,,,
