id,isdeleted,name,currencyisocode,setupownerid,createddate,createdbyid,lastmodifieddate,lastmodifiedbyid,systemmodstamp,lastvieweddate,lastreferenceddate,browserlocale__c,countrycode__c,currency__c,
a8s3B000000CmaaQAC,false,es_PE,USD,00D3B0000008ukZUAQ,2017-03-01 16:28:36,0053B000000fTg9QAE,2017-03-01 16:28:36,0053B000000fTg9QAE,2017-03-01 16:28:36,,,es,PE,PEN,
a8s3B000000CmabQAC,false,es_HN,USD,00D3B0000008ukZUAQ,2017-03-01 16:28:36,0053B000000fTg9QAE,2017-03-01 16:28:36,0053B000000fTg9QAE,2017-03-01 16:28:36,,,es,HN,HNL,
a8s3B000000CmacQAC,false,es_PA,USD,00D3B0000008ukZUAQ,2017-03-01 16:28:36,0053B000000fTg9QAE,2017-03-01 16:28:36,0053B000000fTg9QAE,2017-03-01 16:28:36,,,es,PA,PAB,
a8s3B000000CmadQAC,false,ro_RO,USD,00D3B0000008ukZUAQ,2017-03-01 16:28:36,0053B000000fTg9QAE,2017-03-01 16:28:36,0053B000000fTg9QAE,2017-03-01 16:28:36,,,en_US,RO,ROL,
a8s3B000000CmaeQAC,false,pt_PT,USD,00D3B0000008ukZUAQ,2017-03-01 16:28:36,0053B000000fTg9QAE,2017-03-01 16:28:36,0053B000000fTg9QAE,2017-03-01 16:28:36,,,pt_PT,PT,EUR,
a8s3B000000CmafQAC,false,en_GB,USD,00D3B0000008ukZUAQ,2017-03-01 16:28:36,0053B000000fTg9QAE,2017-03-01 16:28:36,0053B000000fTg9QAE,2017-03-01 16:28:36,,,en_US,GB,GBP,
a8s3B000000CmagQAC,false,Ky_KG,USD,00D3B0000008ukZUAQ,2017-03-01 16:28:36,0053B000000fTg9QAE,2017-03-01 16:28:36,0053B000000fTg9QAE,2017-03-01 16:28:36,,,en_US,KG,KGS,
a8s3B000000CmahQAC,false,en_NZ,USD,00D3B0000008ukZUAQ,2017-03-01 16:28:36,0053B000000fTg9QAE,2017-03-01 16:28:36,0053B000000fTg9QAE,2017-03-01 16:28:36,,,en_US,NZ,NZD,
a8s3B000000CmaiQAC,false,fr_MC,USD,00D3B0000008ukZUAQ,2017-03-01 16:28:36,0053B000000fTg9QAE,2017-03-01 16:28:36,0053B000000fTg9QAE,2017-03-01 16:28:36,,,fr,MC,EUR,
a8s3B000000CmajQAC,false,es_PY,USD,00D3B0000008ukZUAQ,2017-03-01 16:28:36,0053B000000fTg9QAE,2017-03-01 16:28:36,0053B000000fTg9QAE,2017-03-01 16:28:36,,,es,PY,PYG,
a8s3B000000CmakQAC,false,ar_MA,USD,00D3B0000008ukZUAQ,2017-03-01 16:28:36,0053B000000fTg9QAE,2017-03-01 16:28:36,0053B000000fTg9QAE,2017-03-01 16:28:36,,,en_US,MA,MAD,
a8s3B000000CmalQAC,false,fr,USD,00D3B0000008ukZUAQ,2017-03-01 16:28:36,0053B000000fTg9QAE,2017-03-01 16:28:36,0053B000000fTg9QAE,2017-03-01 16:28:36,,,fr,FR,EUR,
a8s3B000000CmauQAC,false,ms_MY,USD,00D3B0000008ukZUAQ,2017-03-01 16:28:36,0053B000000fTg9QAE,2017-03-01 16:28:36,0053B000000fTg9QAE,2017-03-01 16:28:36,,,en_US,MY,MYR,
a8s3B000000CmavQAC,false,ar_LY,USD,00D3B0000008ukZUAQ,2017-03-01 16:28:36,0053B000000fTg9QAE,2017-03-01 16:28:36,0053B000000fTg9QAE,2017-03-01 16:28:36,,,en_US,LY,LYD,
a8s3B000000CmawQAC,false,ar_TN,USD,00D3B0000008ukZUAQ,2017-03-01 16:28:36,0053B000000fTg9QAE,2017-03-01 16:28:36,0053B000000fTg9QAE,2017-03-01 16:28:36,,,en_US,TN,TND,
a8s3B000000CmaxQAC,false,zh_HK,USD,00D3B0000008ukZUAQ,2017-03-01 16:28:36,0053B000000fTg9QAE,2017-03-01 16:28:36,0053B000000fTg9QAE,2017-03-01 16:28:36,,,en_US,HK,HKD,
a8s3B000000CmayQAC,false,vi_VN,USD,00D3B0000008ukZUAQ,2017-03-01 16:28:36,0053B000000fTg9QAE,2017-03-01 16:28:36,0053B000000fTg9QAE,2017-03-01 16:28:36,,,en_US,VN,VND,
a8s3B000000CmazQAC,false,ar_LB,USD,00D3B0000008ukZUAQ,2017-03-01 16:28:36,0053B000000fTg9QAE,2017-03-01 16:28:36,0053B000000fTg9QAE,2017-03-01 16:28:36,,,en_US,LB,LBP,
a8s3B000000Cmb0QAC,false,gu_IN,USD,00D3B0000008ukZUAQ,2017-03-01 16:28:36,0053B000000fTg9QAE,2017-03-01 16:28:36,0053B000000fTg9QAE,2017-03-01 16:28:36,,,en_US,IN,INR,
a8s3B000000Cmb1QAC,false,tr_TR,USD,00D3B0000008ukZUAQ,2017-03-01 16:28:36,0053B000000fTg9QAE,2017-03-01 16:28:36,0053B000000fTg9QAE,2017-03-01 16:28:36,,,tr_TR,TR,TRY,
a8s3B000000CmbxQAC,false,sl_SI,USD,00D3B0000008ukZUAQ,2017-03-01 16:28:36,0053B000000fTg9QAE,2017-03-01 16:28:36,0053B000000fTg9QAE,2017-03-01 16:28:36,,,en_US,SI,SIT,
a8s3B000000CmbyQAC,false,zh,USD,00D3B0000008ukZUAQ,2017-03-01 16:28:36,0053B000000fTg9QAE,2017-03-01 16:28:36,0053B000000fTg9QAE,2017-03-01 16:28:36,,,en_US,CN,RMB,
a8s3B000000Cmb2QAC,false,hy_AM,USD,00D3B0000008ukZUAQ,2017-03-01 16:28:36,0053B000000fTg9QAE,2017-03-01 16:28:36,0053B000000fTg9QAE,2017-03-01 16:28:36,,,en_US,AM,AMD,
a8s3B000000Cmb3QAC,false,pt_BR,USD,00D3B0000008ukZUAQ,2017-03-01 16:28:36,0053B000000fTg9QAE,2017-03-01 16:28:36,0053B000000fTg9QAE,2017-03-01 16:28:36,,,en_US,BR,BRL,
a8s3B000000Cmb4QAC,false,pl_PL,USD,00D3B0000008ukZUAQ,2017-03-01 16:28:36,0053B000000fTg9QAE,2017-03-01 16:28:36,0053B000000fTg9QAE,2017-03-01 16:28:36,,,en_US,PL,PLN,
a8s3B000000Cmb5QAC,false,ja_JP,USD,00D3B0000008ukZUAQ,2017-03-01 16:28:36,0053B000000fTg9QAE,2017-03-01 16:28:36,0053B000000fTg9QAE,2017-03-01 16:28:36,,,ja,JP,JPY,
a8s3B000000Cmb6QAC,false,ar_KW,USD,00D3B0000008ukZUAQ,2017-03-01 16:28:36,0053B000000fTg9QAE,2017-03-01 16:28:36,0053B000000fTg9QAE,2017-03-01 16:28:36,,,en_US,KW,KWD,
a8s3B000000Cmb7QAC,false,uk_UA,USD,00D3B0000008ukZUAQ,2017-03-01 16:28:36,0053B000000fTg9QAE,2017-03-01 16:28:36,0053B000000fTg9QAE,2017-03-01 16:28:36,,,en_US,UA,UAH,
a8s3B000000Cmb8QAC,false,de,USD,00D3B0000008ukZUAQ,2017-03-01 16:28:36,0053B000000fTg9QAE,2017-03-01 16:28:36,0053B000000fTg9QAE,2017-03-01 16:28:36,,,de,DE,EUR,
a8s3B000000Cmb9QAC,false,fr_CH,USD,00D3B0000008ukZUAQ,2017-03-01 16:28:36,0053B000000fTg9QAE,2017-03-01 16:28:36,0053B000000fTg9QAE,2017-03-01 16:28:36,,,fr,CH,CHF,
a8s3B000000Cmc9QAC,false,es_NI,USD,00D3B0000008ukZUAQ,2017-03-01 16:28:36,0053B000000fTg9QAE,2017-03-01 16:28:36,0053B000000fTg9QAE,2017-03-01 16:28:36,,,es,NI,NIO,
a8s3B000000CmcAQAS,false,en_CA,USD,00D3B0000008ukZUAQ,2017-03-01 16:28:36,0053B000000fTg9QAE,2017-03-01 16:28:36,0053B000000fTg9QAE,2017-03-01 16:28:36,,,en_US,CA,CAD,
a8s3B000000CmcBQAS,false,it,USD,00D3B0000008ukZUAQ,2017-03-01 16:28:36,0053B000000fTg9QAE,2017-03-01 16:28:36,0053B000000fTg9QAE,2017-03-01 16:28:36,,,it,IT,EUR,
a8s3B000000CmcCQAS,false,ko_KR,USD,00D3B0000008ukZUAQ,2017-03-01 16:28:36,0053B000000fTg9QAE,2017-03-01 16:28:36,0053B000000fTg9QAE,2017-03-01 16:28:36,,,en_US,KR,KRW,
a8s3B000000CmcDQAS,false,hr_HR,USD,00D3B0000008ukZUAQ,2017-03-01 16:28:36,0053B000000fTg9QAE,2017-03-01 16:28:36,0053B000000fTg9QAE,2017-03-01 16:28:36,,,en_US,HR,HRK,
a8s3B000000CmcEQAS,false,de_DE,USD,00D3B0000008ukZUAQ,2017-03-01 16:28:36,0053B000000fTg9QAE,2017-03-01 16:28:36,0053B000000fTg9QAE,2017-03-01 16:28:36,,,de,DE,EUR,
a8s3B000000CmcFQAS,false,ar_EG,USD,00D3B0000008ukZUAQ,2017-03-01 16:28:36,0053B000000fTg9QAE,2017-03-01 16:28:36,0053B000000fTg9QAE,2017-03-01 16:28:36,,,en_US,EG,EGP,
a8s3B000000CmcGQAS,false,fr_FR,USD,00D3B0000008ukZUAQ,2017-03-01 16:28:36,0053B000000fTg9QAE,2017-03-01 16:28:36,0053B000000fTg9QAE,2017-03-01 16:28:36,,,fr,FR,EUR,
a8s3B000000CmcHQAS,false,es_MX,USD,00D3B0000008ukZUAQ,2017-03-01 16:28:36,0053B000000fTg9QAE,2017-03-01 16:28:36,0053B000000fTg9QAE,2017-03-01 16:28:36,,,es,MX,MXN,
a8s3B000000CmcIQAS,false,ka_GE,USD,00D3B0000008ukZUAQ,2017-03-01 16:28:36,0053B000000fTg9QAE,2017-03-01 16:28:36,0053B000000fTg9QAE,2017-03-01 16:28:36,,,en_US,GE,GEL,
a8s3B000000CmbAQAS,false,en_IE,USD,00D3B0000008ukZUAQ,2017-03-01 16:28:36,0053B000000fTg9QAE,2017-03-01 16:28:36,0053B000000fTg9QAE,2017-03-01 16:28:36,,,en_US,IE,EUR,
a8s3B000000CmbBQAS,false,cs_CZ,USD,00D3B0000008ukZUAQ,2017-03-01 16:28:36,0053B000000fTg9QAE,2017-03-01 16:28:36,0053B000000fTg9QAE,2017-03-01 16:28:36,,,en_US,CZ,CZK,
a8s3B000000CmbCQAS,false,zh_TW,USD,00D3B0000008ukZUAQ,2017-03-01 16:28:36,0053B000000fTg9QAE,2017-03-01 16:28:36,0053B000000fTg9QAE,2017-03-01 16:28:36,,,en_US,TW,TWD,
a8s3B000000CmbDQAS,false,nl_BE,USD,00D3B0000008ukZUAQ,2017-03-01 16:28:36,0053B000000fTg9QAE,2017-03-01 16:28:36,0053B000000fTg9QAE,2017-03-01 16:28:36,,,en_US,BE,EUR,
a8s3B000000CmbEQAS,false,ar_JO,USD,00D3B0000008ukZUAQ,2017-03-01 16:28:36,0053B000000fTg9QAE,2017-03-01 16:28:36,0053B000000fTg9QAE,2017-03-01 16:28:36,,,en_US,JO,JOD,
a8s3B000000CmbFQAS,false,lv_LV,USD,00D3B0000008ukZUAQ,2017-03-01 16:28:36,0053B000000fTg9QAE,2017-03-01 16:28:36,0053B000000fTg9QAE,2017-03-01 16:28:36,,,en_US,LV,EUR,
a8s3B000000CmbGQAS,false,ar_IQ,USD,00D3B0000008ukZUAQ,2017-03-01 16:28:36,0053B000000fTg9QAE,2017-03-01 16:28:36,0053B000000fTg9QAE,2017-03-01 16:28:36,,,en_US,IQ,NID,
a8s3B000000CmbHQAS,false,zh_SG,USD,00D3B0000008ukZUAQ,2017-03-01 16:28:36,0053B000000fTg9QAE,2017-03-01 16:28:36,0053B000000fTg9QAE,2017-03-01 16:28:36,,,en_US,SG,SGD,
a8s3B000000CmbIQAS,false,es_AR,USD,00D3B0000008ukZUAQ,2017-03-01 16:28:36,0053B000000fTg9QAE,2017-03-01 16:28:36,0053B000000fTg9QAE,2017-03-01 16:28:36,,,es,AR,ARS,
a8s3B000000CmbJQAS,false,es_BO,USD,00D3B0000008ukZUAQ,2017-03-01 16:28:36,0053B000000fTg9QAE,2017-03-01 16:28:36,0053B000000fTg9QAE,2017-03-01 16:28:36,,,es,BO,BOB,
a8s3B000000CmcJQAS,false,es_UY,USD,00D3B0000008ukZUAQ,2017-03-01 16:28:36,0053B000000fTg9QAE,2017-03-01 16:28:36,0053B000000fTg9QAE,2017-03-01 16:28:36,,,es,UY,UYU,
a8s3B000000CmcKQAS,false,en_BZ,USD,00D3B0000008ukZUAQ,2017-03-01 16:28:36,0053B000000fTg9QAE,2017-03-01 16:28:36,0053B000000fTg9QAE,2017-03-01 16:28:36,,,en_US,BZ,BZD,
a8s3B000000CmcLQAS,false,nl_NL,USD,00D3B0000008ukZUAQ,2017-03-01 16:28:36,0053B000000fTg9QAE,2017-03-01 16:28:36,0053B000000fTg9QAE,2017-03-01 16:28:36,,,en_US,NL,EUR,
a8s3B000000CmcMQAS,false,ar_DZ,USD,00D3B0000008ukZUAQ,2017-03-01 16:28:36,0053B000000fTg9QAE,2017-03-01 16:28:36,0053B000000fTg9QAE,2017-03-01 16:28:36,,,en_US,DZ,DZD,
a8s3B000000CmcNQAS,false,ja,USD,00D3B0000008ukZUAQ,2017-03-01 16:28:36,0053B000000fTg9QAE,2017-03-01 16:28:36,0053B000000fTg9QAE,2017-03-01 16:28:36,,,ja,JP,JPY,
a8s3B000000CmcOQAS,false,af,USD,00D3B0000008ukZUAQ,2017-03-01 16:28:36,0053B000000fTg9QAE,2017-03-01 16:28:36,0053B000000fTg9QAE,2017-03-01 16:28:36,,,af,AF,AFN,
a8s3B000000CmcPQAS,false,de_LI,USD,00D3B0000008ukZUAQ,2017-03-01 16:28:36,0053B000000fTg9QAE,2017-03-01 16:28:36,0053B000000fTg9QAE,2017-03-01 16:28:36,,,de,LI,CHF,
a8s3B000000CmbKQAS,false,ar_AE,USD,00D3B0000008ukZUAQ,2017-03-01 16:28:36,0053B000000fTg9QAE,2017-03-01 16:28:36,0053B000000fTg9QAE,2017-03-01 16:28:36,,,en_US,AE,AED,
a8s3B000000CmbLQAS,false,ne,USD,00D3B0000008ukZUAQ,2017-03-01 16:28:36,0053B000000fTg9QAE,2017-03-01 16:28:36,0053B000000fTg9QAE,2017-03-01 16:28:36,,,en_US,NP,NPR,
a8s3B000000CmbMQAS,false,en_PH,USD,00D3B0000008ukZUAQ,2017-03-01 16:28:36,0053B000000fTg9QAE,2017-03-01 16:28:36,0053B000000fTg9QAE,2017-03-01 16:28:36,,,en_US,PH,PHP,
a8s3B000000CmbNQAS,false,da_DK,USD,00D3B0000008ukZUAQ,2017-03-01 16:28:36,0053B000000fTg9QAE,2017-03-01 16:28:36,0053B000000fTg9QAE,2017-03-01 16:28:36,,,en_US,DK,DKK,
a8s3B000000CmbOQAS,false,sv_SE,USD,00D3B0000008ukZUAQ,2017-03-01 16:28:36,0053B000000fTg9QAE,2017-03-01 16:28:36,0053B000000fTg9QAE,2017-03-01 16:28:36,,,en_US,SE,SEK,
a8s3B000000CmbPQAS,false,ms_BN,USD,00D3B0000008ukZUAQ,2017-03-01 16:28:36,0053B000000fTg9QAE,2017-03-01 16:28:36,0053B000000fTg9QAE,2017-03-01 16:28:36,,,en_US,BN,BND,
a8s3B000000CmbQQAS,false,es,USD,00D3B0000008ukZUAQ,2017-03-01 16:28:36,0053B000000fTg9QAE,2017-03-01 16:28:36,0053B000000fTg9QAE,2017-03-01 16:28:36,,,es,ES,EUR,
a8s3B000000CmbRQAS,false,ar_SA,USD,00D3B0000008ukZUAQ,2017-03-01 16:28:36,0053B000000fTg9QAE,2017-03-01 16:28:36,0053B000000fTg9QAE,2017-03-01 16:28:36,,,en_US,SA,SAR,
a8s3B000000CmbSQAS,false,th_TH,USD,00D3B0000008ukZUAQ,2017-03-01 16:28:36,0053B000000fTg9QAE,2017-03-01 16:28:36,0053B000000fTg9QAE,2017-03-01 16:28:36,,,en_US,TH,THB,
a8s3B000000CmbzQAC,false,es_VE,USD,00D3B0000008ukZUAQ,2017-03-01 16:28:36,0053B000000fTg9QAE,2017-03-01 16:28:36,0053B000000fTg9QAE,2017-03-01 16:28:36,,,es,VE,VEB,
a8s3B000000Cmc0QAC,false,kk_KZ,USD,00D3B0000008ukZUAQ,2017-03-01 16:28:36,0053B000000fTg9QAE,2017-03-01 16:28:36,0053B000000fTg9QAE,2017-03-01 16:28:36,,,en_US,KZ,KZT,
a8s3B000000Cmc1QAC,false,en_US,USD,00D3B0000008ukZUAQ,2017-03-01 16:28:36,0053B000000fTg9QAE,2017-03-01 16:28:36,0053B000000fTg9QAE,2017-03-01 16:28:36,,,en_US,US,USD,
a8s3B000000Cmc2QAC,false,es_EC,USD,00D3B0000008ukZUAQ,2017-03-01 16:28:36,0053B000000fTg9QAE,2017-03-01 16:28:36,0053B000000fTg9QAE,2017-03-01 16:28:36,,,es,EC,USD,
a8s3B000000Cmc3QAC,false,bg_BG,USD,00D3B0000008ukZUAQ,2017-03-01 16:28:36,0053B000000fTg9QAE,2017-03-01 16:28:36,0053B000000fTg9QAE,2017-03-01 16:28:36,,,en_US,BG,BGN,
a8s3B000000Cmc4QAC,false,ru_RU,USD,00D3B0000008ukZUAQ,2017-03-01 16:28:36,0053B000000fTg9QAE,2017-03-01 16:28:36,0053B000000fTg9QAE,2017-03-01 16:28:36,,,en_US,RU,RUB,
a8s3B000000Cmc5QAC,false,div_MV,USD,00D3B0000008ukZUAQ,2017-03-01 16:28:36,0053B000000fTg9QAE,2017-03-01 16:28:36,0053B000000fTg9QAE,2017-03-01 16:28:36,,,en_US,MV,MVR,
a8s3B000000Cmc6QAC,false,ar_OM,USD,00D3B0000008ukZUAQ,2017-03-01 16:28:36,0053B000000fTg9QAE,2017-03-01 16:28:36,0053B000000fTg9QAE,2017-03-01 16:28:36,,,en_US,OM,OMR,
a8s3B000000Cmc7QAC,false,he_IL,USD,00D3B0000008ukZUAQ,2017-03-01 16:28:36,0053B000000fTg9QAE,2017-03-01 16:28:36,0053B000000fTg9QAE,2017-03-01 16:28:36,,,en_US,IL,ILS,
a8s3B000000Cmc8QAC,false,en_AU,USD,00D3B0000008ukZUAQ,2017-03-01 16:28:36,0053B000000fTg9QAE,2017-03-01 16:28:36,0053B000000fTg9QAE,2017-03-01 16:28:36,,,en_US,AU,AUD,
a8s3B000000CmbTQAS,false,en_ZA,USD,00D3B0000008ukZUAQ,2017-03-01 16:28:36,0053B000000fTg9QAE,2017-03-01 16:28:36,0053B000000fTg9QAE,2017-03-01 16:28:36,,,en_US,ZA,ZAR,
a8s3B000000CmbUQAS,false,zh_CHT,USD,00D3B0000008ukZUAQ,2017-03-01 16:28:36,0053B000000fTg9QAE,2017-03-01 16:28:36,0053B000000fTg9QAE,2017-03-01 16:28:36,,,en_US,HT,HTG,
a8s3B000000CmbVQAS,false,ar_BH,USD,00D3B0000008ukZUAQ,2017-03-01 16:28:36,0053B000000fTg9QAE,2017-03-01 16:28:36,0053B000000fTg9QAE,2017-03-01 16:28:36,,,en_US,BH,BHD,
a8s3B000000CmbWQAS,false,lt_LT,USD,00D3B0000008ukZUAQ,2017-03-01 16:28:36,0053B000000fTg9QAE,2017-03-01 16:28:36,0053B000000fTg9QAE,2017-03-01 16:28:36,,,en_US,LT,LTL,
a8s3B000000CmbXQAS,false,zh_CN,USD,00D3B0000008ukZUAQ,2017-03-01 16:28:36,0053B000000fTg9QAE,2017-03-01 16:28:36,0053B000000fTg9QAE,2017-03-01 16:28:36,,,en_US,CN,RMB,
a8s3B000000CmbYQAS,false,el_GR,USD,00D3B0000008ukZUAQ,2017-03-01 16:28:36,0053B000000fTg9QAE,2017-03-01 16:28:36,0053B000000fTg9QAE,2017-03-01 16:28:36,,,en_US,GR,EUR,
a8s3B000000CmbZQAS,false,sk_SK,USD,00D3B0000008ukZUAQ,2017-03-01 16:28:36,0053B000000fTg9QAE,2017-03-01 16:28:36,0053B000000fTg9QAE,2017-03-01 16:28:36,,,en_US,SK,SKK,
a8s3B000000CmbaQAC,false,ca_ES,USD,00D3B0000008ukZUAQ,2017-03-01 16:28:36,0053B000000fTg9QAE,2017-03-01 16:28:36,0053B000000fTg9QAE,2017-03-01 16:28:36,,,en_US,ES,EUR,
a8s3B000000CmbbQAC,false,sv,USD,00D3B0000008ukZUAQ,2017-03-01 16:28:36,0053B000000fTg9QAE,2017-03-01 16:28:36,0053B000000fTg9QAE,2017-03-01 16:28:36,,,en_US,SZ,SZL,
a8s3B000000CmbcQAC,false,es_CL,USD,00D3B0000008ukZUAQ,2017-03-01 16:28:36,0053B000000fTg9QAE,2017-03-01 16:28:36,0053B000000fTg9QAE,2017-03-01 16:28:36,,,es,CL,CLP,
a8s3B000000CmbdQAC,false,fr_PY,USD,00D3B0000008ukZUAQ,2017-03-01 16:28:36,0053B000000fTg9QAE,2017-03-01 16:28:36,0053B000000fTg9QAE,2017-03-01 16:28:36,,,fr,PF,XPF,
a8s3B000000CmbeQAC,false,sw_KE,USD,00D3B0000008ukZUAQ,2017-03-01 16:28:36,0053B000000fTg9QAE,2017-03-01 16:28:36,0053B000000fTg9QAE,2017-03-01 16:28:36,,,en_US,KE,KES,
a8s3B000000CmbfQAC,false,es_CO,USD,00D3B0000008ukZUAQ,2017-03-01 16:28:36,0053B000000fTg9QAE,2017-03-01 16:28:36,0053B000000fTg9QAE,2017-03-01 16:28:36,,,es,CO,COP,
a8s3B000000CmbgQAC,false,en_ZW,USD,00D3B0000008ukZUAQ,2017-03-01 16:28:36,0053B000000fTg9QAE,2017-03-01 16:28:36,0053B000000fTg9QAE,2017-03-01 16:28:36,,,en_US,ZW,ZWD,
a8s3B000000CmbhQAC,false,ar_QA,USD,00D3B0000008ukZUAQ,2017-03-01 16:28:36,0053B000000fTg9QAE,2017-03-01 16:28:36,0053B000000fTg9QAE,2017-03-01 16:28:36,,,en_US,QA,QAR,
a8s3B000000CmbiQAC,false,de_AT,USD,00D3B0000008ukZUAQ,2017-03-01 16:28:36,0053B000000fTg9QAE,2017-03-01 16:28:36,0053B000000fTg9QAE,2017-03-01 16:28:36,,,de,AT,EUR,
a8s3B000000CmbjQAC,false,es_CR,USD,00D3B0000008ukZUAQ,2017-03-01 16:28:36,0053B000000fTg9QAE,2017-03-01 16:28:36,0053B000000fTg9QAE,2017-03-01 16:28:36,,,es,CR,CRC,
a8s3B000000CmbkQAC,false,id_ID,USD,00D3B0000008ukZUAQ,2017-03-01 16:28:36,0053B000000fTg9QAE,2017-03-01 16:28:36,0053B000000fTg9QAE,2017-03-01 16:28:36,,,en_US,ID,IDR,
a8s3B000000CmblQAC,false,is_IS,USD,00D3B0000008ukZUAQ,2017-03-01 16:28:36,0053B000000fTg9QAE,2017-03-01 16:28:36,0053B000000fTg9QAE,2017-03-01 16:28:36,,,en_US,IS,ISK,
a8s3B000000CmbmQAC,false,ko,USD,00D3B0000008ukZUAQ,2017-03-01 16:28:36,0053B000000fTg9QAE,2017-03-01 16:28:36,0053B000000fTg9QAE,2017-03-01 16:28:36,,,en_US,KO,XCD,
a8s3B000000CmbnQAC,false,hu_HU,USD,00D3B0000008ukZUAQ,2017-03-01 16:28:36,0053B000000fTg9QAE,2017-03-01 16:28:36,0053B000000fTg9QAE,2017-03-01 16:28:36,,,en_US,HU,HUF,
a8s3B000000CmboQAC,false,kl,USD,00D3B0000008ukZUAQ,2017-03-01 16:28:36,0053B000000fTg9QAE,2017-03-01 16:28:36,0053B000000fTg9QAE,2017-03-01 16:28:36,,,en_US,GL,DKK,
a8s3B000000CmbpQAC,false,es_SV,USD,00D3B0000008ukZUAQ,2017-03-01 16:28:36,0053B000000fTg9QAE,2017-03-01 16:28:36,0053B000000fTg9QAE,2017-03-01 16:28:36,,,es,SV,USD,
a8s3B000000CmbqQAC,false,cr,USD,00D3B0000008ukZUAQ,2017-03-01 16:28:36,0053B000000fTg9QAE,2017-03-01 16:28:36,0053B000000fTg9QAE,2017-03-01 16:28:36,,,en_US,CG,XAF,
a8s3B000000CmbrQAC,false,en_JM,USD,00D3B0000008ukZUAQ,2017-03-01 16:28:36,0053B000000fTg9QAE,2017-03-01 16:28:36,0053B000000fTg9QAE,2017-03-01 16:28:36,,,en_US,JM,JMD,
a8s3B000000CmbsQAC,false,ar_YE,USD,00D3B0000008ukZUAQ,2017-03-01 16:28:36,0053B000000fTg9QAE,2017-03-01 16:28:36,0053B000000fTg9QAE,2017-03-01 16:28:36,,,en_US,YE,YER,
a8s3B000000CmbtQAC,false,lg,USD,00D3B0000008ukZUAQ,2017-03-01 16:28:36,0053B000000fTg9QAE,2017-03-01 16:28:36,0053B000000fTg9QAE,2017-03-01 16:28:36,,,en_US,GH,GHC,
a8s3B000000CmbuQAC,false,mn_MN,USD,00D3B0000008ukZUAQ,2017-03-01 16:28:36,0053B000000fTg9QAE,2017-03-01 16:28:36,0053B000000fTg9QAE,2017-03-01 16:28:36,,,en_US,MN,MNT,
a8s3B000000CmbvQAC,false,ch,USD,00D3B0000008ukZUAQ,2017-03-01 16:28:36,0053B000000fTg9QAE,2017-03-01 16:28:36,0053B000000fTg9QAE,2017-03-01 16:28:36,,,ch,KM,KMF,
a8s3B000000CmbwQAC,false,es_DO,USD,00D3B0000008ukZUAQ,2017-03-01 16:28:36,0053B000000fTg9QAE,2017-03-01 16:28:36,0053B000000fTg9QAE,2017-03-01 16:28:36,,,es,DO,DOP,
a8s3B000000CmamQAC,false,nb_NO,USD,00D3B0000008ukZUAQ,2017-03-01 16:28:36,0053B000000fTg9QAE,2017-03-01 16:28:36,0053B000000fTg9QAE,2017-03-01 16:28:36,,,en_US,NO,NOK,
a8s3B000000CmanQAC,false,be_BY,USD,00D3B0000008ukZUAQ,2017-03-01 16:28:36,0053B000000fTg9QAE,2017-03-01 16:28:36,0053B000000fTg9QAE,2017-03-01 16:28:36,,,en_US,BY,BYR,
a8s3B000000CmaoQAC,false,es_PR,USD,00D3B0000008ukZUAQ,2017-03-01 16:28:36,0053B000000fTg9QAE,2017-03-01 16:28:36,0053B000000fTg9QAE,2017-03-01 16:28:36,,,es,PR,USD,
a8s3B000000CmapQAC,false,es_GT,USD,00D3B0000008ukZUAQ,2017-03-01 16:28:36,0053B000000fTg9QAE,2017-03-01 16:28:36,0053B000000fTg9QAE,2017-03-01 16:28:36,,,es,GT,GTQ,
a8s3B000000CmaqQAC,false,fr_LU,USD,00D3B0000008ukZUAQ,2017-03-01 16:28:36,0053B000000fTg9QAE,2017-03-01 16:28:36,0053B000000fTg9QAE,2017-03-01 16:28:36,,,fr,LU,EUR,
a8s3B000000CmarQAC,false,sq_AL,USD,00D3B0000008ukZUAQ,2017-03-01 16:28:36,0053B000000fTg9QAE,2017-03-01 16:28:36,0053B000000fTg9QAE,2017-03-01 16:28:36,,,en_US,AL,ALL,
a8s3B000000CmasQAC,false,fi_FI,USD,00D3B0000008ukZUAQ,2017-03-01 16:28:36,0053B000000fTg9QAE,2017-03-01 16:28:36,0053B000000fTg9QAE,2017-03-01 16:28:36,,,en_US,FI,EUR,
a8s3B000000CmatQAC,false,zh_MO,USD,00D3B0000008ukZUAQ,2017-03-01 16:28:36,0053B000000fTg9QAE,2017-03-01 16:28:36,0053B000000fTg9QAE,2017-03-01 16:28:36,,,en_US,MO,MOP,
