id,isdeleted,name,currencyisocode,setupownerid,createddate,createdbyid,lastmodifieddate,lastmodifiedbyid,systemmodstamp,lastvieweddate,lastreferenceddate,label__c,
a953B000000Cae6QAC,false,TM,USD,00D3B0000008ukZUAQ,2017-03-01 16:24:43,0053B000000fTg9QAE,2017-03-01 16:24:43,0053B000000fTg9QAE,2017-03-01 16:24:43,,,Top Menu,
a953B000000Cae7QAC,false,f,USD,00D3B0000008ukZUAQ,2017-03-01 16:24:43,0053B000000fTg9QAE,2017-03-01 16:24:43,0053B000000fTg9QAE,2017-03-01 16:24:43,,,Footer,
a953B000000Cae8QAC,false,EFF,USD,00D3B0000008ukZUAQ,2017-03-01 16:24:43,0053B000000fTg9QAE,2017-03-01 16:24:43,0053B000000fTg9QAE,2017-03-01 16:24:43,,,Effective Account,
a953B000000Cae9QAC,false,ui,USD,00D3B0000008ukZUAQ,2017-03-01 16:24:43,0053B000000fTg9QAE,2017-03-01 16:24:43,0053B000000fTg9QAE,2017-03-01 16:24:43,,,User Interface,
a953B000000CaeAQAS,false,subs,USD,00D3B0000008ukZUAQ,2017-03-01 16:24:43,0053B000000fTg9QAE,2017-03-01 16:24:43,0053B000000fTg9QAE,2017-03-01 16:24:43,,,My Subscriptions,
a953B000000CaeBQAS,false,addr,USD,00D3B0000008ukZUAQ,2017-03-01 16:24:43,0053B000000fTg9QAE,2017-03-01 16:24:43,0053B000000fTg9QAE,2017-03-01 16:24:43,,,Address Book,
a953B000000CaeCQAS,false,WLT,USD,00D3B0000008ukZUAQ,2017-03-01 16:24:43,0053B000000fTg9QAE,2017-03-01 16:24:43,0053B000000fTg9QAE,2017-03-01 16:24:43,,,My Wallet,
a953B000000CaeDQAS,false,PM,USD,00D3B0000008ukZUAQ,2017-03-01 16:24:43,0053B000000fTg9QAE,2017-03-01 16:24:43,0053B000000fTg9QAE,2017-03-01 16:24:43,,,Promotions,
a953B000000CaeKQAS,false,FT,USD,00D3B0000008ukZUAQ,2017-03-01 16:24:43,0053B000000fTg9QAE,2017-03-01 16:24:43,0053B000000fTg9QAE,2017-03-01 16:24:43,,,Features,
a953B000000CaeLQAS,false,GA,USD,00D3B0000008ukZUAQ,2017-03-01 16:24:43,0053B000000fTg9QAE,2017-03-01 16:24:43,0053B000000fTg9QAE,2017-03-01 16:24:43,,,Google Analytics Include,
a953B000000CaeMQAS,false,H,USD,00D3B0000008ukZUAQ,2017-03-01 16:24:43,0053B000000fTg9QAE,2017-03-01 16:24:43,0053B000000fTg9QAE,2017-03-01 16:24:43,,,Header,
a953B000000CaeNQAS,false,SL,USD,00D3B0000008ukZUAQ,2017-03-01 16:24:43,0053B000000fTg9QAE,2017-03-01 16:24:43,0053B000000fTg9QAE,2017-03-01 16:24:43,,,Spotlight,
a953B000000CaeOQAS,false,rfq,USD,00D3B0000008ukZUAQ,2017-03-01 16:24:43,0053B000000fTg9QAE,2017-03-01 16:24:43,0053B000000fTg9QAE,2017-03-01 16:24:43,,,Request For Quote,
a953B000000CaeRQAS,false,MO,USD,00D3B0000008ukZUAQ,2017-03-01 16:24:43,0053B000000fTg9QAE,2017-03-01 16:24:43,0053B000000fTg9QAE,2017-03-01 16:24:43,,,My Orders,
a953B000000CaeSQAS,false,MA,USD,00D3B0000008ukZUAQ,2017-03-01 16:24:43,0053B000000fTg9QAE,2017-03-01 16:24:43,0053B000000fTg9QAE,2017-03-01 16:24:43,,,My Account,
a953B000000CaeTQAS,false,Cpn,USD,00D3B0000008ukZUAQ,2017-03-01 16:24:43,0053B000000fTg9QAE,2017-03-01 16:24:43,0053B000000fTg9QAE,2017-03-01 16:24:43,,,Coupon,
a953B000000CaeEQAS,false,PR,USD,00D3B0000008ukZUAQ,2017-03-01 16:24:43,0053B000000fTg9QAE,2017-03-01 16:24:43,0053B000000fTg9QAE,2017-03-01 16:24:43,,,Product Reviews,
a953B000000CaeFQAS,false,PS,USD,00D3B0000008ukZUAQ,2017-03-01 16:24:43,0053B000000fTg9QAE,2017-03-01 16:24:43,0053B000000fTg9QAE,2017-03-01 16:24:43,,,Product Social Widget,
a953B000000CaeGQAS,false,QO,USD,00D3B0000008ukZUAQ,2017-03-01 16:24:43,0053B000000fTg9QAE,2017-03-01 16:24:43,0053B000000fTg9QAE,2017-03-01 16:24:43,,,Quick Order,
a953B000000CaeHQAS,false,CWL,USD,00D3B0000008ukZUAQ,2017-03-01 16:24:43,0053B000000fTg9QAE,2017-03-01 16:24:43,0053B000000fTg9QAE,2017-03-01 16:24:43,,,Custom Widget Left Nav,
a953B000000CaePQAS,false,pgbl,USD,00D3B0000008ukZUAQ,2017-03-01 16:24:43,0053B000000fTg9QAE,2017-03-01 16:24:43,0053B000000fTg9QAE,2017-03-01 16:24:43,,,Paginator,
a953B000000CaeQQAS,false,reg,USD,00D3B0000008ukZUAQ,2017-03-01 16:24:43,0053B000000fTg9QAE,2017-03-01 16:24:43,0053B000000fTg9QAE,2017-03-01 16:24:43,,,Registration,
a953B000000CaeIQAS,false,F,USD,00D3B0000008ukZUAQ,2017-03-01 16:24:43,0053B000000fTg9QAE,2017-03-01 16:24:43,0053B000000fTg9QAE,2017-03-01 16:24:43,,,Footer,
a953B000000CaeJQAS,false,FP,USD,00D3B0000008ukZUAQ,2017-03-01 16:24:43,0053B000000fTg9QAE,2017-03-01 16:24:43,0053B000000fTg9QAE,2017-03-01 16:24:43,,,Featured products,
a953B000000CaeXQAS,false,US,USD,00D3B0000008ukZUAQ,2017-03-01 16:24:43,0053B000000fTg9QAE,2017-03-01 16:24:43,0053B000000fTg9QAE,2017-03-01 16:24:43,,,Up-sells,
a953B000000CaeYQAS,false,js,USD,00D3B0000008ukZUAQ,2017-03-01 16:24:43,0053B000000fTg9QAE,2017-03-01 16:24:43,0053B000000fTg9QAE,2017-03-01 16:24:43,,,JavaScript,
a953B000000CaeZQAS,false,LI,USD,00D3B0000008ukZUAQ,2017-03-01 16:24:43,0053B000000fTg9QAE,2017-03-01 16:24:43,0053B000000fTg9QAE,2017-03-01 16:24:43,,,List Item,
a953B000000CaeaQAC,false,ARP,USD,00D3B0000008ukZUAQ,2017-03-01 16:24:43,0053B000000fTg9QAE,2017-03-01 16:24:43,0053B000000fTg9QAE,2017-03-01 16:24:43,,,Accessories Tab,
a953B000000CaebQAC,false,OH,USD,00D3B0000008ukZUAQ,2017-03-01 16:24:43,0053B000000fTg9QAE,2017-03-01 16:24:43,0053B000000fTg9QAE,2017-03-01 16:24:43,,,Order History,
a953B000000CaecQAC,false,nav,USD,00D3B0000008ukZUAQ,2017-03-01 16:24:43,0053B000000fTg9QAE,2017-03-01 16:24:43,0053B000000fTg9QAE,2017-03-01 16:24:43,,,My Account Navigation Bar,
a953B000000CaedQAC,false,srch,USD,00D3B0000008ukZUAQ,2017-03-01 16:24:43,0053B000000fTg9QAE,2017-03-01 16:24:43,0053B000000fTg9QAE,2017-03-01 16:24:43,,,Search/Filter Widget,
a953B000000CaeeQAC,false,shAct,USD,00D3B0000008ukZUAQ,2017-03-01 16:24:43,0053B000000fTg9QAE,2017-03-01 16:24:43,0053B000000fTg9QAE,2017-03-01 16:24:43,,,Show Actions Column,
a953B000000CaefQAC,false,HIB,USD,00D3B0000008ukZUAQ,2017-03-01 16:24:43,0053B000000fTg9QAE,2017-03-01 16:24:43,0053B000000fTg9QAE,2017-03-01 16:24:43,,,Header Include Begin,
a953B000000CaegQAC,false,HIE,USD,00D3B0000008ukZUAQ,2017-03-01 16:24:43,0053B000000fTg9QAE,2017-03-01 16:24:43,0053B000000fTg9QAE,2017-03-01 16:24:43,,,Header Include End,
a953B000000CaehQAC,false,BdIB,USD,00D3B0000008ukZUAQ,2017-03-01 16:24:43,0053B000000fTg9QAE,2017-03-01 16:24:43,0053B000000fTg9QAE,2017-03-01 16:24:43,,,HTML Body Include Begin,
a953B000000CaeiQAC,false,PL,USD,00D3B0000008ukZUAQ,2017-03-01 16:24:43,0053B000000fTg9QAE,2017-03-01 16:24:43,0053B000000fTg9QAE,2017-03-01 16:24:43,,,Product List,
a953B000000CaejQAC,false,PD,USD,00D3B0000008ukZUAQ,2017-03-01 16:24:43,0053B000000fTg9QAE,2017-03-01 16:24:43,0053B000000fTg9QAE,2017-03-01 16:24:43,,,Product Detail,
a953B000000CaekQAC,false,PLP,USD,00D3B0000008ukZUAQ,2017-03-01 16:24:43,0053B000000fTg9QAE,2017-03-01 16:24:43,0053B000000fTg9QAE,2017-03-01 16:24:43,,,Product List Page,
a953B000000CaelQAC,false,BIB,USD,00D3B0000008ukZUAQ,2017-03-01 16:24:43,0053B000000fTg9QAE,2017-03-01 16:24:43,0053B000000fTg9QAE,2017-03-01 16:24:43,,,Body Includes Begin,
a953B000000CaemQAC,false,BIE,USD,00D3B0000008ukZUAQ,2017-03-01 16:24:43,0053B000000fTg9QAE,2017-03-01 16:24:43,0053B000000fTg9QAE,2017-03-01 16:24:43,,,Body Includes End,
a953B000000CaenQAC,false,RP,USD,00D3B0000008ukZUAQ,2017-03-01 16:24:43,0053B000000fTg9QAE,2017-03-01 16:24:43,0053B000000fTg9QAE,2017-03-01 16:24:43,,,Related Products Widget,
a953B000000CaeoQAC,false,css,USD,00D3B0000008ukZUAQ,2017-03-01 16:24:43,0053B000000fTg9QAE,2017-03-01 16:24:43,0053B000000fTg9QAE,2017-03-01 16:24:43,,,Style Sheet,
a953B000000CaepQAC,false,CT,USD,00D3B0000008ukZUAQ,2017-03-01 16:24:43,0053B000000fTg9QAE,2017-03-01 16:24:43,0053B000000fTg9QAE,2017-03-01 16:24:43,,,Category Tree,
a953B000000CaeqQAC,false,BdIE,USD,00D3B0000008ukZUAQ,2017-03-01 16:24:43,0053B000000fTg9QAE,2017-03-01 16:24:43,0053B000000fTg9QAE,2017-03-01 16:24:43,,,HTML Body Include End,
a953B000000CaerQAC,false,BN,USD,00D3B0000008ukZUAQ,2017-03-01 16:24:43,0053B000000fTg9QAE,2017-03-01 16:24:43,0053B000000fTg9QAE,2017-03-01 16:24:43,,,Banner,
a953B000000CaesQAC,false,CO,USD,00D3B0000008ukZUAQ,2017-03-01 16:24:43,0053B000000fTg9QAE,2017-03-01 16:24:43,0053B000000fTg9QAE,2017-03-01 16:24:43,,,Checkout,
a953B000000CaetQAC,false,FF,USD,00D3B0000008ukZUAQ,2017-03-01 16:24:43,0053B000000fTg9QAE,2017-03-01 16:24:43,0053B000000fTg9QAE,2017-03-01 16:24:43,,,Feature Filtering,
a953B000000CaeuQAC,false,AC,USD,00D3B0000008ukZUAQ,2017-03-01 16:24:43,0053B000000fTg9QAE,2017-03-01 16:24:43,0053B000000fTg9QAE,2017-03-01 16:24:43,,,Accessories,
a953B000000CaevQAC,false,BC,USD,00D3B0000008ukZUAQ,2017-03-01 16:24:43,0053B000000fTg9QAE,2017-03-01 16:24:43,0053B000000fTg9QAE,2017-03-01 16:24:43,,,Breadcrumb,
a953B000000CaeUQAS,false,inv,USD,00D3B0000008ukZUAQ,2017-03-01 16:24:43,0053B000000fTg9QAE,2017-03-01 16:24:43,0053B000000fTg9QAE,2017-03-01 16:24:43,,,Invoices,
a953B000000CaeVQAS,false,PRG,USD,00D3B0000008ukZUAQ,2017-03-01 16:24:43,0053B000000fTg9QAE,2017-03-01 16:24:43,0053B000000fTg9QAE,2017-03-01 16:24:43,,,Price Group,
a953B000000CaeWQAS,false,UR,USD,00D3B0000008ukZUAQ,2017-03-01 16:24:43,0053B000000fTg9QAE,2017-03-01 16:24:43,0053B000000fTg9QAE,2017-03-01 16:24:43,,,User Profile(Registration),
a953B000000CaewQAC,false,C,USD,00D3B0000008ukZUAQ,2017-03-01 16:24:43,0053B000000fTg9QAE,2017-03-01 16:24:43,0053B000000fTg9QAE,2017-03-01 16:24:43,,,Cart,
a953B000000CaexQAC,false,CF,USD,00D3B0000008ukZUAQ,2017-03-01 16:24:43,0053B000000fTg9QAE,2017-03-01 16:24:43,0053B000000fTg9QAE,2017-03-01 16:24:43,,,Confirmation,
a953B000000CaeyQAC,false,CS,USD,00D3B0000008ukZUAQ,2017-03-01 16:24:43,0053B000000fTg9QAE,2017-03-01 16:24:43,0053B000000fTg9QAE,2017-03-01 16:24:43,,,Cross-sells,
a953B000000CaezQAC,false,CSW,USD,00D3B0000008ukZUAQ,2017-03-01 16:24:43,0053B000000fTg9QAE,2017-03-01 16:24:43,0053B000000fTg9QAE,2017-03-01 16:24:43,,,Company Social Widget,
a953B000000Caf0QAC,false,SO,USD,00D3B0000008ukZUAQ,2017-03-01 16:24:43,0053B000000fTg9QAE,2017-03-01 16:24:43,0053B000000fTg9QAE,2017-03-01 16:24:43,,,Shipping Options,
a953B000000Caf1QAC,false,UP,USD,00D3B0000008ukZUAQ,2017-03-01 16:24:43,0053B000000fTg9QAE,2017-03-01 16:24:43,0053B000000fTg9QAE,2017-03-01 16:24:43,,,User Profile,
a953B000000Caf2QAC,false,PayShip,USD,00D3B0000008ukZUAQ,2017-03-01 16:24:43,0053B000000fTg9QAE,2017-03-01 16:24:43,0053B000000fTg9QAE,2017-03-01 16:24:43,,,Payment Shipping,
a953B000000Caf3QAC,false,SB,USD,00D3B0000008ukZUAQ,2017-03-01 16:24:43,0053B000000fTg9QAE,2017-03-01 16:24:43,0053B000000fTg9QAE,2017-03-01 16:24:43,,,Search Box,
a953B000000Caf4QAC,false,WL,USD,00D3B0000008ukZUAQ,2017-03-01 16:24:43,0053B000000fTg9QAE,2017-03-01 16:24:43,0053B000000fTg9QAE,2017-03-01 16:24:43,,,Wishlists/Templates,
a953B000000Caf5QAC,false,Dspl,USD,00D3B0000008ukZUAQ,2017-03-01 16:24:43,0053B000000fTg9QAE,2017-03-01 16:24:43,0053B000000fTg9QAE,2017-03-01 16:24:43,,,Field Display,
a953B000000Caf6QAC,false,SPL,USD,00D3B0000008ukZUAQ,2017-03-01 16:24:43,0053B000000fTg9QAE,2017-03-01 16:24:43,0053B000000fTg9QAE,2017-03-01 16:24:43,,,Splash,
a953B000000Caf7QAC,false,LIST,USD,00D3B0000008ukZUAQ,2017-03-01 16:24:43,0053B000000fTg9QAE,2017-03-01 16:24:43,0053B000000fTg9QAE,2017-03-01 16:24:43,,,List,
a953B000000Caf8QAC,false,MC,USD,00D3B0000008ukZUAQ,2017-03-01 16:24:43,0053B000000fTg9QAE,2017-03-01 16:24:43,0053B000000fTg9QAE,2017-03-01 16:24:43,,,Mini-cart,
a953B000000Caf9QAC,false,OR,USD,00D3B0000008ukZUAQ,2017-03-01 16:24:43,0053B000000fTg9QAE,2017-03-01 16:24:43,0053B000000fTg9QAE,2017-03-01 16:24:43,,,Order Review,
a953B000000CafAQAS,false,PDA,USD,00D3B0000008ukZUAQ,2017-03-01 16:24:43,0053B000000fTg9QAE,2017-03-01 16:24:43,0053B000000fTg9QAE,2017-03-01 16:24:43,,,Product Detail attributes,
a953B000000CafBQAS,false,PDP,USD,00D3B0000008ukZUAQ,2017-03-01 16:24:43,0053B000000fTg9QAE,2017-03-01 16:24:43,0053B000000fTg9QAE,2017-03-01 16:24:43,,,Product Detail Page,
a953B000000CafCQAS,false,MSG,USD,00D3B0000008ukZUAQ,2017-03-01 16:24:43,0053B000000fTg9QAE,2017-03-01 16:24:43,0053B000000fTg9QAE,2017-03-01 16:24:43,,,Messages,
a953B000000CafDQAS,false,PGL,USD,00D3B0000008ukZUAQ,2017-03-01 16:24:43,0053B000000fTg9QAE,2017-03-01 16:24:43,0053B000000fTg9QAE,2017-03-01 16:24:43,,,Page Labels,
a953B000000CafEQAS,false,PSI,USD,00D3B0000008ukZUAQ,2017-03-01 16:24:43,0053B000000fTg9QAE,2017-03-01 16:24:43,0053B000000fTg9QAE,2017-03-01 16:24:43,,,Product Spec Indexing,
