id,isdeleted,name,currencyisocode,setupownerid,createddate,createdbyid,lastmodifieddate,lastmodifiedbyid,systemmodstamp,lastvieweddate,lastreferenceddate,label__c,value__c,
aAA3B0000009InbWAE,false,ccunderconstruction,USD,00D3B0000008ukZUAQ,2017-03-01 16:24:26,0053B000000fTg9QAE,2017-03-01 16:24:26,0053B000000fTg9QAE,2017-03-01 16:24:26,,,Under Construction,EX,
aAA3B0000009IncWAE,false,checkoutnew,USD,00D3B0000008ukZUAQ,2017-03-01 16:24:26,0053B000000fTg9QAE,2017-03-01 16:24:26,0053B000000fTg9QAE,2017-03-01 16:24:26,,,Check Out,CO,
aAA3B0000009InnWAE,false,subscriptionpaymentmodify,USD,00D3B0000008ukZUAQ,2017-03-01 16:24:26,0053B000000fTg9QAE,2017-03-01 16:24:26,0053B000000fTg9QAE,2017-03-01 16:24:26,,,Subscription Payment Modify,SUBPM,
aAA3B0000009InoWAE,false,cart,USD,00D3B0000008ukZUAQ,2017-03-01 16:24:26,0053B000000fTg9QAE,2017-03-01 16:24:26,0053B000000fTg9QAE,2017-03-01 16:24:26,,,Cart,CA,
aAA3B0000009InpWAE,false,storedpaymentdetail,USD,00D3B0000008ukZUAQ,2017-03-01 16:24:26,0053B000000fTg9QAE,2017-03-01 16:24:26,0053B000000fTg9QAE,2017-03-01 16:24:26,,,Stored Payment Detail,SPD,
aAA3B0000009InqWAE,false,ccbandwidthexceeded,USD,00D3B0000008ukZUAQ,2017-03-01 16:24:26,0053B000000fTg9QAE,2017-03-01 16:24:26,0053B000000fTg9QAE,2017-03-01 16:24:26,,,Bandwidth Exceeded,EX,
aAA3B0000009InrWAE,false,ccchangepassword,USD,00D3B0000008ukZUAQ,2017-03-01 16:24:26,0053B000000fTg9QAE,2017-03-01 16:24:26,0053B000000fTg9QAE,2017-03-01 16:24:26,,,Change Password,PW,
aAA3B0000009InsWAE,false,ccexception,USD,00D3B0000008ukZUAQ,2017-03-01 16:24:26,0053B000000fTg9QAE,2017-03-01 16:24:26,0053B000000fTg9QAE,2017-03-01 16:24:26,,,Exception,EX,
aAA3B0000009IntWAE,false,ccfilenotfound,USD,00D3B0000008ukZUAQ,2017-03-01 16:24:26,0053B000000fTg9QAE,2017-03-01 16:24:26,0053B000000fTg9QAE,2017-03-01 16:24:26,,,File Not Found,EX,
aAA3B0000009InuWAE,false,ccforgotpassword,USD,00D3B0000008ukZUAQ,2017-03-01 16:24:26,0053B000000fTg9QAE,2017-03-01 16:24:26,0053B000000fTg9QAE,2017-03-01 16:24:26,,,Forgot Password,PW,
aAA3B0000009InvWAE,false,ccforgotpasswordconfirm,USD,00D3B0000008ukZUAQ,2017-03-01 16:24:26,0053B000000fTg9QAE,2017-03-01 16:24:26,0053B000000fTg9QAE,2017-03-01 16:24:26,,,Forgot Password Confirm,PW,
aAA3B0000009InwWAE,false,ccinmaintenance,USD,00D3B0000008ukZUAQ,2017-03-01 16:24:26,0053B000000fTg9QAE,2017-03-01 16:24:26,0053B000000fTg9QAE,2017-03-01 16:24:26,,,In Maintenance,EX,
aAA3B0000009InxWAE,false,ccsitelogin,USD,00D3B0000008ukZUAQ,2017-03-01 16:24:26,0053B000000fTg9QAE,2017-03-01 16:24:26,0053B000000fTg9QAE,2017-03-01 16:24:26,,,Site Login,PW,
aAA3B0000009InyWAE,false,ccsiteregister,USD,00D3B0000008ukZUAQ,2017-03-01 16:24:26,0053B000000fTg9QAE,2017-03-01 16:24:26,0053B000000fTg9QAE,2017-03-01 16:24:26,,,Site Register,RG,
aAA3B0000009InzWAE,false,ccsiteregisterconfirm,USD,00D3B0000008ukZUAQ,2017-03-01 16:24:26,0053B000000fTg9QAE,2017-03-01 16:24:26,0053B000000fTg9QAE,2017-03-01 16:24:26,,,Site Register Confirm,PW,
aAA3B0000009Io0WAE,false,ccunauthorized,USD,00D3B0000008ukZUAQ,2017-03-01 16:24:26,0053B000000fTg9QAE,2017-03-01 16:24:26,0053B000000fTg9QAE,2017-03-01 16:24:26,,,Unauthorized,EX,
aAA3B0000009Io1WAE,false,sellerlistpage,USD,00D3B0000008ukZUAQ,2017-03-01 16:24:26,0053B000000fTg9QAE,2017-03-01 16:24:26,0053B000000fTg9QAE,2017-03-01 16:24:26,,,Seller List Page,SLP,
aAA3B0000009Io2WAE,false,sellerdetail,USD,00D3B0000008ukZUAQ,2017-03-01 16:24:26,0053B000000fTg9QAE,2017-03-01 16:24:26,0053B000000fTg9QAE,2017-03-01 16:24:26,,,Seller Detail,SDP,
aAA3B0000009IndWAE,false,homepage,USD,00D3B0000008ukZUAQ,2017-03-01 16:24:26,0053B000000fTg9QAE,2017-03-01 16:24:26,0053B000000fTg9QAE,2017-03-01 16:24:26,,,Home,HP,
aAA3B0000009IneWAE,false,myaccount,USD,00D3B0000008ukZUAQ,2017-03-01 16:24:26,0053B000000fTg9QAE,2017-03-01 16:24:26,0053B000000fTg9QAE,2017-03-01 16:24:26,,,My Account,MA,
aAA3B0000009InfWAE,false,orderview,USD,00D3B0000008ukZUAQ,2017-03-01 16:24:26,0053B000000fTg9QAE,2017-03-01 16:24:26,0053B000000fTg9QAE,2017-03-01 16:24:26,,,Order View,O,
aAA3B0000009IngWAE,false,productdetails,USD,00D3B0000008ukZUAQ,2017-03-01 16:24:26,0053B000000fTg9QAE,2017-03-01 16:24:26,0053B000000fTg9QAE,2017-03-01 16:24:26,,,Product Details,PDP,
aAA3B0000009InhWAE,false,products,USD,00D3B0000008ukZUAQ,2017-03-01 16:24:26,0053B000000fTg9QAE,2017-03-01 16:24:26,0053B000000fTg9QAE,2017-03-01 16:24:26,,,Product List,PLP,
aAA3B0000009IniWAE,false,orderconfirmation,USD,00D3B0000008ukZUAQ,2017-03-01 16:24:26,0053B000000fTg9QAE,2017-03-01 16:24:26,0053B000000fTg9QAE,2017-03-01 16:24:26,,,Order Confirmation,OrdCnfm,
aAA3B0000009InjWAE,false,invoicedetail,USD,00D3B0000008ukZUAQ,2017-03-01 16:24:26,0053B000000fTg9QAE,2017-03-01 16:24:26,0053B000000fTg9QAE,2017-03-01 16:24:26,,,Invoice Detail,IVD,
aAA3B0000009InkWAE,false,paymentdetail,USD,00D3B0000008ukZUAQ,2017-03-01 16:24:26,0053B000000fTg9QAE,2017-03-01 16:24:26,0053B000000fTg9QAE,2017-03-01 16:24:26,,,Payment Detail,PYD,
aAA3B0000009InlWAE,false,subscriptiondetail,USD,00D3B0000008ukZUAQ,2017-03-01 16:24:26,0053B000000fTg9QAE,2017-03-01 16:24:26,0053B000000fTg9QAE,2017-03-01 16:24:26,,,Subscription Detail,SUBD,
aAA3B0000009InmWAE,false,invoicepayment,USD,00D3B0000008ukZUAQ,2017-03-01 16:24:26,0053B000000fTg9QAE,2017-03-01 16:24:26,0053B000000fTg9QAE,2017-03-01 16:24:26,,,Invoice Payment,IVP,
aAA3B0000009Io3WAE,false,checkout,USD,00D3B0000008ukZUAQ,2017-03-01 16:24:26,0053B000000fTg9QAE,2017-03-01 16:24:26,0053B000000fTg9QAE,2017-03-01 16:24:26,,,Check Out,CO,
