id,isdeleted,name,currencyisocode,setupownerid,createddate,createdbyid,lastmodifieddate,lastmodifiedbyid,systemmodstamp,lastvieweddate,lastreferenceddate,classname__c,displayname__c,keyname__c,rtype__c,storefront__c,
a9Y3B000000CcEzUAK,false,CHStore:InvcHKService,USD,00D3B0000008ukZUAQ,2017-03-01 16:26:20,0053B000000fTg9QAE,2017-03-01 16:26:20,0053B000000fTg9QAE,2017-03-01 16:26:20,,,,,,,,
a9Y3B000000CcF0UAK,false,CHStore:PymtHKApi,USD,00D3B0000008ukZUAQ,2017-03-01 16:26:20,0053B000000fTg9QAE,2017-03-01 16:26:20,0053B000000fTg9QAE,2017-03-01 16:26:20,,,cc_hk_Payment,,,,,
a9Y3B000000CcF1UAK,false,CHStore:PymtHKDao,USD,00D3B0000008ukZUAQ,2017-03-01 16:26:20,0053B000000fTg9QAE,2017-03-01 16:26:20,0053B000000fTg9QAE,2017-03-01 16:26:20,,,,,,,,
a9Y3B000000CcF2UAK,false,DefaultStore:InvcHKDao,USD,00D3B0000008ukZUAQ,2017-03-01 16:26:20,0053B000000fTg9QAE,2017-03-01 16:26:20,0053B000000fTg9QAE,2017-03-01 16:26:20,,,,,,,,
a9Y3B000000CcItUAK,false,RKStore:OrderHKApi,USD,00D3B0000008ukZUAQ,2017-03-01 16:26:22,0053B000000fTg9QAE,2017-03-01 16:26:22,0053B000000fTg9QAE,2017-03-01 16:26:22,,,c.cc_jci_ctrl_ERPOrderHistory,,,,,
a9Y3B000000CcIuUAK,false,RKStore:OrderHKDao,USD,00D3B0000008ukZUAQ,2017-03-01 16:26:22,0053B000000fTg9QAE,2017-03-01 16:26:22,0053B000000fTg9QAE,2017-03-01 16:26:22,,,,,,,,
a9Y3B000000CcIvUAK,false,RKStore:OrderHKService,USD,00D3B0000008ukZUAQ,2017-03-01 16:26:22,0053B000000fTg9QAE,2017-03-01 16:26:22,0053B000000fTg9QAE,2017-03-01 16:26:22,,,,,,,,
a9Y3B000000CcIwUAK,false,RKStore:DynCatApi,USD,00D3B0000008ukZUAQ,2017-03-01 16:26:22,0053B000000fTg9QAE,2017-03-01 16:26:22,0053B000000fTg9QAE,2017-03-01 16:26:22,,,cc_hk_Category,,,,,
a9Y3B000000CcJ6UAK,false,RKStore:DynMenuDao,USD,00D3B0000008ukZUAQ,2017-03-01 16:26:22,0053B000000fTg9QAE,2017-03-01 16:26:22,0053B000000fTg9QAE,2017-03-01 16:26:22,,,,,,,,
a9Y3B000000CcJ7UAK,false,RKStore:DynMenuService,USD,00D3B0000008ukZUAQ,2017-03-01 16:26:22,0053B000000fTg9QAE,2017-03-01 16:26:22,0053B000000fTg9QAE,2017-03-01 16:26:22,,,,,,,,
a9Y3B000000CcJ8UAK,false,RKStore:UsrItfApi,USD,00D3B0000008ukZUAQ,2017-03-01 16:26:22,0053B000000fTg9QAE,2017-03-01 16:26:22,0053B000000fTg9QAE,2017-03-01 16:26:22,,,cc_hk_UserInterface:v001,,,,,
a9Y3B000000CcJ9UAK,false,RKStore:UsrItfDao,USD,00D3B0000008ukZUAQ,2017-03-01 16:26:22,0053B000000fTg9QAE,2017-03-01 16:26:22,0053B000000fTg9QAE,2017-03-01 16:26:22,,,,,,,,
a9Y3B000000CcJAUA0,false,RKStore:UsrItfService,USD,00D3B0000008ukZUAQ,2017-03-01 16:26:22,0053B000000fTg9QAE,2017-03-01 16:26:22,0053B000000fTg9QAE,2017-03-01 16:26:22,,,,,,,,
a9Y3B000000CcJBUA0,false,RKStore:EffAccountApi,USD,00D3B0000008ukZUAQ,2017-03-01 16:26:22,0053B000000fTg9QAE,2017-03-01 16:26:22,0053B000000fTg9QAE,2017-03-01 16:26:22,,,c.cc_jci_ctrl_EffectiveAccount,,,,,
a9Y3B000000CcF3UAK,false,DefaultStore:InvcHKService,USD,00D3B0000008ukZUAQ,2017-03-01 16:26:20,0053B000000fTg9QAE,2017-03-01 16:26:20,0053B000000fTg9QAE,2017-03-01 16:26:20,,,,,,,,
a9Y3B000000CcF4UAK,false,DefaultStore:PymtHKApi,USD,00D3B0000008ukZUAQ,2017-03-01 16:26:20,0053B000000fTg9QAE,2017-03-01 16:26:20,0053B000000fTg9QAE,2017-03-01 16:26:20,,,cc_hk_Payment,,,,,
a9Y3B000000CcFxUAK,false,IRStore:TaxCalculationApi,USD,00D3B0000008ukZUAQ,2017-03-01 16:26:20,0053B000000fTg9QAE,2017-03-01 16:26:20,0053B000000fTg9QAE,2017-03-01 16:26:20,,,c.cc_jci_ctrl_TaxCalculation,,,,,
a9Y3B000000CcFyUAK,false,CHStore:PricingService,USD,00D3B0000008ukZUAQ,2017-03-01 16:26:20,0053B000000fTg9QAE,2017-03-01 16:26:20,0053B000000fTg9QAE,2017-03-01 16:26:20,,,,,,,,
a9Y3B000000CcFzUAK,false,DefaultStore:DynThemeApi,USD,00D3B0000008ukZUAQ,2017-03-01 16:26:20,0053B000000fTg9QAE,2017-03-01 16:26:20,0053B000000fTg9QAE,2017-03-01 16:26:20,,,cc_hk_DynamicTheme,,,,,
a9Y3B000000CcG0UAK,false,DefaultStore:adjustApi,USD,00D3B0000008ukZUAQ,2017-03-01 16:26:20,0053B000000fTg9QAE,2017-03-01 16:26:20,0053B000000fTg9QAE,2017-03-01 16:26:20,,,cc_api_PriceAdjustment,,,,,
a9Y3B000000CcG1UAK,false,DefaultStore:adjustDao,USD,00D3B0000008ukZUAQ,2017-03-01 16:26:20,0053B000000fTg9QAE,2017-03-01 16:26:20,0053B000000fTg9QAE,2017-03-01 16:26:20,,,,,,,,
a9Y3B000000CcG2UAK,false,DefaultStore:adjustService,USD,00D3B0000008ukZUAQ,2017-03-01 16:26:20,0053B000000fTg9QAE,2017-03-01 16:26:20,0053B000000fTg9QAE,2017-03-01 16:26:20,,,,,,,,
a9Y3B000000CcG3UAK,false,DefaultStore:DynThemeDao,USD,00D3B0000008ukZUAQ,2017-03-01 16:26:20,0053B000000fTg9QAE,2017-03-01 16:26:20,0053B000000fTg9QAE,2017-03-01 16:26:20,,,,,,,,
a9Y3B000000CcG4UAK,false,DefaultStore:DynThemeService,USD,00D3B0000008ukZUAQ,2017-03-01 16:26:20,0053B000000fTg9QAE,2017-03-01 16:26:20,0053B000000fTg9QAE,2017-03-01 16:26:20,,,,,,,,
a9Y3B000000CcG5UAK,false,DefaultStore:SUBSApi,USD,00D3B0000008ukZUAQ,2017-03-01 16:26:20,0053B000000fTg9QAE,2017-03-01 16:26:20,0053B000000fTg9QAE,2017-03-01 16:26:20,,,cc_hk_Subscriptions,,,,,
a9Y3B000000CcG6UAK,false,DefaultStore:SUBSDao,USD,00D3B0000008ukZUAQ,2017-03-01 16:26:20,0053B000000fTg9QAE,2017-03-01 16:26:20,0053B000000fTg9QAE,2017-03-01 16:26:20,,,,,,,,
a9Y3B000000CcFNUA0,false,CHStore:PricingDao,USD,00D3B0000008ukZUAQ,2017-03-01 16:26:20,0053B000000fTg9QAE,2017-03-01 16:26:20,0053B000000fTg9QAE,2017-03-01 16:26:20,,,,,,,,
a9Y3B000000CcFOUA0,false,IRStore:PymtHKApi,USD,00D3B0000008ukZUAQ,2017-03-01 16:26:20,0053B000000fTg9QAE,2017-03-01 16:26:20,0053B000000fTg9QAE,2017-03-01 16:26:20,,,cc_hk_Payment,,,,,
a9Y3B000000CcFPUA0,false,IRStore:PymtHKDao,USD,00D3B0000008ukZUAQ,2017-03-01 16:26:20,0053B000000fTg9QAE,2017-03-01 16:26:20,0053B000000fTg9QAE,2017-03-01 16:26:20,,,,,,,,
a9Y3B000000CcFQUA0,false,CHStore:SSOLoginApi,USD,00D3B0000008ukZUAQ,2017-03-01 16:26:20,0053B000000fTg9QAE,2017-03-01 16:26:20,0053B000000fTg9QAE,2017-03-01 16:26:20,,,c.cc_jci_ctrl_SSO,,,,,
a9Y3B000000CcFRUA0,false,CHStore:SSOLoginDao,USD,00D3B0000008ukZUAQ,2017-03-01 16:26:20,0053B000000fTg9QAE,2017-03-01 16:26:20,0053B000000fTg9QAE,2017-03-01 16:26:20,,,,,,,,
a9Y3B000000CcFSUA0,false,IRStore:OutOrderCancelDao,USD,00D3B0000008ukZUAQ,2017-03-01 16:26:20,0053B000000fTg9QAE,2017-03-01 16:26:20,0053B000000fTg9QAE,2017-03-01 16:26:20,,,,,,,,
a9Y3B000000CcGHUA0,false,DefaultStore:DynCatService,USD,00D3B0000008ukZUAQ,2017-03-01 16:26:20,0053B000000fTg9QAE,2017-03-01 16:26:20,0053B000000fTg9QAE,2017-03-01 16:26:20,,,,,,,,
a9Y3B000000CcGIUA0,false,DefaultStore:DynMenuApi,USD,00D3B0000008ukZUAQ,2017-03-01 16:26:20,0053B000000fTg9QAE,2017-03-01 16:26:20,0053B000000fTg9QAE,2017-03-01 16:26:20,,,cc_hk_Menu,,,,,
a9Y3B000000CcGJUA0,false,DefaultStore:DynMenuDao,USD,00D3B0000008ukZUAQ,2017-03-01 16:26:20,0053B000000fTg9QAE,2017-03-01 16:26:20,0053B000000fTg9QAE,2017-03-01 16:26:20,,,,,,,,
a9Y3B000000CcGKUA0,false,DefaultStore:DynMenuService,USD,00D3B0000008ukZUAQ,2017-03-01 16:26:20,0053B000000fTg9QAE,2017-03-01 16:26:20,0053B000000fTg9QAE,2017-03-01 16:26:20,,,,,,,,
a9Y3B000000CcGLUA0,false,DefaultStore:UsrItfApi,USD,00D3B0000008ukZUAQ,2017-03-01 16:26:20,0053B000000fTg9QAE,2017-03-01 16:26:20,0053B000000fTg9QAE,2017-03-01 16:26:20,,,cc_hk_UserInterface:v001,,,,,
a9Y3B000000CcGMUA0,false,DefaultStore:UsrItfDao,USD,00D3B0000008ukZUAQ,2017-03-01 16:26:20,0053B000000fTg9QAE,2017-03-01 16:26:20,0053B000000fTg9QAE,2017-03-01 16:26:20,,,,,,,,
a9Y3B000000CcGNUA0,false,IRStore:EffAccountApi,USD,00D3B0000008ukZUAQ,2017-03-01 16:26:20,0053B000000fTg9QAE,2017-03-01 16:26:20,0053B000000fTg9QAE,2017-03-01 16:26:20,,,c.cc_jci_ctrl_EffectiveAccount,,,,,
a9Y3B000000CcHBUA0,false,IRStore:DeliveryDateApi,USD,00D3B0000008ukZUAQ,2017-03-01 16:26:20,0053B000000fTg9QAE,2017-03-01 16:26:20,0053B000000fTg9QAE,2017-03-01 16:26:20,,,c.cc_jci_api_DeliveryDate,,,,,
a9Y3B000000CcHCUA0,false,IRStore:shipService,USD,00D3B0000008ukZUAQ,2017-03-01 16:26:20,0053B000000fTg9QAE,2017-03-01 16:26:20,0053B000000fTg9QAE,2017-03-01 16:26:20,,,cc_svc_ShippingAndHandlingGeneric,,,,,
a9Y3B000000CcHDUA0,false,IRStore:InvcHKApi,USD,00D3B0000008ukZUAQ,2017-03-01 16:26:20,0053B000000fTg9QAE,2017-03-01 16:26:20,0053B000000fTg9QAE,2017-03-01 16:26:20,,,cc_hk_Invoice,,,,,
a9Y3B000000CcHEUA0,false,IRStore:InvcHKDao,USD,00D3B0000008ukZUAQ,2017-03-01 16:26:20,0053B000000fTg9QAE,2017-03-01 16:26:20,0053B000000fTg9QAE,2017-03-01 16:26:20,,,,,,,,
a9Y3B000000CcHFUA0,false,IRStore:InvcHKService,USD,00D3B0000008ukZUAQ,2017-03-01 16:26:20,0053B000000fTg9QAE,2017-03-01 16:26:20,0053B000000fTg9QAE,2017-03-01 16:26:20,,,,,,,,
a9Y3B000000CcHGUA0,false,CHStore:EffAccountDao,USD,00D3B0000008ukZUAQ,2017-03-01 16:26:20,0053B000000fTg9QAE,2017-03-01 16:26:20,0053B000000fTg9QAE,2017-03-01 16:26:20,,,,,,,,
a9Y3B000000CcHHUA0,false,CHStore:EffAccountService,USD,00D3B0000008ukZUAQ,2017-03-01 16:26:20,0053B000000fTg9QAE,2017-03-01 16:26:20,0053B000000fTg9QAE,2017-03-01 16:26:20,,,,,,,,
a9Y3B000000CcHIUA0,false,CHStore:InvcHKApi,USD,00D3B0000008ukZUAQ,2017-03-01 16:26:20,0053B000000fTg9QAE,2017-03-01 16:26:20,0053B000000fTg9QAE,2017-03-01 16:26:20,,,cc_hk_Invoice,,,,,
a9Y3B000000CcFEUA0,false,CHStore:PricingApi,USD,00D3B0000008ukZUAQ,2017-03-01 16:26:20,0053B000000fTg9QAE,2017-03-01 16:26:20,0053B000000fTg9QAE,2017-03-01 16:26:20,,,cc_hk_Pricing,,,,,
a9Y3B000000CcFFUA0,false,IRStore:adjustDao,USD,00D3B0000008ukZUAQ,2017-03-01 16:26:20,0053B000000fTg9QAE,2017-03-01 16:26:20,0053B000000fTg9QAE,2017-03-01 16:26:20,,,,,,,,
a9Y3B000000CcFGUA0,false,IRStore:outOrderApi,USD,00D3B0000008ukZUAQ,2017-03-01 16:26:20,0053B000000fTg9QAE,2017-03-01 16:26:20,0053B000000fTg9QAE,2017-03-01 16:26:20,,,c.cc_jci_ctrl_SendOrderToERP,,,,,
a9Y3B000000CcFHUA0,false,IRStore:outOrderDao,USD,00D3B0000008ukZUAQ,2017-03-01 16:26:20,0053B000000fTg9QAE,2017-03-01 16:26:20,0053B000000fTg9QAE,2017-03-01 16:26:20,,,,,,,,
a9Y3B000000CcFIUA0,false,IRStore:outOrderService,USD,00D3B0000008ukZUAQ,2017-03-01 16:26:20,0053B000000fTg9QAE,2017-03-01 16:26:20,0053B000000fTg9QAE,2017-03-01 16:26:20,,,,,,,,
a9Y3B000000CcFJUA0,false,CHStore:adjustDao,USD,00D3B0000008ukZUAQ,2017-03-01 16:26:20,0053B000000fTg9QAE,2017-03-01 16:26:20,0053B000000fTg9QAE,2017-03-01 16:26:20,,,,,,,,
a9Y3B000000CcFKUA0,false,CHStore:outOrderApi,USD,00D3B0000008ukZUAQ,2017-03-01 16:26:20,0053B000000fTg9QAE,2017-03-01 16:26:20,0053B000000fTg9QAE,2017-03-01 16:26:20,,,c.cc_jci_ctrl_SendOrderToERP,,,,,
a9Y3B000000CcFLUA0,false,CHStore:outOrderDao,USD,00D3B0000008ukZUAQ,2017-03-01 16:26:20,0053B000000fTg9QAE,2017-03-01 16:26:20,0053B000000fTg9QAE,2017-03-01 16:26:20,,,,,,,,
a9Y3B000000CcFMUA0,false,CHStore:outOrderService,USD,00D3B0000008ukZUAQ,2017-03-01 16:26:20,0053B000000fTg9QAE,2017-03-01 16:26:20,0053B000000fTg9QAE,2017-03-01 16:26:20,,,,,,,,
a9Y3B000000CcGOUA0,false,CHStore:DynThemeApi,USD,00D3B0000008ukZUAQ,2017-03-01 16:26:20,0053B000000fTg9QAE,2017-03-01 16:26:20,0053B000000fTg9QAE,2017-03-01 16:26:20,,,cc_hk_DynamicTheme,,,,,
a9Y3B000000CcGPUA0,false,CHStore:DynThemeDao,USD,00D3B0000008ukZUAQ,2017-03-01 16:26:20,0053B000000fTg9QAE,2017-03-01 16:26:20,0053B000000fTg9QAE,2017-03-01 16:26:20,,,,,,,,
a9Y3B000000CcGQUA0,false,CHStore:DynThemeService,USD,00D3B0000008ukZUAQ,2017-03-01 16:26:20,0053B000000fTg9QAE,2017-03-01 16:26:20,0053B000000fTg9QAE,2017-03-01 16:26:20,,,,,,,,
a9Y3B000000CcFTUA0,false,IRStore:OutOrderCancelService,USD,00D3B0000008ukZUAQ,2017-03-01 16:26:20,0053B000000fTg9QAE,2017-03-01 16:26:20,0053B000000fTg9QAE,2017-03-01 16:26:20,,,,,,,,
a9Y3B000000CcFUUA0,false,IRStore:PymtHKService,USD,00D3B0000008ukZUAQ,2017-03-01 16:26:20,0053B000000fTg9QAE,2017-03-01 16:26:20,0053B000000fTg9QAE,2017-03-01 16:26:20,,,,,,,,
a9Y3B000000CcGRUA0,false,CHStore:SUBSApi,USD,00D3B0000008ukZUAQ,2017-03-01 16:26:20,0053B000000fTg9QAE,2017-03-01 16:26:20,0053B000000fTg9QAE,2017-03-01 16:26:20,,,cc_hk_Subscriptions,,,,,
a9Y3B000000CcGSUA0,false,CHStore:SUBSDao,USD,00D3B0000008ukZUAQ,2017-03-01 16:26:20,0053B000000fTg9QAE,2017-03-01 16:26:20,0053B000000fTg9QAE,2017-03-01 16:26:20,,,,,,,,
a9Y3B000000CcFfUAK,false,DefaultStore:OutOrderCancelDao,USD,00D3B0000008ukZUAQ,2017-03-01 16:26:20,0053B000000fTg9QAE,2017-03-01 16:26:20,0053B000000fTg9QAE,2017-03-01 16:26:20,,,,,,,,
a9Y3B000000CcFgUAK,false,DefaultStore:OutOrderCancelService,USD,00D3B0000008ukZUAQ,2017-03-01 16:26:20,0053B000000fTg9QAE,2017-03-01 16:26:20,0053B000000fTg9QAE,2017-03-01 16:26:20,,,,,,,,
a9Y3B000000CcFhUAK,false,CHStore:UsrItfDao,USD,00D3B0000008ukZUAQ,2017-03-01 16:26:20,0053B000000fTg9QAE,2017-03-01 16:26:20,0053B000000fTg9QAE,2017-03-01 16:26:20,,,,,,,,
a9Y3B000000CcFiUAK,false,CHStore:UsrItfService,USD,00D3B0000008ukZUAQ,2017-03-01 16:26:20,0053B000000fTg9QAE,2017-03-01 16:26:20,0053B000000fTg9QAE,2017-03-01 16:26:20,,,,,,,,
a9Y3B000000CcFjUAK,false,CHStore:EffAccountApi,USD,00D3B0000008ukZUAQ,2017-03-01 16:26:20,0053B000000fTg9QAE,2017-03-01 16:26:20,0053B000000fTg9QAE,2017-03-01 16:26:20,,,c.cc_jci_ctrl_EffectiveAccount,,,,,
a9Y3B000000CcFkUAK,false,IRStore:DynMenuService,USD,00D3B0000008ukZUAQ,2017-03-01 16:26:20,0053B000000fTg9QAE,2017-03-01 16:26:20,0053B000000fTg9QAE,2017-03-01 16:26:20,,,,,,,,
a9Y3B000000CcFlUAK,false,IRStore:DynThemeService,USD,00D3B0000008ukZUAQ,2017-03-01 16:26:20,0053B000000fTg9QAE,2017-03-01 16:26:20,0053B000000fTg9QAE,2017-03-01 16:26:20,,,,,,,,
a9Y3B000000CcFmUAK,false,IRStore:SUBSApi,USD,00D3B0000008ukZUAQ,2017-03-01 16:26:20,0053B000000fTg9QAE,2017-03-01 16:26:20,0053B000000fTg9QAE,2017-03-01 16:26:20,,,cc_hk_Subscriptions,,,,,
a9Y3B000000CcGmUAK,false,IRStore:EffAccountDao,USD,00D3B0000008ukZUAQ,2017-03-01 16:26:20,0053B000000fTg9QAE,2017-03-01 16:26:20,0053B000000fTg9QAE,2017-03-01 16:26:20,,,,,,,,
a9Y3B000000CcIAUA0,false,ccLogicAddressCreateAddress:LADRCR,USD,00D3B0000008ukZUAQ,2017-03-01 16:26:20,0053B000000fTg9QAE,2017-03-01 16:26:20,0053B000000fTg9QAE,2017-03-01 16:26:20,,,ccLogicAddressCreateAddress,,LADRCR,lreg,,
a9Y3B000000CcIBUA0,false,ccLogicCartAddTo:LCADD,USD,00D3B0000008ukZUAQ,2017-03-01 16:26:20,0053B000000fTg9QAE,2017-03-01 16:26:20,0053B000000fTg9QAE,2017-03-01 16:26:20,,,ccLogicCartAddTo,,LCADD,lreg,,
a9Y3B000000CcICUA0,false,ccLogicCartAdjustment:LCADJ,USD,00D3B0000008ukZUAQ,2017-03-01 16:26:20,0053B000000fTg9QAE,2017-03-01 16:26:20,0053B000000fTg9QAE,2017-03-01 16:26:20,,,ccLogicCartAdjustment,,LCADJ,lreg,,
a9Y3B000000CcIDUA0,false,ccLogicCartClone:LCCPY,USD,00D3B0000008ukZUAQ,2017-03-01 16:26:22,0053B000000fTg9QAE,2017-03-01 16:26:22,0053B000000fTg9QAE,2017-03-01 16:26:22,,,ccLogicCartClone,,LCCPY,lreg,,
a9Y3B000000CcIEUA0,false,ccLogicCartCreate:LCCRT,USD,00D3B0000008ukZUAQ,2017-03-01 16:26:22,0053B000000fTg9QAE,2017-03-01 16:26:22,0053B000000fTg9QAE,2017-03-01 16:26:22,,,ccLogicCartCreate,,LCCRT,lreg,,
a9Y3B000000CcIFUA0,false,ccLogicOrderGetOrdersToSplit:LOGSPL,USD,00D3B0000008ukZUAQ,2017-03-01 16:26:22,0053B000000fTg9QAE,2017-03-01 16:26:22,0053B000000fTg9QAE,2017-03-01 16:26:22,,,ccLogicOrderGetOrdersToSplit,,LOGSPL,lreg,,
a9Y3B000000CcIGUA0,false,ccLogicOrderHistory:LOH,USD,00D3B0000008ukZUAQ,2017-03-01 16:26:22,0053B000000fTg9QAE,2017-03-01 16:26:22,0053B000000fTg9QAE,2017-03-01 16:26:22,,,ccLogicOrderHistory,,LOH,lreg,,
a9Y3B000000CcIHUA0,false,ccLogicOrderReOrder:LORE,USD,00D3B0000008ukZUAQ,2017-03-01 16:26:22,0053B000000fTg9QAE,2017-03-01 16:26:22,0053B000000fTg9QAE,2017-03-01 16:26:22,,,ccLogicOrderReOrder,,LORE,lreg,,
a9Y3B000000CcIIUA0,false,ccLogicOrderSplitOrder:LOSPL,USD,00D3B0000008ukZUAQ,2017-03-01 16:26:22,0053B000000fTg9QAE,2017-03-01 16:26:22,0053B000000fTg9QAE,2017-03-01 16:26:22,,,ccLogicOrderSplitOrder,,LOSPL,lreg,,
a9Y3B000000CcFXUA0,false,IRStore:DynThemeDao,USD,00D3B0000008ukZUAQ,2017-03-01 16:26:20,0053B000000fTg9QAE,2017-03-01 16:26:20,0053B000000fTg9QAE,2017-03-01 16:26:20,,,,,,,,
a9Y3B000000CcFYUA0,false,IRStore:DynMenuDao,USD,00D3B0000008ukZUAQ,2017-03-01 16:26:20,0053B000000fTg9QAE,2017-03-01 16:26:20,0053B000000fTg9QAE,2017-03-01 16:26:20,,,,,,,,
a9Y3B000000CcFZUA0,false,CHStore:DynMenuApi,USD,00D3B0000008ukZUAQ,2017-03-01 16:26:20,0053B000000fTg9QAE,2017-03-01 16:26:20,0053B000000fTg9QAE,2017-03-01 16:26:20,,,cc_hk_Menu,,,,,
a9Y3B000000CcFaUAK,false,CHStore:DynMenuDao,USD,00D3B0000008ukZUAQ,2017-03-01 16:26:20,0053B000000fTg9QAE,2017-03-01 16:26:20,0053B000000fTg9QAE,2017-03-01 16:26:20,,,,,,,,
a9Y3B000000CcFbUAK,false,CHStore:DynMenuService,USD,00D3B0000008ukZUAQ,2017-03-01 16:26:20,0053B000000fTg9QAE,2017-03-01 16:26:20,0053B000000fTg9QAE,2017-03-01 16:26:20,,,,,,,,
a9Y3B000000CcFcUAK,false,CHStore:UsrItfApi,USD,00D3B0000008ukZUAQ,2017-03-01 16:26:20,0053B000000fTg9QAE,2017-03-01 16:26:20,0053B000000fTg9QAE,2017-03-01 16:26:20,,,cc_hk_UserInterface:v001,,,,,
a9Y3B000000CcFdUAK,false,DefaultStore:SSOLoginService,USD,00D3B0000008ukZUAQ,2017-03-01 16:26:20,0053B000000fTg9QAE,2017-03-01 16:26:20,0053B000000fTg9QAE,2017-03-01 16:26:20,,,,,,,,
a9Y3B000000CcFeUAK,false,DefaultStore:OutOrderCancelApi,USD,00D3B0000008ukZUAQ,2017-03-01 16:26:20,0053B000000fTg9QAE,2017-03-01 16:26:20,0053B000000fTg9QAE,2017-03-01 16:26:20,,,cc_api_OutboundOrderCancel,,,,,
a9Y3B000000CcG7UAK,false,DefaultStore:SUBSService,USD,00D3B0000008ukZUAQ,2017-03-01 16:26:20,0053B000000fTg9QAE,2017-03-01 16:26:20,0053B000000fTg9QAE,2017-03-01 16:26:20,,,,,,,,
a9Y3B000000CcG8UAK,false,DefaultStore:OrderHKApi,USD,00D3B0000008ukZUAQ,2017-03-01 16:26:20,0053B000000fTg9QAE,2017-03-01 16:26:20,0053B000000fTg9QAE,2017-03-01 16:26:20,,,cc_hk_Order,,,,,
a9Y3B000000CcG9UAK,false,CHStore:shipDao,USD,00D3B0000008ukZUAQ,2017-03-01 16:26:20,0053B000000fTg9QAE,2017-03-01 16:26:20,0053B000000fTg9QAE,2017-03-01 16:26:20,,,cc_dao_ShippingAndHandlingGeneric,,,,,
a9Y3B000000CcGAUA0,false,CHStore:OutOrderCancelDao,USD,00D3B0000008ukZUAQ,2017-03-01 16:26:20,0053B000000fTg9QAE,2017-03-01 16:26:20,0053B000000fTg9QAE,2017-03-01 16:26:20,,,,,,,,
a9Y3B000000CcGxUAK,false,IRStore:DynMenuApi,USD,00D3B0000008ukZUAQ,2017-03-01 16:26:20,0053B000000fTg9QAE,2017-03-01 16:26:20,0053B000000fTg9QAE,2017-03-01 16:26:20,,,cc_hk_Menu,,,,,
a9Y3B000000CcGyUAK,false,CHStore:DynCatService,USD,00D3B0000008ukZUAQ,2017-03-01 16:26:20,0053B000000fTg9QAE,2017-03-01 16:26:20,0053B000000fTg9QAE,2017-03-01 16:26:20,,,,,,,,
a9Y3B000000CcGzUAK,false,IRStore:SSOLoginApi,USD,00D3B0000008ukZUAQ,2017-03-01 16:26:20,0053B000000fTg9QAE,2017-03-01 16:26:20,0053B000000fTg9QAE,2017-03-01 16:26:20,,,c.cc_jci_ctrl_SSO,,,,,
a9Y3B000000CcH0UAK,false,IRStore:SSOLoginDao,USD,00D3B0000008ukZUAQ,2017-03-01 16:26:20,0053B000000fTg9QAE,2017-03-01 16:26:20,0053B000000fTg9QAE,2017-03-01 16:26:20,,,,,,,,
a9Y3B000000CcISUA0,false,RKStore:shipService,USD,00D3B0000008ukZUAQ,2017-03-01 16:26:22,0053B000000fTg9QAE,2017-03-01 16:26:22,0053B000000fTg9QAE,2017-03-01 16:26:22,,,cc_svc_ShippingAndHandlingGeneric,,,,,
a9Y3B000000CcITUA0,false,RKStore:prodQtyRuleAPI,USD,00D3B0000008ukZUAQ,2017-03-01 16:26:22,0053B000000fTg9QAE,2017-03-01 16:26:22,0053B000000fTg9QAE,2017-03-01 16:26:22,,,cc_api_ProductQuantityRule,,,,,
a9Y3B000000CcIUUA0,false,RKStore:CartExtensionApi,USD,00D3B0000008ukZUAQ,2017-03-01 16:26:22,0053B000000fTg9QAE,2017-03-01 16:26:22,0053B000000fTg9QAE,2017-03-01 16:26:22,,,c.cc_jci_ctrl_CartValidation,,,,,
a9Y3B000000CcIVUA0,false,RKStore:shipApi,USD,00D3B0000008ukZUAQ,2017-03-01 16:26:22,0053B000000fTg9QAE,2017-03-01 16:26:22,0053B000000fTg9QAE,2017-03-01 16:26:22,,,c.cc_jci_ctrl_ShippingOptions,,,,,
a9Y3B000000CcIWUA0,false,RKStore:PymtHKService,USD,00D3B0000008ukZUAQ,2017-03-01 16:26:22,0053B000000fTg9QAE,2017-03-01 16:26:22,0053B000000fTg9QAE,2017-03-01 16:26:22,,,,,,,,
a9Y3B000000CcIXUA0,false,RKStore:PricingApi,USD,00D3B0000008ukZUAQ,2017-03-01 16:26:22,0053B000000fTg9QAE,2017-03-01 16:26:22,0053B000000fTg9QAE,2017-03-01 16:26:22,,,cc_hk_Pricing,,,,,
a9Y3B000000CcFnUAK,false,IRStore:UsrItfApi,USD,00D3B0000008ukZUAQ,2017-03-01 16:26:20,0053B000000fTg9QAE,2017-03-01 16:26:20,0053B000000fTg9QAE,2017-03-01 16:26:20,,,cc_hk_UserInterface:v001,,,,,
a9Y3B000000CcFoUAK,false,IRStore:PricingApi,USD,00D3B0000008ukZUAQ,2017-03-01 16:26:20,0053B000000fTg9QAE,2017-03-01 16:26:20,0053B000000fTg9QAE,2017-03-01 16:26:20,,,cc_hk_Pricing,,,,,
a9Y3B000000CcFpUAK,false,IRStore:PricingDao,USD,00D3B0000008ukZUAQ,2017-03-01 16:26:20,0053B000000fTg9QAE,2017-03-01 16:26:20,0053B000000fTg9QAE,2017-03-01 16:26:20,,,,,,,,
a9Y3B000000CcFqUAK,false,IRStore:PricingService,USD,00D3B0000008ukZUAQ,2017-03-01 16:26:20,0053B000000fTg9QAE,2017-03-01 16:26:20,0053B000000fTg9QAE,2017-03-01 16:26:20,,,,,,,,
a9Y3B000000CcFrUAK,false,IRStore:shipDao,USD,00D3B0000008ukZUAQ,2017-03-01 16:26:20,0053B000000fTg9QAE,2017-03-01 16:26:20,0053B000000fTg9QAE,2017-03-01 16:26:20,,,cc_dao_ShippingAndHandlingGeneric,,,,,
a9Y3B000000CcFsUAK,false,CHStore:SSOLoginService,USD,00D3B0000008ukZUAQ,2017-03-01 16:26:20,0053B000000fTg9QAE,2017-03-01 16:26:20,0053B000000fTg9QAE,2017-03-01 16:26:20,,,,,,,,
a9Y3B000000CcFtUAK,false,IRStore:SUBSDao,USD,00D3B0000008ukZUAQ,2017-03-01 16:26:20,0053B000000fTg9QAE,2017-03-01 16:26:20,0053B000000fTg9QAE,2017-03-01 16:26:20,,,,,,,,
a9Y3B000000CcFuUAK,false,CHStore:OutOrderCancelApi,USD,00D3B0000008ukZUAQ,2017-03-01 16:26:20,0053B000000fTg9QAE,2017-03-01 16:26:20,0053B000000fTg9QAE,2017-03-01 16:26:20,,,cc_api_OutboundOrderCancel,,,,,
a9Y3B000000CcFvUAK,false,IRStore:InventoryApi,USD,00D3B0000008ukZUAQ,2017-03-01 16:26:20,0053B000000fTg9QAE,2017-03-01 16:26:20,0053B000000fTg9QAE,2017-03-01 16:26:20,,,cc_api_InventoryExtension,,,,,
a9Y3B000000CcFwUAK,false,IRStore:adjustService,USD,00D3B0000008ukZUAQ,2017-03-01 16:26:20,0053B000000fTg9QAE,2017-03-01 16:26:20,0053B000000fTg9QAE,2017-03-01 16:26:20,,,,,,,,
a9Y3B000000CcGBUA0,false,CHStore:OutOrderCancelService,USD,00D3B0000008ukZUAQ,2017-03-01 16:26:20,0053B000000fTg9QAE,2017-03-01 16:26:20,0053B000000fTg9QAE,2017-03-01 16:26:20,,,,,,,,
a9Y3B000000CcGCUA0,false,CHStore:adjustApi,USD,00D3B0000008ukZUAQ,2017-03-01 16:26:20,0053B000000fTg9QAE,2017-03-01 16:26:20,0053B000000fTg9QAE,2017-03-01 16:26:20,,,c.cc_jci_ctrl_CartPricing,,,,,
a9Y3B000000CcGDUA0,false,DefaultStore:OrderHKService,USD,00D3B0000008ukZUAQ,2017-03-01 16:26:20,0053B000000fTg9QAE,2017-03-01 16:26:20,0053B000000fTg9QAE,2017-03-01 16:26:20,,,,,,,,
a9Y3B000000CcGEUA0,false,DefaultStore:DynCatApi,USD,00D3B0000008ukZUAQ,2017-03-01 16:26:20,0053B000000fTg9QAE,2017-03-01 16:26:20,0053B000000fTg9QAE,2017-03-01 16:26:20,,,cc_hk_Category,,,,,
a9Y3B000000CcGFUA0,false,DefaultStore:OrderHKDao,USD,00D3B0000008ukZUAQ,2017-03-01 16:26:20,0053B000000fTg9QAE,2017-03-01 16:26:20,0053B000000fTg9QAE,2017-03-01 16:26:20,,,,,,,,
a9Y3B000000CcGGUA0,false,DefaultStore:DynCatDao,USD,00D3B0000008ukZUAQ,2017-03-01 16:26:20,0053B000000fTg9QAE,2017-03-01 16:26:20,0053B000000fTg9QAE,2017-03-01 16:26:20,,,,,,,,
a9Y3B000000CcHYUA0,false,ccServiceRelatedProduct:SRP,USD,00D3B0000008ukZUAQ,2017-03-01 16:26:20,0053B000000fTg9QAE,2017-03-01 16:26:20,0053B000000fTg9QAE,2017-03-01 16:26:20,,,ccServiceRelatedProduct,,SRP,sreg,,
a9Y3B000000CcHZUA0,false,ccServiceSeller:SEL,USD,00D3B0000008ukZUAQ,2017-03-01 16:26:20,0053B000000fTg9QAE,2017-03-01 16:26:20,0053B000000fTg9QAE,2017-03-01 16:26:20,,,ccServiceSeller,,SEL,sreg,,
a9Y3B000000CcHaUAK,false,ccLogicCartCreateCartItemGroup:LCCRIG,USD,00D3B0000008ukZUAQ,2017-03-01 16:26:20,0053B000000fTg9QAE,2017-03-01 16:26:20,0053B000000fTg9QAE,2017-03-01 16:26:20,,,ccLogicCartCreateCartItemGroup,,LCCRIG,lreg,,
a9Y3B000000CcHbUAK,false,ccLogicCartGetDeliveryDates:LCDD,USD,00D3B0000008ukZUAQ,2017-03-01 16:26:20,0053B000000fTg9QAE,2017-03-01 16:26:20,0053B000000fTg9QAE,2017-03-01 16:26:20,,,ccLogicCartGetDeliveryDates,,LCDD,lreg,,
a9Y3B000000CcHcUAK,false,ccLogicCartGetShippingOptions:LCTSO,USD,00D3B0000008ukZUAQ,2017-03-01 16:26:20,0053B000000fTg9QAE,2017-03-01 16:26:20,0053B000000fTg9QAE,2017-03-01 16:26:20,,,ccLogicCartGetShippingOptions,,LCTSO,lreg,,
a9Y3B000000CcHdUAK,false,ccLogicCartInitItemGroups:LCIIG,USD,00D3B0000008ukZUAQ,2017-03-01 16:26:20,0053B000000fTg9QAE,2017-03-01 16:26:20,0053B000000fTg9QAE,2017-03-01 16:26:20,,,ccLogicCartInitItemGroups,,LCIIG,lreg,,
a9Y3B000000CcHeUAK,false,ccLogicCartPlace:LCPLC,USD,00D3B0000008ukZUAQ,2017-03-01 16:26:20,0053B000000fTg9QAE,2017-03-01 16:26:20,0053B000000fTg9QAE,2017-03-01 16:26:20,,,ccLogicCartPlace,,LCPLC,lreg,,
a9Y3B000000CcHpUAK,false,ccServiceTransactionPayment:STP,USD,00D3B0000008ukZUAQ,2017-03-01 16:26:20,0053B000000fTg9QAE,2017-03-01 16:26:20,0053B000000fTg9QAE,2017-03-01 16:26:20,,,ccServiceTransactionPayment,,STP,sreg,,
a9Y3B000000CcHqUAK,false,ccServiceUser:SUSR,USD,00D3B0000008ukZUAQ,2017-03-01 16:26:20,0053B000000fTg9QAE,2017-03-01 16:26:20,0053B000000fTg9QAE,2017-03-01 16:26:20,,,ccServiceUser,,SUSR,sreg,,
a9Y3B000000CcHrUAK,false,ccLogicAccountCreateAccount:LACNW,USD,00D3B0000008ukZUAQ,2017-03-01 16:26:20,0053B000000fTg9QAE,2017-03-01 16:26:20,0053B000000fTg9QAE,2017-03-01 16:26:20,,,ccLogicAccountCreateAccount,,LACNW,lreg,,
a9Y3B000000CcHsUAK,false,ccLogicAccountGetAnonymous:LACAN,USD,00D3B0000008ukZUAQ,2017-03-01 16:26:20,0053B000000fTg9QAE,2017-03-01 16:26:20,0053B000000fTg9QAE,2017-03-01 16:26:20,,,ccLogicAccountGetAnonymous,,LACAN,lreg,,
a9Y3B000000CcHtUAK,false,ccLogicCartRemoveCart:LCREMC,USD,00D3B0000008ukZUAQ,2017-03-01 16:26:20,0053B000000fTg9QAE,2017-03-01 16:26:20,0053B000000fTg9QAE,2017-03-01 16:26:20,,,ccLogicCartRemoveCart,,LCREMC,lreg,,
a9Y3B000000CcHuUAK,false,ccLogicCategoryTree:LCATTR,USD,00D3B0000008ukZUAQ,2017-03-01 16:26:20,0053B000000fTg9QAE,2017-03-01 16:26:20,0053B000000fTg9QAE,2017-03-01 16:26:20,,,ccLogicCategoryTree,,LCATTR,lreg,,
a9Y3B000000CcHvUAK,false,ccLogicCouponClone:LCOUPCL,USD,00D3B0000008ukZUAQ,2017-03-01 16:26:20,0053B000000fTg9QAE,2017-03-01 16:26:20,0053B000000fTg9QAE,2017-03-01 16:26:20,,,ccLogicCouponClone,,LCOUPCL,lreg,,
a9Y3B000000CcHwUAK,false,ccLogicI18NGetAvailableLocales:LSGAL,USD,00D3B0000008ukZUAQ,2017-03-01 16:26:20,0053B000000fTg9QAE,2017-03-01 16:26:20,0053B000000fTg9QAE,2017-03-01 16:26:20,,,ccLogicI18NGetAvailableLocales,,LSGAL,lreg,,
a9Y3B000000CcIxUAK,false,RKStore:DynCatDao,USD,00D3B0000008ukZUAQ,2017-03-01 16:26:22,0053B000000fTg9QAE,2017-03-01 16:26:22,0053B000000fTg9QAE,2017-03-01 16:26:22,,,,,,,,
a9Y3B000000CcIyUAK,false,RKStore:DynCatService,USD,00D3B0000008ukZUAQ,2017-03-01 16:26:22,0053B000000fTg9QAE,2017-03-01 16:26:22,0053B000000fTg9QAE,2017-03-01 16:26:22,,,,,,,,
a9Y3B000000CcIzUAK,false,RKStore:adjustDao,USD,00D3B0000008ukZUAQ,2017-03-01 16:26:22,0053B000000fTg9QAE,2017-03-01 16:26:22,0053B000000fTg9QAE,2017-03-01 16:26:22,,,,,,,,
a9Y3B000000CcJ0UAK,false,RKStore:outOrderApi,USD,00D3B0000008ukZUAQ,2017-03-01 16:26:22,0053B000000fTg9QAE,2017-03-01 16:26:22,0053B000000fTg9QAE,2017-03-01 16:26:22,,,c.cc_jci_ctrl_SendOrderToERP,,,,,
a9Y3B000000CcJ1UAK,false,RKStore:outOrderDao,USD,00D3B0000008ukZUAQ,2017-03-01 16:26:22,0053B000000fTg9QAE,2017-03-01 16:26:22,0053B000000fTg9QAE,2017-03-01 16:26:22,,,,,,,,
a9Y3B000000CcJ2UAK,false,RKStore:outOrderService,USD,00D3B0000008ukZUAQ,2017-03-01 16:26:22,0053B000000fTg9QAE,2017-03-01 16:26:22,0053B000000fTg9QAE,2017-03-01 16:26:22,,,,,,,,
a9Y3B000000CcJ3UAK,false,RKStore:SSOLoginApi,USD,00D3B0000008ukZUAQ,2017-03-01 16:26:22,0053B000000fTg9QAE,2017-03-01 16:26:22,0053B000000fTg9QAE,2017-03-01 16:26:22,,,c.cc_jci_ctrl_SSO,,,,,
a9Y3B000000CcJ4UAK,false,RKStore:SSOLoginDao,USD,00D3B0000008ukZUAQ,2017-03-01 16:26:22,0053B000000fTg9QAE,2017-03-01 16:26:22,0053B000000fTg9QAE,2017-03-01 16:26:22,,,,,,,,
a9Y3B000000CcJ5UAK,false,RKStore:DynMenuApi,USD,00D3B0000008ukZUAQ,2017-03-01 16:26:22,0053B000000fTg9QAE,2017-03-01 16:26:22,0053B000000fTg9QAE,2017-03-01 16:26:22,,,cc_hk_Menu,,,,,
a9Y3B000000CcI4UAK,false,ccLogicSubscPageNotFound:LSPNF,USD,00D3B0000008ukZUAQ,2017-03-01 16:26:20,0053B000000fTg9QAE,2017-03-01 16:26:20,0053B000000fTg9QAE,2017-03-01 16:26:20,,,ccLogicSubscPageNotFound,,LSPNF,lreg,,
a9Y3B000000CcIcUAK,false,RKStore:InvcHKDao,USD,00D3B0000008ukZUAQ,2017-03-01 16:26:22,0053B000000fTg9QAE,2017-03-01 16:26:22,0053B000000fTg9QAE,2017-03-01 16:26:22,,,,,,,,
a9Y3B000000CcIdUAK,false,RKStore:InvcHKService,USD,00D3B0000008ukZUAQ,2017-03-01 16:26:22,0053B000000fTg9QAE,2017-03-01 16:26:22,0053B000000fTg9QAE,2017-03-01 16:26:22,,,,,,,,
a9Y3B000000CcIeUAK,false,RKStore:PymtHKApi,USD,00D3B0000008ukZUAQ,2017-03-01 16:26:22,0053B000000fTg9QAE,2017-03-01 16:26:22,0053B000000fTg9QAE,2017-03-01 16:26:22,,,cc_hk_Payment,,,,,
a9Y3B000000CcIfUAK,false,RKStore:PymtHKDao,USD,00D3B0000008ukZUAQ,2017-03-01 16:26:22,0053B000000fTg9QAE,2017-03-01 16:26:22,0053B000000fTg9QAE,2017-03-01 16:26:22,,,,,,,,
a9Y3B000000CcIgUAK,false,RKStore:SSOLoginService,USD,00D3B0000008ukZUAQ,2017-03-01 16:26:22,0053B000000fTg9QAE,2017-03-01 16:26:22,0053B000000fTg9QAE,2017-03-01 16:26:22,,,,,,,,
a9Y3B000000CcIhUAK,false,RKStore:OutOrderCancelApi,USD,00D3B0000008ukZUAQ,2017-03-01 16:26:22,0053B000000fTg9QAE,2017-03-01 16:26:22,0053B000000fTg9QAE,2017-03-01 16:26:22,,,cc_api_OutboundOrderCancel,,,,,
a9Y3B000000CcIiUAK,false,RKStore:PricingService,USD,00D3B0000008ukZUAQ,2017-03-01 16:26:22,0053B000000fTg9QAE,2017-03-01 16:26:22,0053B000000fTg9QAE,2017-03-01 16:26:22,,,,,,,,
a9Y3B000000CcIjUAK,false,RKStore:shipDao,USD,00D3B0000008ukZUAQ,2017-03-01 16:26:22,0053B000000fTg9QAE,2017-03-01 16:26:22,0053B000000fTg9QAE,2017-03-01 16:26:22,,,cc_dao_ShippingAndHandlingGeneric,,,,,
a9Y3B000000CcIkUAK,false,RKStore:OutOrderCancelDao,USD,00D3B0000008ukZUAQ,2017-03-01 16:26:22,0053B000000fTg9QAE,2017-03-01 16:26:22,0053B000000fTg9QAE,2017-03-01 16:26:22,,,,,,,,
a9Y3B000000CcI5UAK,false,ccLogicUserCreateUser:LUSNW,USD,00D3B0000008ukZUAQ,2017-03-01 16:26:20,0053B000000fTg9QAE,2017-03-01 16:26:20,0053B000000fTg9QAE,2017-03-01 16:26:20,,,ccLogicUserCreateUser,,LUSNW,lreg,,
a9Y3B000000CcI6UAK,false,ccLogicAccountGetCurrent:LACCR,USD,00D3B0000008ukZUAQ,2017-03-01 16:26:20,0053B000000fTg9QAE,2017-03-01 16:26:20,0053B000000fTg9QAE,2017-03-01 16:26:20,,,ccLogicAccountGetCurrent,,LACCR,lreg,,
a9Y3B000000CcI7UAK,false,ccLogicAccountValidateNew:LACVL,USD,00D3B0000008ukZUAQ,2017-03-01 16:26:20,0053B000000fTg9QAE,2017-03-01 16:26:20,0053B000000fTg9QAE,2017-03-01 16:26:20,,,ccLogicAccountValidateNew,,LACVL,lreg,,
a9Y3B000000CcI8UAK,false,ccLogicAddressBookCreateAddressBook:L1,USD,00D3B0000008ukZUAQ,2017-03-01 16:26:20,0053B000000fTg9QAE,2017-03-01 16:26:20,0053B000000fTg9QAE,2017-03-01 16:26:20,,,ccLogicAddressBookCreateAddressBook,,L1,lreg,,
a9Y3B000000CcI9UAK,false,ccLogicAddressBookRemoveAddressBook:L2,USD,00D3B0000008ukZUAQ,2017-03-01 16:26:20,0053B000000fTg9QAE,2017-03-01 16:26:20,0053B000000fTg9QAE,2017-03-01 16:26:20,,,ccLogicAddressBookRemoveAddressBook,,L2,lreg,,
a9Y3B000000CcIJUA0,false,ccLogicProductPricing:LPP,USD,00D3B0000008ukZUAQ,2017-03-01 16:26:22,0053B000000fTg9QAE,2017-03-01 16:26:22,0053B000000fTg9QAE,2017-03-01 16:26:22,,,ccLogicProductPricing,,LPP,lreg,,
a9Y3B000000CcIKUA0,false,ccLogicPromotionFilter:LPROF,USD,00D3B0000008ukZUAQ,2017-03-01 16:26:22,0053B000000fTg9QAE,2017-03-01 16:26:22,0053B000000fTg9QAE,2017-03-01 16:26:22,,,ccLogicPromotionFilter,,LPROF,lreg,,
a9Y3B000000CcILUA0,false,RKStore:CatalogApi,USD,00D3B0000008ukZUAQ,2017-03-01 16:26:22,0053B000000fTg9QAE,2017-03-01 16:26:22,0053B000000fTg9QAE,2017-03-01 16:26:22,,,c.cc_jci_hk_Catalog,,,,,
a9Y3B000000CcIMUA0,false,RKStore:CatalogDao,USD,00D3B0000008ukZUAQ,2017-03-01 16:26:22,0053B000000fTg9QAE,2017-03-01 16:26:22,0053B000000fTg9QAE,2017-03-01 16:26:22,,,,,,,,
a9Y3B000000CcINUA0,false,RKStore:CatalogService,USD,00D3B0000008ukZUAQ,2017-03-01 16:26:22,0053B000000fTg9QAE,2017-03-01 16:26:22,0053B000000fTg9QAE,2017-03-01 16:26:22,,,,,,,,
a9Y3B000000CcIOUA0,false,RKStore:InventoryApi,USD,00D3B0000008ukZUAQ,2017-03-01 16:26:22,0053B000000fTg9QAE,2017-03-01 16:26:22,0053B000000fTg9QAE,2017-03-01 16:26:22,,,cc_api_InventoryExtension,,,,,
a9Y3B000000CcIPUA0,false,RKStore:adjustService,USD,00D3B0000008ukZUAQ,2017-03-01 16:26:22,0053B000000fTg9QAE,2017-03-01 16:26:22,0053B000000fTg9QAE,2017-03-01 16:26:22,,,,,,,,
a9Y3B000000CcIQUA0,false,RKStore:TaxCalculationApi,USD,00D3B0000008ukZUAQ,2017-03-01 16:26:22,0053B000000fTg9QAE,2017-03-01 16:26:22,0053B000000fTg9QAE,2017-03-01 16:26:22,,,c.cc_jci_ctrl_TaxCalculation,,,,,
a9Y3B000000CcIRUA0,false,RKStore:DeliveryDateApi,USD,00D3B0000008ukZUAQ,2017-03-01 16:26:22,0053B000000fTg9QAE,2017-03-01 16:26:22,0053B000000fTg9QAE,2017-03-01 16:26:22,,,c.cc_jci_api_DeliveryDate,,,,,
a9Y3B000000CcF5UAK,false,DefaultStore:PymtHKDao,USD,00D3B0000008ukZUAQ,2017-03-01 16:26:20,0053B000000fTg9QAE,2017-03-01 16:26:20,0053B000000fTg9QAE,2017-03-01 16:26:20,,,,,,,,
a9Y3B000000CcF6UAK,false,DefaultStore:PymtHKService,USD,00D3B0000008ukZUAQ,2017-03-01 16:26:20,0053B000000fTg9QAE,2017-03-01 16:26:20,0053B000000fTg9QAE,2017-03-01 16:26:20,,,,,,,,
a9Y3B000000CcF7UAK,false,CHStore:CatalogApi,USD,00D3B0000008ukZUAQ,2017-03-01 16:26:20,0053B000000fTg9QAE,2017-03-01 16:26:20,0053B000000fTg9QAE,2017-03-01 16:26:20,,,c.cc_jci_hk_Catalog,,,,,
a9Y3B000000CcF8UAK,false,DefaultStore:PricingApi,USD,00D3B0000008ukZUAQ,2017-03-01 16:26:20,0053B000000fTg9QAE,2017-03-01 16:26:20,0053B000000fTg9QAE,2017-03-01 16:26:20,,,cc_hk_Pricing,,,,,
a9Y3B000000CcF9UAK,false,DefaultStore:PricingDao,USD,00D3B0000008ukZUAQ,2017-03-01 16:26:20,0053B000000fTg9QAE,2017-03-01 16:26:20,0053B000000fTg9QAE,2017-03-01 16:26:20,,,,,,,,
a9Y3B000000CcFAUA0,false,DefaultStore:PricingService,USD,00D3B0000008ukZUAQ,2017-03-01 16:26:20,0053B000000fTg9QAE,2017-03-01 16:26:20,0053B000000fTg9QAE,2017-03-01 16:26:20,,,,,,,,
a9Y3B000000CcFBUA0,false,CHStore:CatalogDao,USD,00D3B0000008ukZUAQ,2017-03-01 16:26:20,0053B000000fTg9QAE,2017-03-01 16:26:20,0053B000000fTg9QAE,2017-03-01 16:26:20,,,,,,,,
a9Y3B000000CcFCUA0,false,CHStore:CatalogService,USD,00D3B0000008ukZUAQ,2017-03-01 16:26:20,0053B000000fTg9QAE,2017-03-01 16:26:20,0053B000000fTg9QAE,2017-03-01 16:26:20,,,,,,,,
a9Y3B000000CcFDUA0,false,CHStore:PymtHKService,USD,00D3B0000008ukZUAQ,2017-03-01 16:26:20,0053B000000fTg9QAE,2017-03-01 16:26:20,0053B000000fTg9QAE,2017-03-01 16:26:20,,,,,,,,
a9Y3B000000CcGTUA0,false,CHStore:SUBSService,USD,00D3B0000008ukZUAQ,2017-03-01 16:26:20,0053B000000fTg9QAE,2017-03-01 16:26:20,0053B000000fTg9QAE,2017-03-01 16:26:20,,,,,,,,
a9Y3B000000CcGUUA0,false,CHStore:OrderHKApi,USD,00D3B0000008ukZUAQ,2017-03-01 16:26:20,0053B000000fTg9QAE,2017-03-01 16:26:20,0053B000000fTg9QAE,2017-03-01 16:26:20,,,c.cc_jci_ctrl_ERPOrderHistory,,,,,
a9Y3B000000CcGVUA0,false,CHStore:OrderHKDao,USD,00D3B0000008ukZUAQ,2017-03-01 16:26:20,0053B000000fTg9QAE,2017-03-01 16:26:20,0053B000000fTg9QAE,2017-03-01 16:26:20,,,,,,,,
a9Y3B000000CcGWUA0,false,CHStore:OrderHKService,USD,00D3B0000008ukZUAQ,2017-03-01 16:26:20,0053B000000fTg9QAE,2017-03-01 16:26:20,0053B000000fTg9QAE,2017-03-01 16:26:20,,,,,,,,
a9Y3B000000CcGXUA0,false,CHStore:DynCatApi,USD,00D3B0000008ukZUAQ,2017-03-01 16:26:20,0053B000000fTg9QAE,2017-03-01 16:26:20,0053B000000fTg9QAE,2017-03-01 16:26:20,,,cc_hk_Category,,,,,
a9Y3B000000CcGYUA0,false,IRStore:SUBSService,USD,00D3B0000008ukZUAQ,2017-03-01 16:26:20,0053B000000fTg9QAE,2017-03-01 16:26:20,0053B000000fTg9QAE,2017-03-01 16:26:20,,,,,,,,
a9Y3B000000CcGZUA0,false,IRStore:OrderHKApi,USD,00D3B0000008ukZUAQ,2017-03-01 16:26:20,0053B000000fTg9QAE,2017-03-01 16:26:20,0053B000000fTg9QAE,2017-03-01 16:26:20,,,c.cc_jci_ctrl_ERPOrderHistory,,,,,
a9Y3B000000CcGaUAK,false,IRStore:OrderHKDao,USD,00D3B0000008ukZUAQ,2017-03-01 16:26:20,0053B000000fTg9QAE,2017-03-01 16:26:20,0053B000000fTg9QAE,2017-03-01 16:26:20,,,,,,,,
a9Y3B000000CcGbUAK,false,IRStore:OrderHKService,USD,00D3B0000008ukZUAQ,2017-03-01 16:26:20,0053B000000fTg9QAE,2017-03-01 16:26:20,0053B000000fTg9QAE,2017-03-01 16:26:20,,,,,,,,
a9Y3B000000CcGcUAK,false,IRStore:DynCatApi,USD,00D3B0000008ukZUAQ,2017-03-01 16:26:20,0053B000000fTg9QAE,2017-03-01 16:26:20,0053B000000fTg9QAE,2017-03-01 16:26:20,,,cc_hk_Category,,,,,
a9Y3B000000CcGdUAK,false,IRStore:DynCatDao,USD,00D3B0000008ukZUAQ,2017-03-01 16:26:20,0053B000000fTg9QAE,2017-03-01 16:26:20,0053B000000fTg9QAE,2017-03-01 16:26:20,,,,,,,,
a9Y3B000000CcGeUAK,false,IRStore:DynCatService,USD,00D3B0000008ukZUAQ,2017-03-01 16:26:20,0053B000000fTg9QAE,2017-03-01 16:26:20,0053B000000fTg9QAE,2017-03-01 16:26:20,,,,,,,,
a9Y3B000000CcGfUAK,false,IRStore:UsrItfDao,USD,00D3B0000008ukZUAQ,2017-03-01 16:26:20,0053B000000fTg9QAE,2017-03-01 16:26:20,0053B000000fTg9QAE,2017-03-01 16:26:20,,,,,,,,
a9Y3B000000CcGgUAK,false,IRStore:UsrItfService,USD,00D3B0000008ukZUAQ,2017-03-01 16:26:20,0053B000000fTg9QAE,2017-03-01 16:26:20,0053B000000fTg9QAE,2017-03-01 16:26:20,,,,,,,,
a9Y3B000000CcGhUAK,false,DefaultStore:UsrItfService,USD,00D3B0000008ukZUAQ,2017-03-01 16:26:20,0053B000000fTg9QAE,2017-03-01 16:26:20,0053B000000fTg9QAE,2017-03-01 16:26:20,,,,,,,,
a9Y3B000000CcGiUAK,false,DefaultStore:EffAccountApi,USD,00D3B0000008ukZUAQ,2017-03-01 16:26:20,0053B000000fTg9QAE,2017-03-01 16:26:20,0053B000000fTg9QAE,2017-03-01 16:26:20,,,cc_hk_EffectiveAccount,,,,,
a9Y3B000000CcGjUAK,false,DefaultStore:EffAccountDao,USD,00D3B0000008ukZUAQ,2017-03-01 16:26:20,0053B000000fTg9QAE,2017-03-01 16:26:20,0053B000000fTg9QAE,2017-03-01 16:26:20,,,,,,,,
a9Y3B000000CcGkUAK,false,DefaultStore:EffAccountService,USD,00D3B0000008ukZUAQ,2017-03-01 16:26:20,0053B000000fTg9QAE,2017-03-01 16:26:20,0053B000000fTg9QAE,2017-03-01 16:26:20,,,,,,,,
a9Y3B000000CcGlUAK,false,DefaultStore:InvcHKApi,USD,00D3B0000008ukZUAQ,2017-03-01 16:26:20,0053B000000fTg9QAE,2017-03-01 16:26:20,0053B000000fTg9QAE,2017-03-01 16:26:20,,,cc_hk_Invoice,,,,,
a9Y3B000000CcFVUA0,false,IRStore:adjustApi,USD,00D3B0000008ukZUAQ,2017-03-01 16:26:20,0053B000000fTg9QAE,2017-03-01 16:26:20,0053B000000fTg9QAE,2017-03-01 16:26:20,,,c.cc_jci_ctrl_CartPricing,,,,,
a9Y3B000000CcFWUA0,false,IRStore:DynThemeApi,USD,00D3B0000008ukZUAQ,2017-03-01 16:26:20,0053B000000fTg9QAE,2017-03-01 16:26:20,0053B000000fTg9QAE,2017-03-01 16:26:20,,,cc_hk_DynamicTheme,,,,,
a9Y3B000000CcGpUAK,false,CHStore:adjustService,USD,00D3B0000008ukZUAQ,2017-03-01 16:26:20,0053B000000fTg9QAE,2017-03-01 16:26:20,0053B000000fTg9QAE,2017-03-01 16:26:20,,,,,,,,
a9Y3B000000CcGnUAK,false,IRStore:EffAccountService,USD,00D3B0000008ukZUAQ,2017-03-01 16:26:20,0053B000000fTg9QAE,2017-03-01 16:26:20,0053B000000fTg9QAE,2017-03-01 16:26:20,,,,,,,,
a9Y3B000000CcGoUAK,false,CHStore:InventoryApi,USD,00D3B0000008ukZUAQ,2017-03-01 16:26:20,0053B000000fTg9QAE,2017-03-01 16:26:20,0053B000000fTg9QAE,2017-03-01 16:26:20,,,cc_api_InventoryExtension,,,,,
a9Y3B000000CcIYUA0,false,RKStore:PricingDao,USD,00D3B0000008ukZUAQ,2017-03-01 16:26:22,0053B000000fTg9QAE,2017-03-01 16:26:22,0053B000000fTg9QAE,2017-03-01 16:26:22,,,,,,,,
a9Y3B000000CcIZUA0,false,RKStore:EffAccountDao,USD,00D3B0000008ukZUAQ,2017-03-01 16:26:22,0053B000000fTg9QAE,2017-03-01 16:26:22,0053B000000fTg9QAE,2017-03-01 16:26:22,,,,,,,,
a9Y3B000000CcIaUAK,false,RKStore:EffAccountService,USD,00D3B0000008ukZUAQ,2017-03-01 16:26:22,0053B000000fTg9QAE,2017-03-01 16:26:22,0053B000000fTg9QAE,2017-03-01 16:26:22,,,,,,,,
a9Y3B000000CcIbUAK,false,RKStore:InvcHKApi,USD,00D3B0000008ukZUAQ,2017-03-01 16:26:22,0053B000000fTg9QAE,2017-03-01 16:26:22,0053B000000fTg9QAE,2017-03-01 16:26:22,,,cc_hk_Invoice,,,,,
a9Y3B000000CcGqUAK,false,CHStore:TaxCalculationApi,USD,00D3B0000008ukZUAQ,2017-03-01 16:26:20,0053B000000fTg9QAE,2017-03-01 16:26:20,0053B000000fTg9QAE,2017-03-01 16:26:20,,,c.cc_jci_ctrl_TaxCalculation,,,,,
a9Y3B000000CcGrUAK,false,CHStore:DeliveryDateApi,USD,00D3B0000008ukZUAQ,2017-03-01 16:26:20,0053B000000fTg9QAE,2017-03-01 16:26:20,0053B000000fTg9QAE,2017-03-01 16:26:20,,,c.cc_jci_api_DeliveryDate,,,,,
a9Y3B000000CcGsUAK,false,CHStore:shipService,USD,00D3B0000008ukZUAQ,2017-03-01 16:26:20,0053B000000fTg9QAE,2017-03-01 16:26:20,0053B000000fTg9QAE,2017-03-01 16:26:20,,,cc_svc_ShippingAndHandlingGeneric,,,,,
a9Y3B000000CcGtUAK,false,CHStore:prodQtyRuleAPI,USD,00D3B0000008ukZUAQ,2017-03-01 16:26:20,0053B000000fTg9QAE,2017-03-01 16:26:20,0053B000000fTg9QAE,2017-03-01 16:26:20,,,cc_api_ProductQuantityRule,,,,,
a9Y3B000000CcGuUAK,false,CHStore:CartExtensionApi,USD,00D3B0000008ukZUAQ,2017-03-01 16:26:20,0053B000000fTg9QAE,2017-03-01 16:26:20,0053B000000fTg9QAE,2017-03-01 16:26:20,,,c.cc_jci_ctrl_CartValidation,,,,,
a9Y3B000000CcGvUAK,false,CHStore:shipApi,USD,00D3B0000008ukZUAQ,2017-03-01 16:26:20,0053B000000fTg9QAE,2017-03-01 16:26:20,0053B000000fTg9QAE,2017-03-01 16:26:20,,,c.cc_jci_ctrl_ShippingOptions,,,,,
a9Y3B000000CcGwUAK,false,CHStore:DynCatDao,USD,00D3B0000008ukZUAQ,2017-03-01 16:26:20,0053B000000fTg9QAE,2017-03-01 16:26:20,0053B000000fTg9QAE,2017-03-01 16:26:20,,,,,,,,
a9Y3B000000CcH1UAK,false,IRStore:SSOLoginService,USD,00D3B0000008ukZUAQ,2017-03-01 16:26:20,0053B000000fTg9QAE,2017-03-01 16:26:20,0053B000000fTg9QAE,2017-03-01 16:26:20,,,,,,,,
a9Y3B000000CcH2UAK,false,IRStore:OutOrderCancelApi,USD,00D3B0000008ukZUAQ,2017-03-01 16:26:20,0053B000000fTg9QAE,2017-03-01 16:26:20,0053B000000fTg9QAE,2017-03-01 16:26:20,,,cc_api_OutboundOrderCancel,,,,,
a9Y3B000000CcH3UAK,false,IRStore:prodQtyRuleAPI,USD,00D3B0000008ukZUAQ,2017-03-01 16:26:20,0053B000000fTg9QAE,2017-03-01 16:26:20,0053B000000fTg9QAE,2017-03-01 16:26:20,,,cc_api_ProductQuantityRule,,,,,
a9Y3B000000CcH4UAK,false,IRStore:CartExtensionApi,USD,00D3B0000008ukZUAQ,2017-03-01 16:26:20,0053B000000fTg9QAE,2017-03-01 16:26:20,0053B000000fTg9QAE,2017-03-01 16:26:20,,,c.cc_jci_ctrl_CartValidation,,,,,
a9Y3B000000CcH5UAK,false,IRStore:shipApi,USD,00D3B0000008ukZUAQ,2017-03-01 16:26:20,0053B000000fTg9QAE,2017-03-01 16:26:20,0053B000000fTg9QAE,2017-03-01 16:26:20,,,c.cc_jci_ctrl_ShippingOptions,,,,,
a9Y3B000000CcH6UAK,false,IRStore:CatalogApi,USD,00D3B0000008ukZUAQ,2017-03-01 16:26:20,0053B000000fTg9QAE,2017-03-01 16:26:20,0053B000000fTg9QAE,2017-03-01 16:26:20,,,c.cc_jci_hk_Catalog,,,,,
a9Y3B000000CcH7UAK,false,IRStore:CatalogDao,USD,00D3B0000008ukZUAQ,2017-03-01 16:26:20,0053B000000fTg9QAE,2017-03-01 16:26:20,0053B000000fTg9QAE,2017-03-01 16:26:20,,,,,,,,
a9Y3B000000CcH8UAK,false,IRStore:CatalogService,USD,00D3B0000008ukZUAQ,2017-03-01 16:26:20,0053B000000fTg9QAE,2017-03-01 16:26:20,0053B000000fTg9QAE,2017-03-01 16:26:20,,,,,,,,
a9Y3B000000CcH9UAK,false,DefaultStore:SSOLoginApi,USD,00D3B0000008ukZUAQ,2017-03-01 16:26:20,0053B000000fTg9QAE,2017-03-01 16:26:20,0053B000000fTg9QAE,2017-03-01 16:26:20,,,cc_hk_SSO,,,,,
a9Y3B000000CcHAUA0,false,DefaultStore:SSOLoginDao,USD,00D3B0000008ukZUAQ,2017-03-01 16:26:20,0053B000000fTg9QAE,2017-03-01 16:26:20,0053B000000fTg9QAE,2017-03-01 16:26:20,,,,,,,,
a9Y3B000000CcHJUA0,false,CHStore:InvcHKDao,USD,00D3B0000008ukZUAQ,2017-03-01 16:26:20,0053B000000fTg9QAE,2017-03-01 16:26:20,0053B000000fTg9QAE,2017-03-01 16:26:20,,,,,,,,
a9Y3B000000CcIlUAK,false,RKStore:OutOrderCancelService,USD,00D3B0000008ukZUAQ,2017-03-01 16:26:22,0053B000000fTg9QAE,2017-03-01 16:26:22,0053B000000fTg9QAE,2017-03-01 16:26:22,,,,,,,,
a9Y3B000000CcImUAK,false,RKStore:adjustApi,USD,00D3B0000008ukZUAQ,2017-03-01 16:26:22,0053B000000fTg9QAE,2017-03-01 16:26:22,0053B000000fTg9QAE,2017-03-01 16:26:22,,,c.cc_jci_ctrl_CartPricing,,,,,
a9Y3B000000CcInUAK,false,RKStore:DynThemeApi,USD,00D3B0000008ukZUAQ,2017-03-01 16:26:22,0053B000000fTg9QAE,2017-03-01 16:26:22,0053B000000fTg9QAE,2017-03-01 16:26:22,,,cc_hk_DynamicTheme,,,,,
a9Y3B000000CcIoUAK,false,RKStore:DynThemeDao,USD,00D3B0000008ukZUAQ,2017-03-01 16:26:22,0053B000000fTg9QAE,2017-03-01 16:26:22,0053B000000fTg9QAE,2017-03-01 16:26:22,,,,,,,,
a9Y3B000000CcIpUAK,false,RKStore:DynThemeService,USD,00D3B0000008ukZUAQ,2017-03-01 16:26:22,0053B000000fTg9QAE,2017-03-01 16:26:22,0053B000000fTg9QAE,2017-03-01 16:26:22,,,,,,,,
a9Y3B000000CcIqUAK,false,RKStore:SUBSApi,USD,00D3B0000008ukZUAQ,2017-03-01 16:26:22,0053B000000fTg9QAE,2017-03-01 16:26:22,0053B000000fTg9QAE,2017-03-01 16:26:22,,,cc_hk_Subscriptions,,,,,
a9Y3B000000CcIrUAK,false,RKStore:SUBSDao,USD,00D3B0000008ukZUAQ,2017-03-01 16:26:22,0053B000000fTg9QAE,2017-03-01 16:26:22,0053B000000fTg9QAE,2017-03-01 16:26:22,,,,,,,,
a9Y3B000000CcIsUAK,false,RKStore:SUBSService,USD,00D3B0000008ukZUAQ,2017-03-01 16:26:22,0053B000000fTg9QAE,2017-03-01 16:26:22,0053B000000fTg9QAE,2017-03-01 16:26:22,,,,,,,,
a9Y3B000000CcHKUA0,false,DefaultStore:PromotionsApi,USD,00D3B0000008ukZUAQ,2017-03-01 16:26:20,0053B000000fTg9QAE,2017-03-01 16:26:20,0053B000000fTg9QAE,2017-03-01 16:26:20,,,cc_hk_Promotion,,,,,
a9Y3B000000CcHLUA0,false,ccServiceAccount:SACC,USD,00D3B0000008ukZUAQ,2017-03-01 16:26:20,0053B000000fTg9QAE,2017-03-01 16:26:20,0053B000000fTg9QAE,2017-03-01 16:26:20,,,ccServiceAccount,,SACC,sreg,,
a9Y3B000000CcHMUA0,false,ccServiceAddress:SAD,USD,00D3B0000008ukZUAQ,2017-03-01 16:26:20,0053B000000fTg9QAE,2017-03-01 16:26:20,0053B000000fTg9QAE,2017-03-01 16:26:20,,,ccServiceAddress,,SAD,sreg,,
a9Y3B000000CcHNUA0,false,ccServiceAddressBook:SADB,USD,00D3B0000008ukZUAQ,2017-03-01 16:26:20,0053B000000fTg9QAE,2017-03-01 16:26:20,0053B000000fTg9QAE,2017-03-01 16:26:20,,,ccServiceAddressBook,,SADB,sreg,,
a9Y3B000000CcHOUA0,false,ccServiceCart:SC,USD,00D3B0000008ukZUAQ,2017-03-01 16:26:20,0053B000000fTg9QAE,2017-03-01 16:26:20,0053B000000fTg9QAE,2017-03-01 16:26:20,,,ccServiceCart,,SC,sreg,,
a9Y3B000000CcHPUA0,false,ccServiceCartItemGroup:SCG,USD,00D3B0000008ukZUAQ,2017-03-01 16:26:20,0053B000000fTg9QAE,2017-03-01 16:26:20,0053B000000fTg9QAE,2017-03-01 16:26:20,,,ccServiceCartItemGroup,,SCG,sreg,,
a9Y3B000000CcHQUA0,false,ccServiceCategory:SCT,USD,00D3B0000008ukZUAQ,2017-03-01 16:26:20,0053B000000fTg9QAE,2017-03-01 16:26:20,0053B000000fTg9QAE,2017-03-01 16:26:20,,,ccServiceCategory,,SCT,sreg,,
a9Y3B000000CcHRUA0,false,ccServiceContact:SCON,USD,00D3B0000008ukZUAQ,2017-03-01 16:26:20,0053B000000fTg9QAE,2017-03-01 16:26:20,0053B000000fTg9QAE,2017-03-01 16:26:20,,,ccServiceContact,,SCON,sreg,,
a9Y3B000000CcHSUA0,false,ccServiceCoupon:SCOUP,USD,00D3B0000008ukZUAQ,2017-03-01 16:26:20,0053B000000fTg9QAE,2017-03-01 16:26:20,0053B000000fTg9QAE,2017-03-01 16:26:20,,,ccServiceCoupon,,SCOUP,sreg,,
a9Y3B000000CcHTUA0,false,ccServiceInvoice:SINV,USD,00D3B0000008ukZUAQ,2017-03-01 16:26:20,0053B000000fTg9QAE,2017-03-01 16:26:20,0053B000000fTg9QAE,2017-03-01 16:26:20,,,ccServiceInvoice,,SINV,sreg,,
a9Y3B000000CcHUUA0,false,ccServiceMenu:SMNU,USD,00D3B0000008ukZUAQ,2017-03-01 16:26:20,0053B000000fTg9QAE,2017-03-01 16:26:20,0053B000000fTg9QAE,2017-03-01 16:26:20,,,ccServiceMenu,,SMNU,sreg,,
a9Y3B000000CcHVUA0,false,ccServiceOrder:SO,USD,00D3B0000008ukZUAQ,2017-03-01 16:26:20,0053B000000fTg9QAE,2017-03-01 16:26:20,0053B000000fTg9QAE,2017-03-01 16:26:20,,,ccServiceOrder,,SO,sreg,,
a9Y3B000000CcHWUA0,false,ccServiceProduct:SP,USD,00D3B0000008ukZUAQ,2017-03-01 16:26:20,0053B000000fTg9QAE,2017-03-01 16:26:20,0053B000000fTg9QAE,2017-03-01 16:26:20,,,ccServiceProduct,,SP,sreg,,
a9Y3B000000CcHXUA0,false,ccServicePromotion:SPRO,USD,00D3B0000008ukZUAQ,2017-03-01 16:26:20,0053B000000fTg9QAE,2017-03-01 16:26:20,0053B000000fTg9QAE,2017-03-01 16:26:20,,,ccServicePromotion,,SPRO,sreg,,
a9Y3B000000CcHfUAK,false,ccLogicCartPrice:LCPRC,USD,00D3B0000008ukZUAQ,2017-03-01 16:26:20,0053B000000fTg9QAE,2017-03-01 16:26:20,0053B000000fTg9QAE,2017-03-01 16:26:20,,,ccLogicCartPrice,,LCPRC,lreg,,
a9Y3B000000CcHgUAK,false,ccLogicCartProcessItemGroups:LCPIG,USD,00D3B0000008ukZUAQ,2017-03-01 16:26:20,0053B000000fTg9QAE,2017-03-01 16:26:20,0053B000000fTg9QAE,2017-03-01 16:26:20,,,ccLogicCartProcessItemGroups,,LCPIG,lreg,,
a9Y3B000000CcHhUAK,false,ccLogicCartRemove:LCREM,USD,00D3B0000008ukZUAQ,2017-03-01 16:26:20,0053B000000fTg9QAE,2017-03-01 16:26:20,0053B000000fTg9QAE,2017-03-01 16:26:20,,,ccLogicCartRemove,,LCREM,lreg,,
a9Y3B000000CcHiUAK,false,ccLogicStorefrontIsAccessible:LSIA,USD,00D3B0000008ukZUAQ,2017-03-01 16:26:20,0053B000000fTg9QAE,2017-03-01 16:26:20,0053B000000fTg9QAE,2017-03-01 16:26:20,,,ccLogicStorefrontIsAccessible,,LSIA,lreg,,
a9Y3B000000CcHjUAK,false,ccServiceSpec:SSPC,USD,00D3B0000008ukZUAQ,2017-03-01 16:26:20,0053B000000fTg9QAE,2017-03-01 16:26:20,0053B000000fTg9QAE,2017-03-01 16:26:20,,,ccServiceSpec,,SSPC,sreg,,
a9Y3B000000CcHkUAK,false,ccServiceStorefrontAssociation:SASC,USD,00D3B0000008ukZUAQ,2017-03-01 16:26:20,0053B000000fTg9QAE,2017-03-01 16:26:20,0053B000000fTg9QAE,2017-03-01 16:26:20,,,ccServiceStorefrontAssociation,,SASC,sreg,,
a9Y3B000000CcHlUAK,false,ccServiceSubProdTerm:SSPT,USD,00D3B0000008ukZUAQ,2017-03-01 16:26:20,0053B000000fTg9QAE,2017-03-01 16:26:20,0053B000000fTg9QAE,2017-03-01 16:26:20,,,ccServiceSubProdTerm,,SSPT,sreg,,
a9Y3B000000CcHmUAK,false,ccServiceSubscPage:SPGE,USD,00D3B0000008ukZUAQ,2017-03-01 16:26:20,0053B000000fTg9QAE,2017-03-01 16:26:20,0053B000000fTg9QAE,2017-03-01 16:26:20,,,ccServiceSubscPage,,SPGE,sreg,,
a9Y3B000000CcHnUAK,false,ccServiceSubscription:SSUB,USD,00D3B0000008ukZUAQ,2017-03-01 16:26:20,0053B000000fTg9QAE,2017-03-01 16:26:20,0053B000000fTg9QAE,2017-03-01 16:26:20,,,ccServiceSubscription,,SSUB,sreg,,
a9Y3B000000CcHoUAK,false,ccServiceTerms:STRM,USD,00D3B0000008ukZUAQ,2017-03-01 16:26:20,0053B000000fTg9QAE,2017-03-01 16:26:20,0053B000000fTg9QAE,2017-03-01 16:26:20,,,ccServiceTerms,,STRM,sreg,,
a9Y3B000000CcHxUAK,false,ccLogicI18NGetLocale:LSGL,USD,00D3B0000008ukZUAQ,2017-03-01 16:26:20,0053B000000fTg9QAE,2017-03-01 16:26:20,0053B000000fTg9QAE,2017-03-01 16:26:20,,,ccLogicI18NGetLocale,,LSGL,lreg,,
a9Y3B000000CcHyUAK,false,ccLogicI18NSetLocale:LSSL,USD,00D3B0000008ukZUAQ,2017-03-01 16:26:20,0053B000000fTg9QAE,2017-03-01 16:26:20,0053B000000fTg9QAE,2017-03-01 16:26:20,,,ccLogicI18NSetLocale,,LSSL,lreg,,
a9Y3B000000CcHzUAK,false,ccLogicOrderAuthCancel:LOACL,USD,00D3B0000008ukZUAQ,2017-03-01 16:26:20,0053B000000fTg9QAE,2017-03-01 16:26:20,0053B000000fTg9QAE,2017-03-01 16:26:20,,,ccLogicOrderAuthCancel,,LOACL,lreg,,
a9Y3B000000CcI0UAK,false,ccLogicOrderCancel:LOCL,USD,00D3B0000008ukZUAQ,2017-03-01 16:26:20,0053B000000fTg9QAE,2017-03-01 16:26:20,0053B000000fTg9QAE,2017-03-01 16:26:20,,,ccLogicOrderCancel,,LOCL,lreg,,
a9Y3B000000CcI1UAK,false,DefaultStore:PromotionsDao,USD,00D3B0000008ukZUAQ,2017-03-01 16:26:20,0053B000000fTg9QAE,2017-03-01 16:26:20,0053B000000fTg9QAE,2017-03-01 16:26:20,,,,,,,,
a9Y3B000000CcI2UAK,false,DefaultStore:PromotionsService,USD,00D3B0000008ukZUAQ,2017-03-01 16:26:20,0053B000000fTg9QAE,2017-03-01 16:26:20,0053B000000fTg9QAE,2017-03-01 16:26:20,,,,,,,,
a9Y3B000000CcI3UAK,false,ccLogicStorefrontRouteFailure:LSRF,USD,00D3B0000008ukZUAQ,2017-03-01 16:26:20,0053B000000fTg9QAE,2017-03-01 16:26:20,0053B000000fTg9QAE,2017-03-01 16:26:20,,,ccLogicStorefrontRouteFailure,,LSRF,lreg,,
